hr,name,ra_deg,dec_deg,magnitude,constellation
2491,Sirius,101.2872,-16.7161,-1.44,Canis Major
2326,Canopus,95.9879,-52.6957,-0.62,Carina
5340,Arcturus,213.9154,19.1824,-0.05,Boötes
5459,Rigil Kentaurus,219.9115,-60.8340,-0.01,Centaurus
7001,Vega,279.2346,38.7837,0.03,Lyra
1708,Capella,79.1723,45.9980,0.08,Auriga
1713,Rigel,78.6345,-8.2016,0.18,Orion
2943,Procyon,114.8255,5.2250,0.40,Canis Minor
472,Achernar,24.4283,-57.2368,0.45,Eridanus
2061,Betelgeuse,88.7929,7.4071,0.45,Orion
5267,Hadar,210.9559,-60.3730,0.61,Centaurus
7557,Altair,297.6958,8.8683,0.76,Aquila
4730,Acrux,186.6497,-63.0991,0.77,Crux
1457,Aldebaran,68.9802,16.5093,0.87,Taurus
5056,Spica,201.2982,-11.1613,0.98,Virgo
6134,Antares,247.3519,-26.4320,1.06,Scorpius
2990,Pollux,116.3292,28.0262,1.16,Gemini
8728,Fomalhaut,344.4126,-29.6222,1.17,Piscis Austrinus
4853,Mimosa,191.9304,-59.6888,1.25,Crux
7924,Deneb,310.3580,45.2803,1.25,Cygnus
5460,Toliman,219.9052,-60.8383,1.35,Centaurus
3982,Regulus,152.0930,11.9672,1.36,Leo
2618,Adhara,104.6565,-28.9721,1.50,Canis Major
2891,Castor,113.6495,31.8883,1.58,Gemini
4763,Gacrux,187.7914,-57.1132,1.59,Crux
6527,Shaula,263.4022,-37.1038,1.62,Scorpius
1790,Bellatrix,81.2828,6.3497,1.64,Orion
1791,Elnath,81.5730,28.6075,1.65,Taurus
3685,Miaplacidus,138.3006,-69.7172,1.67,Carina
1903,Alnilam,84.0534,-1.2019,1.69,Orion
8425,Alnair,332.0581,-46.9610,1.73,Grus
1948,Alnitak,85.1897,-1.9426,1.74,Orion
3207,Gam-2 Vel,122.3831,-47.3366,1.75,Vela
4905,Alioth,193.5071,55.9598,1.76,Ursa Major
1017,Mirfak,51.0807,49.8612,1.79,Perseus
6879,Kaus Australis,276.0430,-34.3846,1.79,Sagittarius
4301,Dubhe,165.9323,61.7510,1.81,Ursa Major
2693,Wezen,107.0979,-26.3932,1.83,Canis Major
5191,Alkaid,206.8853,49.3133,1.85,Ursa Major
3307,Avior,125.6285,-59.5095,1.86,Carina
6553,Sargas,264.3297,-42.9978,1.86,Scorpius
2088,Menkalinan,89.8822,44.9474,1.90,Auriga
6217,Atria,252.1662,-69.0277,1.91,Triangulum Australe
2421,Alhena,99.4279,16.3993,1.93,Gemini
3485,Alsephina,131.1759,-54.7088,1.93,Vela
7790,Peacock,306.4119,-56.7351,1.94,Pavo
424,Polaris,37.9462,89.2641,1.97,Ursa Minor
2294,Mirzam,95.6749,-17.9559,1.98,Canis Major
3748,Alphard,141.8969,-8.6586,1.99,Hydra
617,Hamal,31.7933,23.4624,2.01,Aries
4057,Algieba,154.9931,19.8415,2.01,Leo
188,Diphda,10.8973,-17.9866,2.04,Cetus
7121,Nunki,283.8163,-26.2967,2.05,Sagittarius
5288,Menkent,211.6709,-36.3700,2.06,Centaurus
15,Alpheratz,2.0969,29.0904,2.07,Andromeda
337,Mirach,17.4329,35.6206,2.07,Andromeda
2004,Saiph,86.9391,-9.6696,2.07,Orion
5563,Kochab,222.6766,74.1555,2.07,Ursa Minor
8636,Tiaki,340.6667,-46.8846,2.07,Grus
6556,Rasalhague,263.7336,12.5600,2.08,Ophiuchus
936,Algol,47.0422,40.9556,2.09,Perseus
603,Almach,30.9748,42.3297,2.10,Andromeda
4534,Denebola,177.2649,14.5721,2.14,Leo
264,Cih,14.1771,60.7167,2.15,Cassiopeia
4819,γ Cen,190.3796,-48.9599,2.20,Centaurus
3165,Naos,120.8961,-40.0031,2.21,Puppis
3699,Aspidiske,139.2726,-59.2752,2.21,Carina
5793,Alphecca,233.6719,26.7147,2.22,Corona Borealis
3634,Suhail,136.9990,-43.4326,2.23,Vela
5054,Mizar,200.9812,54.9254,2.23,Ursa Major
7796,Sadr,305.5571,40.2567,2.23,Cygnus
168,Schedar,10.1267,56.5373,2.24,Cassiopeia
6705,Eltanin,269.1516,51.4889,2.24,Draco
1852,Mintaka,83.0017,-0.2991,2.25,Orion
21,Caph,2.2933,59.1498,2.28,Cassiopeia
5132,ε Cen,204.9719,-53.4664,2.29,Centaurus
5953,Dschubba,240.0834,-22.6217,2.29,Scorpius
6241,Larawag,252.5412,-34.2932,2.29,Scorpius
5469,α Lup,220.4823,-47.3882,2.30,Lupus
5440,η Cen,218.8768,-42.1578,2.33,Centaurus
4295,Merak,165.4602,56.3824,2.34,Ursa Major
5505,Izar,221.2468,27.0742,2.35,Boötes
8308,Enif,326.0465,9.8750,2.38,Pegasus
6580,κ Sco,265.6220,-39.0300,2.39,Scorpius
99,Ankaa,6.5708,-42.3060,2.40,Phoenix
4554,Phecda,178.4575,53.6948,2.41,Ursa Major
6378,Sabik,257.5945,-15.7249,2.43,Ophiuchus
8775,Scheat,345.9435,28.0828,2.44,Pegasus
2827,Aludra,111.0238,-29.3031,2.45,Canis Major
8162,Alderamin,319.6445,62.5856,2.45,Cepheus
3734,Markeb,140.5284,-55.0107,2.47,Vela
7949,Aljanah,311.5527,33.9703,2.48,Cygnus
8781,Markab,346.1902,15.2053,2.49,Pegasus
911,Menkar,45.5699,4.0897,2.54,Cetus
6175,ζ Oph,249.2897,-10.5671,2.54,Ophiuchus
5231,ζ Cen,208.8850,-47.2884,2.55,Centaurus
4357,Zosma,168.5271,20.5237,2.56,Leo
5984,Acrab,241.3593,-19.8055,2.56,Scorpius
1865,Arneb,83.1826,-17.8223,2.58,Lepus
4621,δ Cen,182.0897,-50.7224,2.58,Centaurus
4662,Gienah,183.9516,-17.5419,2.58,Corvus
7194,Ascella,285.6530,-29.8801,2.60,Sagittarius
5685,Zubeneschamali,229.2517,-9.3829,2.61,Libra
5854,Unukalhai,236.0670,6.4256,2.63,Serpens
553,Sheratan,28.6600,20.8080,2.64,Aries
1956,Phact,84.9123,-34.0741,2.65,Columba
2095,Mahasim,89.9303,37.2126,2.65,Auriga
4786,Kraz,188.5968,-23.3968,2.65,Corvus
403,Ruchbah,21.4532,60.2353,2.66,Cassiopeia
5235,Muphrid,208.6712,18.3977,2.68,Boötes
5571,β Lup,224.6331,-43.1340,2.68,Lupus
1577,Hassaleh,74.2484,33.1661,2.69,Auriga
4216,μ Vel,161.6923,-49.4203,2.69,Vela
4798,α Mus,189.2961,-69.1356,2.69,Musca
6508,Lesath,262.6910,-37.2958,2.70,Scorpius
2773,π Pup,109.2857,-37.0975,2.71,Puppis
6859,Kaus Media,275.2485,-29.8281,2.72,Sagittarius
7525,Tarazed,296.5649,10.6133,2.72,Aquila
6056,Yed Prior,243.5864,-3.6943,2.73,Ophiuchus
6132,Athebyne,245.9979,61.5142,2.73,Draco
4199,θ Car,160.7392,-64.3945,2.74,Carina
4825,Porrima,190.4152,-1.4494,2.74,Virgo
1899,Hatysa,83.8583,-5.9099,2.75,Orion
5028,ι Cen,200.1494,-36.7123,2.75,Centaurus
5531,Zubenelgenubi,222.7197,-16.0418,2.75,Libra
6603,Cebalrai,265.8681,4.5673,2.76,Ophiuchus
1666,Cursa,76.9624,-5.0864,2.78,Eridanus
6148,Kornephoros,247.5550,21.4896,2.78,Hercules
6406,Rasalgethi,258.6619,14.3903,2.78,Hercules
4656,Imai,183.7864,-58.7489,2.79,Crux
6536,Rastaban,262.6082,52.3014,2.79,Draco
5776,γ Lup,233.7852,-41.1668,2.80,Lupus
1829,Nihal,82.0613,-20.7594,2.81,Lepus
6212,ζ Her,250.3217,31.6027,2.81,Hercules
98,β Hyi,6.4187,-77.2542,2.82,Hydrus
6165,Paikauhale,248.9706,-28.2160,2.82,Scorpius
6913,Kaus Borealis,276.9927,-25.4217,2.82,Sagittarius
39,Algenib,3.3090,15.1836,2.83,Pegasus
3185,Tureis,121.8861,-24.3043,2.83,Puppis
5897,β TrA,238.7862,-63.4307,2.83,Triangulum Australe
1203,ζ Per,58.5330,31.8836,2.84,Perseus
6461,β Ara,261.3250,-55.5299,2.84,Ara
6510,α Ara,262.9604,-49.8761,2.84,Ara
1165,Alcyone,56.8712,24.1051,2.85,Taurus
4932,Vindemiatrix,195.5442,10.9591,2.85,Virgo
8322,Deneb Algedi,326.7602,-16.1273,2.85,Capricornus
2890,Castor B,113.6524,31.8905,2.85,Gemini
591,α Hyi,29.6918,-61.5699,2.86,Hydrus
7528,Fawaris,296.2436,45.1308,2.86,Cygnus
2286,Tejat,95.7401,22.5136,2.87,Gemini
5671,γ TrA,229.7277,-68.6795,2.87,Triangulum Australe
8502,α Tuc,334.6256,-60.2596,2.87,Tucana
897,Acamar,44.5653,-40.3047,2.88,Eridanus
7264,Albaldah,287.4410,-21.0236,2.88,Sagittarius
2845,Gomeisa,111.7877,8.2893,2.89,Canis Minor
4915,Cor Caroli,194.0071,38.3184,2.89,Canes Venatici
5944,Fang,239.7130,-26.1141,2.89,Scorpius
1220,ε Per,59.4635,40.0102,2.90,Perseus
6084,Alniyat,245.2971,-25.5928,2.90,Scorpius
8232,Sadalsuud,322.8897,-5.5712,2.90,Aquarius
915,γ Per,46.1991,53.5064,2.91,Perseus
3890,υ Car,146.7755,-65.0720,2.92,Carina
8650,Matar,340.7506,30.2212,2.93,Pegasus
2553,τ Pup,102.4840,-50.6146,2.94,Puppis
4757,Algorab,187.4661,-16.5154,2.94,Corvus
8414,Sadalmelik,331.4460,-0.3199,2.95,Aquarius
1231,Zaurak,59.5074,-13.5085,2.97,Eridanus
1910,Tianguan,84.4112,21.1425,2.97,Taurus
3873,Ras Elased Australis,146.4628,23.7743,2.97,Leo
6746,Alnasl,271.4520,-30.4241,2.98,Sagittarius
5020,γ Hya,199.7304,-23.1715,2.99,Hydra
6615,Iot-1 Sco,266.8962,-40.1270,2.99,Scorpius
7235,Okab,286.3525,13.8635,2.99,Aquila
622,β Tri,32.3859,34.9873,3.00,Triangulum
4335,ψ UMa,167.4159,44.4985,3.00,Ursa Major
5735,Pherkad,230.1822,71.8340,3.00,Ursa Minor
6247,Xamidimura,252.9676,-38.0474,3.00,Scorpius
8353,Aldhanab,328.4821,-37.3649,3.00,Grus
1122,δ Per,55.7312,47.7876,3.01,Perseus
2282,Furud,95.0783,-30.0634,3.02,Canis Major
2653,Omi-2 CMa,105.7561,-23.8333,3.02,Canis Major
4630,ε Crv,182.5312,-22.6198,3.02,Corvus
1605,Almaaz,75.4922,43.8233,3.03,Auriga
4844,β Mus,191.5702,-68.1081,3.04,Musca
5435,Seginus,218.0195,38.3083,3.04,Boötes
7417,Albireo,292.6803,27.9597,3.05,Cygnus
7776,Dabih,305.2528,-14.7814,3.05,Capricornus
2473,Mebsuta,100.9830,25.1311,3.06,Gemini
4069,Tania Australis,155.5823,41.4995,3.06,Ursa Major
7310,Altais,288.1384,67.6615,3.07,Draco
6832,η Sgr,274.4069,-36.7617,3.10,Sagittarius
3547,ζ Hya,133.8485,5.9456,3.11,Hydra
4232,ν Hya,162.4062,-16.1936,3.11,Hydra
4467,λ Cen,173.9454,-63.0198,3.11,Centaurus
7869,α Ind,309.3917,-47.2915,3.11,Indus
2040,Wazn,87.7399,-35.7683,3.12,Columba
3569,Talitha,134.8024,48.0418,3.12,Ursa Major
6285,ζ Ara,254.6551,-55.9901,3.12,Ara
6410,Sarin,258.7580,24.8392,3.12,Hercules
5576,κ Cen,224.7904,-42.1042,3.13,Centaurus
3705,α Lyn,140.2639,34.3926,3.14,Lynx
3803,HR 3803,142.8056,-57.0344,3.16,Vela
6418,π Her,258.7618,36.8092,3.16,Hercules
2451,ν Pup,99.4403,-43.1959,3.17,Puppis
3775,θ UMa,143.2157,51.6773,3.17,Ursa Major
6396,Aldhibah,257.1967,65.7147,3.17,Draco
7039,φ Sgr,281.4141,-26.9908,3.17,Sagittarius
1641,Haedus,76.6287,41.2345,3.18,Auriga
5463,α Cir,220.6274,-64.9751,3.18,Circinus
1543,Tabit,72.4600,6.9613,3.19,Orion
1654,ε Lep,76.3653,-22.3710,3.19,Lepus
6299,κ Oph,254.4171,9.3750,3.19,Ophiuchus
6630,Fuyue,267.4645,-37.0433,3.19,Scorpius
8115,ζ Cyg,318.2341,30.2269,3.21,Cygnus
8974,Errai,354.8373,77.6323,3.21,Cepheus
5695,δ Lup,230.3430,-40.6475,3.22,Lupus
6075,Yed Posterior,244.5804,-4.6925,3.23,Ophiuchus
6869,η Ser,275.3275,-2.8988,3.23,Serpens
8238,Alfirk,322.1649,70.5607,3.23,Cepheus
2550,α Pic,102.0479,-61.9414,3.24,Pictor
7710,θ Aql,302.8262,-0.8215,3.24,Aquila
2878,σ Pup,112.3077,-43.3014,3.25,Puppis
5287,π Hya,211.5929,-26.6824,3.25,Hydra
5603,Brachium,226.0176,-25.2820,3.25,Libra
7178,Sulafat,284.7359,32.6896,3.25,Lyra
1208,γ Hyi,56.8094,-74.2390,3.26,Hydrus
165,δ And,9.8319,30.8610,3.27,Andromeda
6453,θ Oph,260.5024,-24.9995,3.27,Ophiuchus
8709,Skat,343.6626,-15.8208,3.27,Aquarius
1702,μ Lep,78.2329,-16.2055,3.29,Lepus
4037,ω Car,153.4344,-70.0379,3.29,Carina
5744,Edasich,231.2324,58.9661,3.29,Draco
1465,α Dor,68.4990,-55.0450,3.30,Dorado
4140,HR 4140,158.0061,-61.6853,3.30,Carina
2216,Propus,93.7194,22.5068,3.31,Gemini
6462,γ Ara,261.3486,-56.3777,3.31,Ara
322,β Phe,16.5211,-46.7184,3.32,Phoenix
921,ρ Per,46.2940,38.8403,3.32,Perseus
4660,Megrez,183.8563,57.0326,3.32,Ursa Major
6380,η Sco,258.0383,-43.2392,3.32,Scorpius
6698,ν Oph,269.7566,-9.7736,3.32,Ophiuchus
7234,τ Sgr,286.7351,-27.6704,3.32,Sagittarius
1336,α Ret,63.6061,-62.4739,3.33,Reticulum
4359,Chertan,168.5600,15.4296,3.33,Leo
3045,Azmidi,117.3236,-24.8598,3.34,Puppis
542,Segin,28.5988,63.6701,3.35,Cassiopeia
1788,η Ori,81.1192,-2.3971,3.35,Orion
2484,Alzirr,101.3224,12.8956,3.35,Gemini
3323,Muscida,127.5665,60.7182,3.35,Ursa Major
7377,δ Aql,291.3746,3.1148,3.36,Aquila
5708,ε Lup,230.6703,-44.6896,3.37,Lupus
3482,Ashlesha,131.6938,6.4188,3.38,Hydra
5107,Heze,203.6733,-0.5958,3.38,Virgo
1879,Meissa,83.7845,9.9342,3.39,Orion
4050,HR 4050,154.2708,-61.3323,3.39,Carina
4910,Minelauva,193.9009,3.3975,3.39,Virgo
8465,ζ Cep,332.7136,58.2013,3.39,Cepheus
1412,Chamukuy,67.1656,15.8709,3.40,Taurus
429,γ Phe,22.0914,-43.3182,3.41,Phoenix
1239,λ Tau,60.1701,12.4903,3.41,Taurus
5190,ν Cen,207.3762,-41.6877,3.41,Centaurus
5649,ζ Lup,228.0714,-52.0992,3.41,Lupus
7957,η Cep,311.3222,61.8388,3.41,Cepheus
8634,Homam,340.3655,10.8314,3.41,Pegasus
544,Mothallah,28.2704,29.5788,3.42,Triangulum
5948,η Lup,240.0305,-38.3967,3.42,Lupus
6623,μ Her,266.6148,27.7207,3.42,Hercules
7913,β Pav,311.2397,-66.2032,3.42,Pavo
3659,HR 3659,137.7421,-58.9669,3.43,Carina
4031,Adhafera,154.1726,23.4173,3.43,Leo
7236,λ Aql,286.5623,-4.8826,3.43,Aquila
4033,Tania Borealis,154.2743,42.9144,3.45,Ursa Major
219,Achird,12.2739,57.8152,3.46,Cassiopeia
334,η Cet,17.1475,-10.1823,3.46,Cetus
3117,χ Car,119.1947,-52.9824,3.46,Carina
5681,δ Boo,228.8756,33.3148,3.46,Boötes
804,Kaffaljidhma,40.8252,3.2358,3.47,Cetus
5193,μ Cen,207.4041,-42.4737,3.47,Centaurus
3975,η Leo,151.8331,16.7627,3.48,Leo
6220,η Her,250.7240,38.9223,3.48,Hercules
509,τ Cet,26.0172,-15.9375,3.49,Cetus
2646,Nganurganity,105.4298,-27.9348,3.49,Canis Major
4377,Alula Borealis,169.6197,33.0943,3.49,Ursa Major
5602,Nekkar,225.4865,40.3906,3.49,Boötes
6897,α Tel,276.7434,-45.9685,3.49,Telescopium
8675,ε Gru,342.1386,-51.3169,3.49,Grus
2538,κ CMa,102.4602,-32.5085,3.50,Canis Major
2777,Wasat,110.0307,21.9823,3.50,Gemini
8694,ι Cep,342.4203,66.2004,3.50,Cepheus
7635,γ Sge,299.6893,19.4921,3.51,Sagitta
8684,Sadalbari,342.5008,24.6016,3.51,Pegasus
1136,Rana,55.8121,-9.7634,3.52,Eridanus
3852,Subra,145.2876,9.8923,3.52,Leo
3940,φ Vel,149.2156,-54.5678,3.52,Vela
7106,Sheliak,282.5200,33.3627,3.52,Lyra
7150,Xi-2 Sgr,284.4325,-21.1067,3.52,Sagittarius
8450,Biham,332.5499,6.1979,3.52,Pegasus
4826,γ Vir,190.4126,-1.4492,3.52,Virgo
1409,Ain,67.1541,19.1804,3.53,Taurus
3249,Tarf,124.1288,9.1855,3.53,Cancer
4450,ξ Hya,173.2506,-31.8576,3.54,Hydra
5881,μ Ser,237.4050,-3.4302,3.54,Serpens
6561,ξ Ser,264.3967,-15.3986,3.54,Serpens
1347,Ups-4 Eri,64.4736,-33.7983,3.55,Eridanus
1998,ζ Lep,86.7389,-14.8219,3.55,Lepus
5354,ι Lup,214.8509,-46.0581,3.55,Lupus
6927,χ Dra,275.2610,72.7328,3.55,Draco
7665,δ Pav,302.1774,-66.1821,3.55,Pavo
74,ι Cet,4.8570,-8.8239,3.56,Cetus
674,φ Eri,34.1273,-51.5122,3.56,Eridanus
4382,δ Crt,169.8352,-14.7785,3.56,Crater
6252,Pipirima,253.0839,-38.0175,3.56,Scorpius
2985,κ Gem,116.1119,24.3980,3.57,Gemini
3594,Alkaphrah,135.9064,47.1565,3.57,Ursa Major
5429,ρ Boo,217.9575,30.3714,3.57,Boötes
5705,Phi-1 Lup,230.4516,-36.2614,3.57,Lupus
2763,λ Gem,109.5232,16.5404,3.58,Gemini
7754,Algedi,304.5136,-12.5449,3.58,Capricornus
464,Nembus,24.4981,48.6282,3.59,Andromeda
1735,τ Ori,79.4016,-6.8444,3.59,Orion
1983,γ Lep,86.1159,-22.4484,3.59,Lepus
4540,Zavijava,177.6738,1.7647,3.59,Virgo
4700,Ginan,185.3405,-60.4011,3.59,Crux
402,θ Cet,21.0058,-8.1833,3.60,Cetus
2540,θ Gem,103.1972,33.9613,3.60,Gemini
3447,ο Vel,130.0733,-52.9219,3.60,Vela
3786,ψ Vel,142.6751,-40.4668,3.60,Vela
5794,υ Lib,234.2560,-28.1351,3.60,Libra
6500,δ Ara,262.7748,-60.6838,3.60,Ara
838,Bharani,42.4959,27.2605,3.61,Aries
1030,ο Tau,51.2033,9.0289,3.61,Taurus
3994,λ Hya,152.6470,-12.3541,3.61,Hydra
4923,δ Mus,195.5664,-71.5489,3.61,Musca
6582,η Pav,266.4333,-64.7239,3.61,Pavo
437,Alpherg,22.8709,15.3458,3.62,Pisces
1178,Atlas,57.2906,24.0534,3.62,Taurus
3017,HR 3017,116.3137,-37.9686,3.62,Puppis
6271,Zet-2 Sco,253.6460,-42.3613,3.62,Scorpius
8762,ο And,345.4803,42.3260,3.62,Andromeda
4520,λ Mus,176.4021,-66.7288,3.63,Musca
7882,Rotanev,309.3872,14.5951,3.64,Delphinus
1346,Prima Hyadum,64.9483,15.6276,3.65,Taurus
3757,23 UMa,142.8818,63.0619,3.65,Ursa Major
5867,β Ser,236.5469,15.4218,3.65,Serpens
6743,θ Ara,271.6578,-50.0915,3.65,Ara
8558,Zet-1 Aqr,337.2080,-0.0200,3.65,Aquarius
5747,Nusakan,231.9573,29.1057,3.66,Corona Borealis
5812,τ Lib,234.6641,-29.7778,3.66,Libra
5291,Thuban,211.0975,64.3758,3.67,Draco
7986,β Ind,313.7025,-58.4542,3.67,Indus
1552,Pi-4 Ori,72.8015,5.6051,3.68,Orion
3468,α Pyx,130.8981,-33.1864,3.68,Pyxis
7536,δ Sge,296.8469,18.5343,3.68,Sagitta
8812,88 Aqr,347.3616,-21.1724,3.68,Aquarius
153,Fulu,9.2428,53.8969,3.69,Cassiopeia
566,χ Eri,28.9885,-51.6089,3.69,Eridanus
1612,Saclateni,75.6195,41.0758,3.69,Auriga
3884,HR 3884,146.3118,-62.5079,3.69,Carina
4518,Taiyangshou,176.5127,47.7794,3.69,Ursa Major
8278,Nashira,325.0227,-16.6623,3.69,Capricornus
1003,Tau-4 Eri,49.8792,-21.7579,3.70,Eridanus
6703,ξ Her,269.4412,29.2479,3.70,Hercules
8852,γ Psc,349.2914,3.2823,3.70,Pisces
1567,Pi-5 Ori,73.5629,2.4407,3.71,Orion
2085,η Lep,89.1012,-14.1677,3.71,Lepus
3080,HR 3080,118.0543,-40.5758,3.71,Puppis
5892,ε Ser,237.7040,4.4777,3.71,Serpens
6771,72 Oph,271.8374,9.5638,3.71,Ophiuchus
7602,Alshain,298.8283,6.4068,3.71,Aquila
1084,Ran,53.2327,-9.4583,3.72,Eridanus
1142,Electra,56.2189,24.1133,3.72,Taurus
2077,δ Aur,89.8817,54.2847,3.72,Auriga
8079,ξ Cyg,316.2328,43.9279,3.72,Cygnus
1038,ξ Tau,51.7923,9.7327,3.73,Taurus
5511,109 Vir,221.5622,1.8929,3.73,Virgo
6688,Grumium,268.3820,56.8726,3.73,Draco
8254,ν Oct,325.3688,-77.3900,3.73,Octans
8698,λ Aqr,343.1536,-7.5796,3.73,Aquarius
539,Baten Kaitos,27.8651,-10.3350,3.74,Cetus
6095,γ Her,245.4801,19.1531,3.74,Hercules
8130,τ Cyg,318.6978,38.0453,3.74,Cygnus
3614,HR 3614,136.0387,-47.0977,3.75,Vela
6629,γ Oph,266.9732,2.7073,3.75,Ophiuchus
1922,β Dor,83.4063,-62.4898,3.76,Dorado
2035,δ Lep,87.8304,-20.8791,3.76,Lepus
2356,β Mon,97.2045,-7.0331,3.76,Monoceros
7217,ο Sgr,286.1707,-21.7415,3.76,Sagittarius
7420,Iot-2 Cyg,292.4265,51.7298,3.76,Cygnus
8585,α Lac,337.8227,50.2825,3.76,Lacerta
834,Miram,42.6742,55.8955,3.77,Perseus
1135,ν Per,56.2985,42.5785,3.77,Perseus
1373,Secunda Hyadum,65.7337,17.5425,3.77,Taurus
1931,σ Ori,84.6865,-2.6001,3.77,Orion
3347,β Vol,126.4343,-66.1369,3.77,Volans
3445,HR 3445,130.1565,-46.6487,3.77,Vela
6229,η Ara,252.4464,-59.0414,3.77,Ara
7906,Sualocin,309.9095,15.9121,3.77,Delphinus
8204,ζ Cap,321.6668,-22.4113,3.77,Capricornus
8430,ι Peg,331.7527,25.3451,3.77,Pegasus
2736,Gam-2 Vol,107.1868,-70.4989,3.78,Volans
2821,ι Gem,111.4317,27.7981,3.78,Gemini
3888,υ UMa,147.7480,59.0387,3.78,Ursa Major
4257,HR 4257,163.3734,-58.8532,3.78,Carina
5477,ζ Boo,220.2873,13.7283,3.78,Boötes
7950,Albali,311.9190,-9.4958,3.78,Aquarius
941,Misam,47.3739,44.8575,3.79,Perseus
4247,Praecipua,163.3279,34.2149,3.79,Leo Minor
963,Dalim,48.0187,-28.9876,3.80,Fornax
2948,HR 2948,114.7078,-26.8038,3.80,Puppis
5788,δ Ser,233.7006,10.5389,3.80,Serpens
7328,κ Cyg,289.2756,53.3685,3.80,Cygnus
7735,31 Cyg,303.4079,46.7413,3.80,Cygnus
1464,Theemin,68.8877,-30.5623,3.81,Eridanus
4114,HR 4114,156.9697,-58.7394,3.81,Carina
5849,γ CrB,235.6857,26.2956,3.81,Corona Borealis
8961,λ And,354.3908,46.4582,3.81,Andromeda
595,Alrescha,30.5118,2.7638,3.82,Pisces
3690,38 Lyn,139.7110,36.8026,3.82,Lynx
4434,Giausar,172.8511,69.3311,3.82,Draco
6149,Marfik,247.7284,1.9839,3.82,Ophiuchus
6588,ι Her,264.8662,46.0063,3.82,Hercules
4094,μ Hya,156.5226,-16.8363,3.83,Hydra
5248,φ Cen,209.5678,-42.1008,3.83,Centaurus
5470,α Aps,221.9655,-79.0448,3.83,Apus
1175,β Ret,56.0489,-64.8069,3.84,Reticulum
1131,Atik,56.0797,32.2882,3.84,Perseus
1411,The-1 Tau,67.1437,15.9622,3.84,Taurus
3571,HR 3571,133.7619,-60.6446,3.84,Carina
4133,ρ Leo,158.2028,9.3066,3.84,Leo
4167,HR 4167,159.3258,-48.2256,3.84,Vela
4773,γ Mus,188.1170,-72.1330,3.84,Musca
6779,ο Her,271.8856,28.7625,3.84,Hercules
6812,Polis,273.4409,-21.0588,3.84,Sagittarius
7582,ε Dra,297.0428,70.2679,3.84,Draco
1326,α Hor,63.5004,-42.2944,3.85,Horologium
2020,β Pic,86.8212,-51.0665,3.85,Pictor
2296,δ Col,95.5285,-33.4364,3.85,Columba
4023,HR 4023,153.6841,-42.1219,3.85,Vela
4787,κ Dra,188.3709,69.7882,3.85,Draco
4802,τ Cen,189.4259,-48.5413,3.85,Centaurus
5933,γ Ser,239.1132,15.6616,3.85,Serpens
6895,109 Her,275.9245,21.7698,3.85,Hercules
6973,α Sct,278.8018,-8.2441,3.85,Scutum
269,μ And,14.1883,38.4993,3.86,Andromeda
1481,Sceptrum,69.5451,-14.3040,3.86,Eridanus
1862,ε Col,82.8031,-35.4705,3.86,Columba
6030,δ TrA,243.8595,-63.6857,3.86,Triangulum Australe
6102,γ Aps,248.3641,-78.8971,3.86,Apus
6695,θ Her,269.0633,37.2505,3.86,Hercules
8518,Sadachbia,335.4141,-1.3873,3.86,Aquarius
1149,Maia,56.4567,24.3677,3.87,Taurus
3487,HR 3487,131.5069,-46.0415,3.87,Vela
5249,Ups-1 Cen,209.6698,-44.8036,3.87,Centaurus
5487,μ Vir,220.7651,-5.6582,3.87,Virgo
5928,Iklil,239.2212,-29.2141,3.87,Scorpius
7570,η Aql,298.1182,1.0057,3.87,Aquila
25,ε Phe,2.3525,-45.7474,3.88,Phoenix
546,Mesarthim,28.3825,19.2939,3.88,Aries
3905,Rasalas,148.1910,26.0070,3.88,Leo
5646,Kap-1 Lup,227.9838,-48.7378,3.88,Lupus
8820,ι Gru,347.5896,-45.2467,3.88,Grus
874,Azha,44.1069,-8.8981,3.89,Eridanus
2580,Omi-1 CMa,103.5331,-24.1842,3.89,Canis Major
3665,θ Hya,138.5911,2.3143,3.89,Hydra
4689,Zaniah,184.9765,-0.6668,3.89,Virgo
7615,η Cyg,299.0766,35.0834,3.89,Cygnus
3845,Ukdah,144.9640,-1.1428,3.90,Hydra
4390,π Cen,170.2518,-54.4910,3.90,Centaurus
5089,HR 5089,202.7611,-39.4073,3.90,Centaurus
1251,ν Tau,60.7891,5.9893,3.91,Taurus
3314,HR 3314,126.4151,-3.9064,3.91,Hydra
4743,σ Cen,187.0100,-50.2306,3.91,Centaurus
5605,π Lup,226.2795,-47.0512,3.91,Lupus
5787,Zubenelhakrabi,233.8816,-14.7895,3.91,Libra
6092,τ Her,244.9352,46.3134,3.91,Hercules
6324,ε Her,255.0724,30.9264,3.92,Hercules
7340,Rho-1 Sgr,290.4182,-17.8472,3.92,Sagittarius
8131,Kitalpha,318.9560,5.2478,3.92,Equuleus
100,κ Phe,6.5507,-43.6798,3.93,Phoenix
440,δ Phe,22.8128,-49.0727,3.93,Phoenix
854,τ Per,43.5644,52.7625,3.93,Perseus
1463,ν Eri,69.0798,-3.3525,3.93,Eridanus
3024,ζ Vol,115.4551,-72.6061,3.93,Volans
4337,HR 4337,167.1475,-58.9750,3.93,Carina
5993,Ome-1 Sco,241.7018,-20.6692,3.93,Scorpius
6714,67 Oph,270.1613,2.9316,3.93,Ophiuchus
338,Wurren,17.0961,-55.2458,3.94,Phoenix
2970,α Mon,115.3118,-9.5511,3.94,Monoceros
2996,3 Pup,115.9519,-28.9548,3.94,Puppis
3461,Asellus Australis,131.1712,18.1543,3.94,Cancer
8028,ν Cyg,314.2934,41.1671,3.94,Cygnus
580,50 Cas,30.8590,72.4213,3.95,Cassiopeia
2429,Nu-2 CMa,99.1710,-19.2559,3.95,Canis Major
5055,ζ UMa,200.9849,54.9205,3.95,Ursa Major
1273,48 Per,62.1654,47.7125,3.96,Perseus
2120,η Col,89.7867,-42.8151,3.96,Columba
3579,HR 3579,135.1603,41.7829,3.96,Lynx
3663,HR 3663,137.8198,-62.3170,3.96,Carina
7337,Arkab Prior,290.6595,-44.4590,3.96,Sagittarius
7348,Rukbat,290.9715,-40.6159,3.96,Sagittarius
7751,32 Cyg,303.8680,47.7142,3.96,Cygnus
8892,98 Aqr,350.7426,-20.1006,3.96,Aquarius
1393,Beemim,66.0092,-34.0168,3.97,Eridanus
2012,ν Aur,87.8725,39.1485,3.97,Auriga
2803,δ Vol,109.2076,-67.9572,3.97,Volans
3438,β Pyx,130.0256,-35.3084,3.97,Pyxis
4638,ρ Cen,182.9130,-52.3685,3.97,Centaurus
5883,χ Lup,237.7397,-33.6272,3.97,Lupus
7590,ε Pav,300.1477,-72.9105,3.97,Pavo
8556,Del-1 Gru,337.3174,-43.4956,3.97,Grus
8667,λ Peg,341.6328,23.5657,3.97,Pegasus
1228,Menkib,59.7412,35.7910,3.98,Perseus
8252,ρ Cyg,323.4952,45.5918,3.98,Cygnus
585,υ Cet,30.0013,-21.0778,3.99,Cetus
2227,γ Mon,93.7139,-6.2748,3.99,Monoceros
4102,HR 4102,156.0989,-74.0316,3.99,Carina
5062,Alcor,201.3062,54.9880,3.99,Ursa Major
8848,γ Tuc,349.3575,-58.2357,3.99,Tucana
3615,α Vol,135.6117,-66.3961,4.00,Volans
4399,ι Leo,170.9810,10.5295,4.00,Leo
6027,Jabbah,242.9989,-19.4607,4.00,Scorpius
496,φ Per,25.9151,50.6887,4.01,Perseus
1520,μ Eri,71.3756,-3.2547,4.01,Eridanus
2650,Mekbuda,106.0272,20.5703,4.01,Gemini
2749,ω CMa,108.7027,-26.7727,4.01,Canis Major
5471,HR 5471,220.4900,-37.7935,4.01,Centaurus
5986,θ Dra,240.4730,58.5653,4.01,Draco
6072,Gam-2 Nor,244.9603,-50.1555,4.01,Norma
6982,ζ Pav,280.7589,-71.4281,4.01,Pavo
7834,41 Cyg,307.3489,30.3686,4.01,Cygnus
3518,γ Pyx,132.6331,-27.7098,4.02,Pyxis
4623,Alchiba,182.1034,-24.7289,4.02,Corvus
7176,ε Aql,284.9057,15.0683,4.02,Aquila
7193,12 Aql,285.4201,-5.7391,4.02,Aquila
664,γ Tri,34.3286,33.8472,4.03,Triangulum
1603,β Cam,75.8545,60.4422,4.03,Camelopardalis
3475,ι Cnc,131.6743,28.7599,4.03,Cancer
4898,Mu-1 Cru,193.6485,-57.1779,4.03,Crux
6752,70 Oph,271.3637,2.5001,4.03,Ophiuchus
7852,Aldulfin,308.3032,11.3033,4.03,Delphinus
9072,ω Psc,359.8279,6.8633,4.03,Pisces
1298,Beid,62.9664,-6.8376,4.04,Eridanus
4517,ν Vir,176.4648,6.5294,4.04,Virgo
5404,θ Boo,216.2995,51.8507,4.04,Boötes
8597,η Aqr,338.8391,-0.1175,4.04,Aquarius
937,ι Per,47.2651,49.6133,4.05,Perseus
3318,α Cha,124.6305,-76.9197,4.05,Chamaeleon
3477,HR 3477,131.0998,-42.6493,4.05,Vela
4386,σ Leo,170.2841,6.0293,4.05,Leo
5200,υ Boo,207.3693,15.7979,4.05,Boötes
5367,ψ Cen,215.1393,-37.8853,4.05,Centaurus
5453,ρ Lup,219.4718,-49.4258,4.05,Lupus
8679,Tau-2 Aqr,342.3979,-13.5926,4.05,Aquarius
1580,Omi-2 Ori,74.0928,13.5145,4.06,Orion
2905,υ Gem,113.9806,26.8957,4.06,Gemini
4405,γ Crt,171.2205,-17.6840,4.06,Crater
4671,ε Mus,184.3938,-67.9607,4.06,Musca
4679,ζ Cru,184.6095,-64.0031,4.06,Crux
5485,HR 5485,220.9144,-35.1737,4.06,Centaurus
6295,Eps-1 Ara,254.8960,-53.1604,4.06,Ara
5338,Syrma,214.0036,-6.0005,4.07,Virgo
5626,λ Lup,227.2109,-45.2799,4.07,Lupus
5670,β Cir,229.3788,-58.8012,4.07,Circinus
8571,δ Cep,337.2927,58.4152,4.07,Cepheus
215,ζ And,11.8347,24.2672,4.08,Andromeda
705,δ Hyi,35.4375,-68.6594,4.08,Hydrus
779,δ Cet,39.8707,0.3285,4.08,Cetus
919,Tau-3 Eri,45.5979,-23.6245,4.08,Eridanus
2574,θ CMa,103.5475,-12.0386,4.08,Canis Major
3825,HR 3825,143.6111,-59.2298,4.08,Carina
4287,Alkes,164.9437,-18.2988,4.08,Crater
7157,13 Lyr,283.8337,43.9461,4.08,Lyra
8075,θ Cap,316.4868,-17.2329,4.08,Capricornus
8173,1 Peg,320.5217,19.8045,4.08,Pegasus
1907,Phi-2 Ori,84.2266,9.2907,4.09,Orion
5879,Gudja,237.1849,18.1416,4.09,Serpens
458,Titawin,24.1995,41.4055,4.10,Andromeda
799,θ Per,41.0495,49.2284,4.10,Perseus
3055,HR 3055,117.3096,-46.3732,4.10,Puppis
6905,ζ Tel,277.2076,-49.0706,4.10,Telescopium
7259,β CrA,287.5073,-39.3408,4.10,Corona Australis
794,ι Eri,40.1667,-39.8554,4.11,Eridanus
2657,Muliphein,105.9396,-15.6333,4.11,Canis Major
3426,HR 3426,129.4110,-42.9891,4.11,Vela
3903,Zhang,147.8696,-14.8466,4.11,Hydra
4174,γ Cha,158.8675,-78.6078,4.11,Chamaeleon
4522,HR 4522,176.6285,-61.1784,4.11,Centaurus
5771,ε TrA,234.1800,-66.3170,4.11,Triangulum Australe
7254,Meridiana,287.3680,-37.9045,4.11,Corona Australis
8747,ζ Gru,345.2202,-52.7541,4.11,Grus
806,ε Hyi,39.8970,-68.2669,4.12,Hydrus
1303,μ Per,63.7244,48.4093,4.12,Perseus
2124,μ Ori,90.5958,9.6473,4.12,Orion
4608,ο Vir,181.3023,8.7330,4.12,Virgo
7581,ι Sgr,298.8154,-41.8683,4.12,Sagittarius
7980,ω Cap,312.9554,-26.9191,4.12,Capricornus
8560,Del-2 Gru,337.4393,-43.7492,4.12,Grus
1784,29 Ori,80.9868,-7.8081,4.13,Orion
2343,ν Gem,97.2408,20.2121,4.13,Gemini
5908,θ Lib,238.4564,-16.7293,4.13,Libra
7936,ψ Cap,311.5239,-25.2709,4.13,Capricornus
8630,β Oct,341.5154,-81.3816,4.13,Octans
8969,ι Psc,354.9877,5.6263,4.13,Pisces
1066,5 Tau,52.7182,12.9367,4.14,Taurus
1156,Merope,56.5816,23.9484,4.14,Taurus
3410,δ Hya,129.4140,5.7038,4.14,Hydra
4616,η Cru,181.7203,-64.6137,4.14,Crux
5778,θ CrB,233.2324,31.3591,4.14,Corona Borealis
5947,ε CrB,239.3969,26.8779,4.14,Corona Borealis
8315,κ Peg,326.1614,25.6450,4.14,Pegasus
8498,1 Lac,333.9924,37.7487,4.14,Lacerta
2714,δ Mon,107.9661,-0.4928,4.15,Monoceros
6484,ρ Her,260.9206,37.1459,4.15,Hercules
8976,κ And,355.1020,44.3339,4.15,Andromeda
2134,1 Gem,91.0301,23.2633,4.16,Gemini
2852,ρ Gem,112.2779,31.7845,4.16,Gemini
6486,44 Oph,261.5926,-24.1753,4.16,Ophiuchus
130,κ Cas,8.2500,62.9318,4.17,Cassiopeia
1195,HR 1195,57.3636,-36.2002,4.17,Eridanus
8499,Ancha,334.2085,-7.7833,4.17,Aquarius
5315,Kang,213.2239,-10.2737,4.18,Virgo
5351,Xuange,214.0961,46.0883,4.18,Boötes
6166,HR 6166,249.0936,-35.2553,4.18,Scorpius
8494,ε Cep,333.7582,57.0436,4.18,Cepheus
8628,ε PsA,340.1639,-27.0436,4.18,Piscis Austrinus
5192,2 Cen,207.3614,-34.4508,4.19,Centaurus
7061,110 Her,281.4155,20.5463,4.19,Hercules
1839,32 Ori,82.6960,5.9481,4.20,Orion
3102,11 Pup,119.2148,-22.8801,4.20,Puppis
4100,β LMi,156.9709,36.7072,4.20,Leo Minor
6168,σ Her,248.5258,42.4370,4.20,Hercules
8665,ξ Peg,341.6732,12.1729,4.20,Pegasus
8720,δ PsA,343.9871,-32.5396,4.20,Piscis Austrinus
1035,HR 1035,52.2672,59.9403,4.21,Camelopardalis
1387,Kap-1 Tau,66.3423,22.2939,4.21,Taurus
6322,ε UMi,251.4924,82.0373,4.21,Ursa Minor
7850,θ Cep,307.3952,62.9941,4.21,Cepheus
8181,γ Pav,321.6106,-65.3662,4.21,Pavo
840,16 Per,42.6459,38.3186,4.22,Perseus
1173,Tau-6 Eri,56.7121,-23.2497,4.22,Eridanus
3090,HR 3090,118.3257,-48.1029,4.22,Puppis
5987,θ Lup,241.6481,-36.8023,4.22,Lupus
6118,χ Oph,246.7560,-18.4563,4.22,Ophiuchus
6920,φ Dra,275.1893,71.3378,4.22,Draco
7063,β Sct,281.7936,-4.7479,4.22,Scutum
7074,λ Pav,283.0543,-62.1876,4.22,Pavo
7139,Del-2 Lyr,283.6262,36.8986,4.22,Lyra
7942,52 Cyg,311.4156,30.7197,4.22,Cygnus
8143,σ Cyg,319.3540,39.3947,4.22,Cygnus
8834,φ Aqr,348.5807,-6.0490,4.22,Aquarius
77,ζ Tuc,5.0121,-64.8748,4.23,Tucana
2973,σ Gem,115.8280,28.8835,4.23,Gemini
4983,β Com,197.9686,27.8782,4.23,Coma Berenices
5168,1 Cen,206.4221,-33.0437,4.23,Centaurus
5264,τ Vir,210.4116,1.5445,4.23,Virgo
6023,φ Her,242.1924,44.9349,4.23,Hercules
6163,β Aps,250.7719,-77.5174,4.23,Apus
7226,γ CrA,286.6046,-37.0634,4.23,Corona Australis
8316,μ Cep,325.8769,58.7800,4.23,Cepheus
8335,Pi-2 Cyg,326.6984,49.3096,4.23,Cygnus
285,HR 285,17.1842,86.2571,4.24,Cepheus
721,κ Eri,36.7463,-47.7038,4.24,Eridanus
811,π Cet,41.0306,-13.8587,4.24,Cetus
4674,β Cha,184.5872,-79.3122,4.24,Chamaeleon
4785,Chara,188.4362,41.3575,4.24,Canes Venatici
6143,HR 6143,247.8456,-34.7044,4.24,Scorpius
6581,ο Ser,265.3536,-12.8753,4.24,Serpens
8841,Psi-1 Aqr,348.9729,-9.0877,4.24,Aquarius
377,κ Tuc,18.9406,-68.8759,4.25,Tucana
1261,λ Per,61.6460,50.3513,4.25,Perseus
1458,88 Tau,68.9136,10.1608,4.25,Taurus
1454,58 Per,69.1726,41.2648,4.25,Perseus
1679,λ Eri,77.2866,-8.7541,4.25,Eridanus
3275,Alsciaukat,125.7088,43.1881,4.25,Lynx
4889,HR 4889,193.3591,-40.1789,4.25,Centaurus
5430,5 UMi,216.8814,75.6960,4.25,Ursa Minor
8334,ν Cep,326.3622,61.1208,4.25,Cepheus
335,φ And,17.3755,47.2418,4.26,Andromeda
510,Torcular,26.3485,9.1577,4.26,Pisces
1008,82 G. Eri,49.9792,-43.0698,4.26,Eridanus
1088,Tau-5 Eri,53.4470,-21.6329,4.26,Eridanus
1338,γ Dor,64.0065,-51.4866,4.26,Dorado
1542,α Cam,73.5125,66.3427,4.26,Camelopardalis
3572,Acubens,134.6218,11.8577,4.26,Cancer
6546,HR 6546,264.1368,-38.6353,4.26,Scorpius
6729,95 Her,270.3767,21.5958,4.26,Hercules
8417,Kurhah,330.9470,64.6280,4.26,Cepheus
294,ε Psc,15.7359,7.8901,4.27,Pisces
813,μ Cet,41.2356,10.1141,4.27,Cetus
1320,μ Tau,63.8836,8.8924,4.27,Taurus
1473,90 Tau,69.5394,12.5108,4.27,Taurus
1497,τ Tau,70.5613,22.9569,4.27,Taurus
4942,Xi-2 Cen,196.7277,-49.9062,4.27,Centaurus
5683,μ Lup,229.6335,-47.8753,4.27,Lupus
7343,Arkab Posterior,290.8046,-44.7998,4.27,Sagittarius
7948,Gam-2 Del,311.6646,16.1243,4.27,Delphinus
8916,θ Psc,351.9921,6.3790,4.27,Pisces
1392,υ Tau,66.5769,22.8136,4.28,Taurus
3751,HR 3751,144.2723,81.3264,4.28,Draco
4104,α Ant,156.7879,-31.0678,4.28,Antlia
6492,45 Oph,261.8386,-29.8670,4.28,Ophiuchus
7740,33 Cyg,303.3493,56.5677,4.28,Cygnus
8167,ι Cap,320.5616,-16.8345,4.28,Capricornus
8454,Pi-2 Peg,332.4969,33.1782,4.28,Pegasus
8787,θ Gru,346.7198,-43.5204,4.28,Grus
1101,10 Tau,54.2183,0.4017,4.29,Taurus
1756,λ Lep,79.8939,-13.1768,4.29,Lepus
4180,HR 4180,159.8267,-55.6033,4.29,Vela
4552,β Hya,178.2272,-33.9081,4.29,Hydra
5903,ζ UMi,236.0145,77.7945,4.29,Ursa Minor
6147,φ Oph,247.7849,-16.6127,4.29,Ophiuchus
8418,ι Aqr,331.6093,-13.8697,4.29,Aquarius
8576,β PsA,337.8764,-32.3461,4.29,Piscis Austrinus
8965,ι And,354.5342,43.2681,4.29,Andromeda
280,α Scl,14.6515,-29.3574,4.30,Sculptor
718,Xi-2 Cet,37.0398,8.4601,4.30,Cetus
1145,Taygeta,56.3021,24.4673,4.30,Taurus
1189,HR 1189,57.1494,-37.6202,4.30,Eridanus
1389,Del-3 Tau,66.3724,17.9279,4.30,Taurus
2091,π Aur,89.9838,45.9367,4.30,Auriga
3454,η Hya,130.8062,3.3987,4.30,Hydra
4259,54 Leo,163.9033,24.7497,4.30,Leo
4471,υ Leo,174.2372,-0.8237,4.30,Leo
4537,HR 4537,177.4212,-63.7885,4.30,Centaurus
4775,η Crv,188.0176,-16.1960,4.30,Corvus
5358,HR 5358,215.0814,-56.3865,4.30,Centaurus
7747,Alp-1 Cap,304.4119,-12.5082,4.30,Capricornus
3457,HR 3457,130.1543,-59.7610,4.31,Carina
5339,δ Oct,216.7320,-83.6679,4.31,Octans
5733,Alkalurops,231.1227,37.3772,4.31,Boötes
5997,Ome-2 Sco,241.8514,-20.8688,4.31,Scorpius
7884,71 Aql,309.5845,-1.1051,4.31,Aquila
1087,ψ Per,54.1224,48.1926,4.32,Perseus
1496,54 Eri,70.1105,-19.6715,4.32,Eridanus
1845,119 Tau,83.0531,18.5942,4.32,Taurus
2219,κ Aur,93.8446,29.4981,4.32,Auriga
3484,12 Hya,131.5939,-13.5477,4.32,Hydra
3773,Alterf,142.9301,22.9680,4.32,Leo
4599,The-1 Cru,180.7567,-63.3129,4.32,Crux
4968,Diadem,197.4970,17.5294,4.32,Coma Berenices
5210,3 Cen,207.9567,-32.9941,4.32,Centaurus
5528,ο Lup,222.9096,-43.5754,4.32,Lupus
6446,ν Ser,260.2069,-12.8469,4.32,Serpens
2854,γ CMi,112.0408,8.9255,4.33,Canis Minor
4888,HR 4888,193.2789,-48.9433,4.33,Centaurus
5396,Tau-2 Lup,216.5450,-45.3793,4.33,Lupus
6401,Guniibuu,258.8375,-26.6028,4.33,Ophiuchus
6745,π Pav,272.1450,-63.6686,4.33,Pavo
6872,κ Lyr,274.9655,36.0645,4.33,Lyra
4375,Alula Australis,169.5468,31.5288,4.33,Ursa Major
154,π And,9.2202,33.7193,4.34,Andromeda
163,ε And,9.6390,29.3118,4.34,Andromeda
343,θ Cas,17.7753,55.1499,4.34,Cassiopeia
2015,δ Dor,86.1933,-65.7355,4.34,Dorado
2387,Xi-1 CMa,97.9640,-23.4184,4.34,Canis Major
3340,θ Cha,125.1617,-77.4845,4.34,Chamaeleon
3696,HR 3696,139.0504,-57.5415,4.34,Carina
3836,HR 3836,144.2066,-49.3550,4.34,Vela
5260,Ups-2 Cen,210.4312,-45.6034,4.34,Centaurus
5797,ω Lup,234.5135,-42.5673,4.34,Lupus
6498,σ Oph,261.6287,4.1404,4.34,Ophiuchus
7056,Zet-1 Lyr,281.1931,37.6051,4.34,Lyra
7069,111 Her,281.7553,18.1815,4.34,Hercules
8313,9 Peg,326.1279,17.3500,4.34,Pegasus
8572,5 Lac,337.3826,47.7069,4.34,Lacerta
951,Botein,47.9073,19.7267,4.35,Aries
1544,Pi-2 Ori,72.6530,8.9002,4.35,Orion
2435,HR 2435,98.7441,-52.9756,4.35,Carina
2560,15 Lyn,104.3192,58.4228,4.35,Lynx
3223,ε Vol,121.9826,-68.6171,4.35,Volans
3492,ρ Hya,132.1082,5.8378,4.35,Hydra
4737,γ Com,186.7345,28.2684,4.35,Coma Berenices
5686,2 Lup,229.4577,-30.1487,4.35,Lupus
6789,Yildun,263.0538,86.5865,4.35,Ursa Minor
6855,ξ Pav,275.8068,-61.4939,4.35,Pavo
7314,θ Lyr,289.0921,38.1337,4.35,Lyra
8305,ι PsA,326.2367,-33.0258,4.35,Piscis Austrinus
126,Bet-1 Tuc,7.8859,-62.9582,4.36,Tucana
191,η Phe,10.8385,-57.4631,4.36,Phoenix
649,Xi-1 Cet,33.2500,8.8467,4.36,Cetus
1052,σ Per,52.6437,47.9952,4.36,Perseus
1256,37 Tau,61.1738,22.0819,4.36,Taurus
1560,ω Eri,73.2236,-5.4527,4.36,Eridanus
1705,κ Lep,78.3078,-12.9413,4.36,Lepus
2106,γ Col,89.3842,-35.2833,4.36,Columba
2596,ι CMa,104.0343,-17.0542,4.36,Canis Major
3188,ζ Mon,122.1485,-2.9838,4.36,Monoceros
5285,χ Cen,211.5115,-41.1796,4.36,Centaurus
7447,ι Aql,294.1803,-1.2866,4.36,Aquila
9089,30 Psc,0.4901,-6.0141,4.37,Pisces
2256,κ Col,94.1381,-35.1405,4.37,Columba
2782,τ CMa,109.6770,-24.9544,4.37,Canis Major
4293,HR 4293,165.0386,-42.2259,4.37,Vela
6787,102 Her,272.1895,20.8146,4.37,Hercules
7623,The-1 Sgr,299.9341,-35.2763,4.37,Sagittarius
4963,θ Vir,197.4875,-5.5390,4.38,Virgo
7750,κ Cep,302.2222,77.7114,4.38,Cepheus
8906,99 Aqr,351.5116,-20.6420,4.38,Aquarius
8937,β Scl,353.2427,-37.8183,4.38,Sculptor
555,ψ Phe,28.4115,-46.3027,4.39,Phoenix
1155,HR 1155,57.3804,65.5260,4.39,Camelopardalis
1876,Phi-1 Ori,83.7052,9.4896,4.39,Orion
2047,Chi-1 Ori,88.5958,20.2762,4.39,Orion
2298,ε Mon,95.9420,4.5929,4.39,Monoceros
3145,HR 3145,120.5664,2.3346,4.39,Canis Minor
3980,31 Leo,151.9761,9.9975,4.39,Leo
5601,110 Vir,225.7252,2.0913,4.39,Virgo
6281,ι Oph,253.5020,10.1654,4.39,Ophiuchus
6445,ξ Oph,260.2515,-21.1129,4.39,Ophiuchus
7479,Sham,295.0241,18.0139,4.39,Sagitta
7488,β Sge,295.2622,17.4760,4.39,Sagitta
8140,θ Ind,319.9664,-53.4494,4.39,Indus
271,η And,14.3017,23.4176,4.40,Andromeda
3034,ο Pup,117.0215,-25.9372,4.40,Puppis
3192,16 Pup,122.2568,-19.2450,4.40,Puppis
7107,κ Pav,284.2377,-67.2335,4.40,Pavo
8368,δ Ind,329.4794,-54.9926,4.40,Indus
2554,HR 2554,102.4638,-53.6224,4.41,Carina
2697,τ Gem,107.7849,30.2452,4.41,Gemini
5378,HR 5378,215.7593,-39.5118,4.41,Centaurus
6526,Maasym,262.6846,26.1106,4.41,Hercules
6707,ν Her,269.6256,30.1893,4.41,Hercules
8146,υ Cyg,319.4795,34.8969,4.41,Cygnus
8819,π Cep,346.9743,75.3875,4.41,Cepheus
8858,Psi-2 Aqr,349.4759,-9.1825,4.41,Aquarius
8863,γ Scl,349.7060,-32.5320,4.41,Sculptor
2159,ν Ori,91.8930,14.7685,4.42,Orion
2443,Nu-3 CMa,99.4726,-18.2375,4.42,Canis Major
2748,HR 2748,108.3846,-44.6397,4.42,Puppis
2745,27 CMa,108.5634,-26.3525,4.42,Canis Major
3243,HR 3243,123.5121,-40.3479,4.42,Puppis
4300,60 Leo,165.5824,20.1798,4.42,Leo
5526,58 Hya,222.5722,-27.9604,4.42,Hydra
5868,λ Ser,236.6109,7.3531,4.42,Serpens
6723,68 Oph,270.4383,1.3051,4.42,Ophiuchus
8538,β Lac,335.8901,52.2290,4.42,Lacerta
8905,Alkarab,351.3449,23.4041,4.42,Pegasus
1162,π Eri,56.5356,-12.1016,4.43,Eridanus
1325,Keid,63.8181,-7.6529,4.43,Eridanus
1568,7 Cam,74.3217,53.7521,4.43,Camelopardalis
7298,Aladfar,288.4395,39.1460,4.43,Lyra
7650,62 Sgr,300.6645,-27.7098,4.43,Sagittarius
7806,39 Cyg,305.9651,32.1902,4.43,Cygnus
7928,δ Del,310.8647,15.0746,4.43,Delphinus
7951,3 Aqr,311.9343,-5.0277,4.43,Aquarius
48,7 Cet,3.6601,-18.9329,4.44,Cetus
224,δ Psc,12.1706,7.5851,4.44,Pisces
1355,ε Ret,64.1211,-59.3022,4.44,Reticulum
1502,α Cae,70.1406,-41.8638,4.44,Caelum
2238,2 Lyn,94.9058,59.0110,4.44,Lynx
2906,HR 2906,113.5133,-22.2961,4.44,Puppis
3225,HR 3225,122.8396,-39.6185,4.44,Puppis
3270,HR 3270,124.6389,-36.6593,4.44,Puppis
5425,σ Lup,218.1544,-50.4572,4.44,Lupus
7405,Anser,292.1764,24.6649,4.44,Vulpecula
489,ν Psc,25.3579,5.4876,4.45,Pisces
841,β For,42.2725,-32.4059,4.45,Fornax
1696,ι Lep,78.0746,-11.8692,4.45,Lepus
2199,ξ Ori,92.9850,14.2088,4.45,Orion
3418,Minchir,129.6893,3.3414,4.45,Hydra
3591,HR 3591,135.0226,-41.2536,4.45,Vela
4159,HR 4159,158.8971,-57.5576,4.45,Carina
4234,Del-2 Cha,161.4463,-80.5402,4.45,Chamaeleon
4368,φ Leo,169.1654,-3.6516,4.45,Leo
6153,ω Oph,248.0342,-21.4664,4.45,Ophiuchus
7352,τ Dra,288.8884,73.3555,4.45,Draco
7429,μ Aql,293.5223,7.3789,4.45,Aquila
707,ι Cas,37.2666,67.4025,4.46,Cassiopeia
1211,32 Eri,58.5729,-2.9547,4.46,Eridanus
1698,ρ Ori,78.3228,2.8613,4.46,Orion
3619,15 UMa,137.2179,51.6046,4.46,Ursa Major
4343,β Crt,167.9145,-22.8258,4.46,Crater
4618,HR 4618,182.0218,-50.6613,4.46,Centaurus
6115,ε Nor,246.7960,-47.5548,4.46,Norma
8695,γ PsA,343.1314,-32.8755,4.46,Piscis Austrinus
818,Tau-1 Eri,41.2757,-18.5726,4.47,Eridanus
999,HR 999,50.0848,29.0485,4.47,Aries
1601,Pi-6 Ori,74.6371,1.7140,4.47,Orion
2361,λ CMa,97.0425,-32.5801,4.47,Canis Major
2385,13 Mon,98.2259,7.3330,4.47,Monoceros
3129,HR 3129,119.5602,-49.2449,4.47,Puppis
3643,HR 3643,136.2868,-72.6027,4.47,Carina
3731,κ Leo,141.1636,26.1823,4.47,Leo
3799,26 UMa,143.7061,52.0515,4.47,Ursa Major
4546,HR 4546,177.7863,-45.1735,4.47,Centaurus
5447,σ Boo,218.6700,29.7451,4.47,Boötes
5570,16 Lib,224.2958,-4.3465,4.47,Libra
8123,δ Equ,318.6201,10.0070,4.47,Equuleus
8411,λ Gru,331.5287,-39.5434,4.47,Grus
193,ο Cas,11.1813,48.2844,4.48,Cassiopeia
1264,γ Ret,60.2242,-62.1593,4.48,Reticulum
1394,71 Tau,66.5864,15.6183,4.48,Taurus
2506,18 Mon,101.9652,2.4122,4.48,Monoceros
3981,α Sex,151.9845,-0.3716,4.48,Sextans
5704,γ Cir,230.8444,-59.3208,4.48,Circinus
6104,ψ Oph,246.0258,-20.0373,4.48,Ophiuchus
8773,Fumalsamakah,345.9692,3.8200,4.48,Pisces
8789,86 Aqr,346.6702,-23.7431,4.48,Aquarius
575,48 Cas,30.4897,70.9070,4.49,Cassiopeia
1453,Ups-1 Eri,68.3773,-29.7665,4.49,Eridanus
2478,30 Gem,100.9971,13.2280,4.49,Gemini
2740,HR 2740,108.1402,-46.7593,4.49,Puppis
3084,HR 3084,118.1610,-38.8628,4.49,Puppis
3974,21 LMi,151.8573,35.2447,4.49,Leo Minor
5475,Pi-1 Boo,220.1815,16.4183,4.49,Boötes
7469,θ Cyg,294.1106,50.2211,4.49,Cygnus
8080,24 Cap,316.7820,-25.0059,4.49,Capricornus
8309,Mu-1 Cyg,326.0357,28.7426,4.49,Cygnus
8984,λ Psc,355.5117,1.7800,4.49,Pisces
8988,Ome-2 Aqr,355.6806,-14.5449,4.49,Aquarius
9076,ε Tuc,359.9789,-65.5771,4.49,Tucana
1934,ω Ori,84.7964,4.1215,4.50,Orion
2042,γ Pic,87.4568,-56.1667,4.50,Pictor
3498,HR 3498,131.6773,-56.7698,4.50,Carina
4074,HR 4074,155.2284,-56.0432,4.50,Vela
4527,93 Leo,176.9964,20.2189,4.50,Leo
5185,τ Boo,206.8157,17.4569,4.50,Boötes
7744,23 Vul,303.9422,27.8142,4.50,Vulpecula
8093,ν Aqr,317.3985,-11.3717,4.50,Aquarius
8213,36 Cap,322.1808,-21.8072,4.50,Capricornus
8431,μ PsA,332.0958,-32.9885,4.50,Piscis Austrinus
8485,HR 8485,333.4697,39.7149,4.50,Lacerta
8632,11 Lac,340.1285,44.2763,4.50,Lacerta
68,σ And,4.5819,36.7852,4.51,Andromeda
352,τ Psc,17.9151,30.0896,4.51,Pisces
1995,τ Aur,87.2935,39.1811,4.51,Auriga
3765,ε Ant,142.3113,-35.9513,4.51,Antlia
3856,HR 3856,144.8376,-61.3281,4.51,Carina
5842,ι Ser,235.3877,19.6704,4.51,Serpens
7685,ρ Dra,300.7044,67.8736,4.51,Draco
7920,η Ind,311.0095,-51.9210,4.51,Indus
8260,ε Cap,324.2701,-19.4660,4.51,Capricornus
8540,δ Tuc,336.8330,-64.9664,4.51,Tucana
9045,ρ Cas,358.5960,57.4994,4.51,Cassiopeia
824,Lilii Borea,41.9772,29.2471,4.52,Aries
5035,HR 5035,200.6582,-60.9884,4.52,Centaurus
5041,HR 5041,201.0019,-64.5357,4.52,Centaurus
5359,Khambalia,214.7775,-13.3711,4.52,Virgo
5616,ψ Boo,226.1115,26.9476,4.52,Boötes
6783,ε Tel,272.8074,-45.9544,4.52,Telescopium
7342,υ Sgr,290.4318,-15.9550,4.52,Sagittarius
7955,HR 7955,311.3382,57.5797,4.52,Cepheus
8225,2 Peg,322.4871,23.6388,4.52,Pegasus
8579,6 Lac,337.6219,43.1234,4.52,Lacerta
127,Bet-2 Tuc,7.8892,-62.9656,4.53,Tucana
226,ν And,12.4535,41.0789,4.53,Andromeda
2113,HR 2113,90.0140,-3.0743,4.53,Orion
2937,HR 2937,114.3421,-34.9685,4.53,Puppis
5329,Kap-2 Boo,213.3708,51.7900,4.53,Boötes
6493,HR 6493,261.6578,-5.0866,4.53,Ophiuchus
6616,3 Sgr,266.8901,-27.8308,4.53,Sagittarius
7963,λ Cyg,311.8522,36.4907,4.53,Cygnus
8830,7 And,348.1374,49.4062,4.53,Andromeda
1726,16 Aur,79.5440,33.3716,4.54,Auriga
2414,Xi-2 CMa,98.7641,-22.9648,4.54,Canis Major
3787,Tau-2 Hya,142.9955,-1.1847,4.54,Hydra
3800,10 LMi,143.5558,36.3976,4.54,Leo Minor
3771,24 UMa,143.6205,69.8303,4.54,Ursa Major
5544,ξ Boo,222.8474,19.1005,4.54,Boötes
5652,Iot-1 Lib,228.0554,-19.7917,4.54,Libra
5712,Phi-2 Lup,230.7890,-36.8585,4.54,Lupus
7604,59 Sgr,299.2368,-27.1699,4.54,Sagittarius
8795,55 Peg,346.7511,9.4095,4.54,Pegasus
8923,70 Peg,352.2887,12.7606,4.54,Pegasus
9098,2 Cet,0.9350,-17.3360,4.55,Cetus
1040,HR 1040,52.4781,58.8787,4.55,Camelopardalis
1652,Gam-1 Cae,76.1016,-35.4830,4.55,Caelum
2527,HR 2527,105.0162,76.9774,4.55,Camelopardalis
2864,6 CMi,112.4491,12.0066,4.55,Canis Minor
3894,φ UMa,148.0265,54.0643,4.55,Ursa Major
5781,HR 5781,233.9719,-44.9584,4.55,Lupus
6081,ο Sco,245.1591,-24.1693,4.55,Scorpius
6766,HR 6766,272.0207,-28.4571,4.55,Sagittarius
8317,11 Cep,325.4798,71.3114,4.55,Cepheus
8523,2 Lac,335.2564,46.5366,4.55,Lacerta
8541,4 Lac,336.1291,49.4764,4.55,Lacerta
843,17 Per,42.8785,35.0597,4.56,Perseus
1247,δ Ret,59.6864,-61.4002,4.56,Reticulum
2034,136 Tau,88.3319,27.6123,4.56,Taurus
3612,HR 3612,136.6324,38.4522,4.56,Lynx
4362,72 Leo,168.8010,23.0955,4.56,Leo
5395,Tau-1 Lup,216.5343,-45.2214,4.56,Lupus
6537,σ Ara,263.9150,-46.5057,4.56,Ara
7995,31 Vul,313.0320,27.0970,4.56,Vulpecula
8089,63 Cyg,316.6504,47.6484,4.56,Cygnus
1106,HR 1106,54.2737,-40.2745,4.57,Eridanus
6117,Cujam,246.3540,14.0333,4.57,Hercules
6112,ρ Oph,246.3963,-23.4472,4.57,Ophiuchus
6636,Dziban,265.4847,72.1488,4.57,Draco
7133,113 Her,283.6870,22.6451,4.57,Hercules
7242,δ CrA,287.0873,-40.4967,4.57,Corona Australis
7592,13 Vul,298.3654,24.0796,4.57,Vulpecula
1892,42 Ori,83.8465,-4.8384,4.58,Orion
3912,HR 3912,147.9195,-46.5476,4.58,Vela
4200,HR 4200,160.8846,-60.5666,4.58,Carina
4975,HR 4975,198.0734,-59.9206,4.58,Centaurus
5226,10 Dra,207.8581,64.7233,4.58,Draco
6028,13 Sco,243.0759,-27.9264,4.58,Scorpius
6567,μ Oph,264.4613,-8.1188,4.58,Ophiuchus
8880,Salm,350.1593,23.7403,4.58,Pegasus
180,μ Phe,10.3315,-46.0850,4.59,Phoenix
1143,HR 1143,55.7086,-37.3135,4.59,Eridanus
1148,γ Cam,57.5895,71.3323,4.59,Camelopardalis
1811,Psi-2 Ori,81.7093,3.0957,4.59,Orion
3403,Pi-2 UMa,130.0536,64.3279,4.59,Ursa Major
3759,Tau-1 Hya,142.2871,-2.7690,4.59,Hydra
4063,HR 4063,154.9032,-55.0293,4.59,Vela
4352,HR 4352,168.1501,-60.3176,4.59,Carina
5889,δ CrB,237.3986,26.0684,4.59,Corona Borealis
5904,2 Sco,238.4030,-25.3271,4.59,Scorpius
7053,Eps-2 Lyr,281.0949,39.6127,4.59,Lyra
7440,52 Sgr,294.1768,-24.8836,4.59,Sagittarius
9016,δ Scl,357.2314,-28.1303,4.59,Sculptor
1324,HR 1324,64.5608,50.2955,4.60,Perseus
3970,Ups-2 Hya,151.2811,-13.0646,4.60,Hydra
4273,ι Ant,164.1793,-37.1378,4.60,Antlia
5502,ο Boo,221.3103,16.9643,4.60,Boötes
5724,HR 5724,231.3343,-38.7336,4.60,Lupus
5914,χ Her,238.1685,42.4515,4.60,Hercules
7371,π Dra,290.1670,65.7145,4.60,Draco
3,33 Psc,1.3339,-5.7076,4.61,Pisces
63,θ And,4.2729,38.6816,4.61,Andromeda
549,ξ Psc,28.3890,3.1875,4.61,Pisces
947,ω Per,47.8224,39.6116,4.61,Perseus
2818,21 Lyn,111.6786,49.2115,4.61,Lynx
3131,HR 3131,119.9669,-18.3992,4.61,Puppis
5777,37 Lib,233.5446,-10.0645,4.61,Libra
7866,47 Cyg,308.4758,35.2509,4.61,Cygnus
265,Castula,14.1665,59.1811,4.62,Cassiopeia
1240,Tau-9 Eri,59.9812,-24.0162,4.62,Eridanus
1620,ι Tau,75.7739,21.5900,4.62,Taurus
1855,υ Ori,82.9827,-7.3015,4.62,Orion
3628,κ Pyx,137.0120,-25.8585,4.62,Pyxis
4310,χ Leo,166.2543,7.3360,4.62,Leo
4325,HR 4325,166.6352,-62.4241,4.62,Carina
4460,HR 4460,173.6903,-54.2641,4.62,Centaurus
4848,HR 4848,191.5947,-56.4888,4.62,Crux
4897,λ Cru,193.6633,-59.1467,4.62,Crux
6129,υ Oph,246.9508,-8.3717,4.62,Ophiuchus
6710,ζ Ser,270.1209,-3.6903,4.62,Serpens
6951,θ CrA,278.3757,-42.3125,4.62,Corona Australis
7141,Alya,284.0549,4.2036,4.62,Serpens
887,ε Ari,44.8030,21.3404,4.63,Aries
2993,1 Pup,115.8849,-28.4109,4.63,Puppis
3089,HR 3089,118.2652,-49.6130,4.63,Puppis
3459,HR 3459,130.9182,-7.2337,4.63,Hydra
3684,HR 3684,138.9378,-37.4131,4.63,Vela
4817,HR 4817,189.9689,-39.9873,4.63,Centaurus
5154,83 UMa,205.1845,54.6816,4.63,Ursa Major
5589,HR 5589,224.3961,65.9325,4.63,Ursa Minor
5885,1 Sco,237.7448,-25.7513,4.63,Scorpius
5961,Iot-1 Nor,240.8840,-57.7751,4.63,Norma
6916,ν Pav,277.8434,-62.2783,4.63,Pavo
7125,ο Dra,282.8002,59.3884,4.63,Draco
9064,ψ Peg,359.4397,25.1414,4.63,Pegasus
1213,Tau-8 Eri,58.4279,-24.6122,4.64,Eridanus
1570,Pi-1 Ori,73.7239,10.1508,4.64,Orion
2135,Chi-2 Ori,90.9799,20.1385,4.64,Orion
5172,HR 5172,206.6641,-51.4328,4.64,Centaurus
5833,Zet-1 CrB,234.8445,36.6358,4.64,Corona Borealis
5825,HR 5825,235.2976,-44.6612,4.64,Lupus
6243,20 Oph,252.4584,-10.7830,4.64,Ophiuchus
6436,69 Her,259.4178,37.2915,4.64,Hercules
6770,71 Oph,271.8265,8.7339,4.64,Ophiuchus
7387,ν Aql,291.6295,0.3386,4.64,Aquila
7871,ζ Del,308.8272,14.6742,4.64,Delphinus
8613,9 Lac,339.3435,51.5451,4.64,Lacerta
8780,3 And,346.0455,50.0521,4.64,Andromeda
801,35 Ari,40.8630,27.7071,4.65,Aries
1444,ρ Tau,68.4621,14.8444,4.65,Taurus
1638,11 Ori,76.1423,15.4041,4.65,Orion
2102,HR 2102,88.5249,-63.0896,4.65,Dorado
2787,HR 2787,109.5767,-36.7340,4.65,Puppis
2881,HR 2881,112.6775,-30.9623,4.65,Puppis
2922,HR 2922,113.8454,-28.3693,4.65,Puppis
4110,HR 4110,156.8520,-57.6388,4.65,Carina
4589,π Vir,180.2183,6.6143,4.65,Virgo
5962,η Nor,240.8037,-49.2297,4.65,Norma
351,χ Psc,17.8634,21.0346,4.66,Pisces
531,χ Cet,27.3963,-10.6864,4.66,Cetus
2456,15 Mon,100.2444,9.8958,4.66,Monoceros
2590,π CMa,103.9060,-20.1365,4.66,Canis Major
2766,HR 2766,109.1458,-27.8812,4.66,Canis Major
3449,Asellus Borealis,130.8215,21.4685,4.66,Cancer
3642,HR 3642,136.4099,-70.5385,4.66,Carina
4248,ω UMa,163.4947,43.1900,4.66,Ursa Major
4813,χ Vir,189.8115,-7.9956,4.66,Virgo
4831,HR 4831,190.6479,-48.8131,4.66,Centaurus
5820,Psi-1 Lup,234.9416,-34.4119,4.66,Lupus
6742,Gam-1 Sgr,271.2551,-29.5801,4.66,Sagittarius
6842,HR 6842,274.5133,-27.0426,4.66,Sagittarius
6884,ζ Sct,275.9149,-8.9344,4.66,Scutum
7653,15 Vul,300.2752,27.7536,4.66,Vulpecula
360,φ Psc,18.4373,24.5837,4.67,Pisces
1044,34 Per,52.3418,49.5089,4.67,Perseus
1306,52 Per,63.7221,40.4837,4.67,Perseus
1479,Sig-2 Tau,69.8187,15.9180,4.67,Taurus
2155,θ Lep,91.5388,-14.9353,4.67,Lepus
3210,Tegmine,123.0530,17.6478,4.67,Cancer
3624,τ UMa,137.7291,63.5136,4.67,Ursa Major
6713,93 Her,270.0142,16.7509,4.67,Hercules
6930,γ Sct,277.2994,-14.5658,4.67,Scutum
7051,Eps-1 Lyr,281.0848,39.6701,4.67,Lyra
7462,Alsafi,293.0872,69.6612,4.67,Draco
8039,γ Mic,315.3228,-32.2578,4.67,Microscopium
442,χ Cas,23.4829,59.2320,4.68,Cassiopeia
570,Eta-2 Hyi,28.7336,-67.6473,4.68,Hydrus
612,ν For,31.1227,-29.2968,4.68,Fornax
879,π Per,44.6903,39.6627,4.68,Perseus
3574,HR 3574,134.0803,-52.7235,4.68,Vela
3834,HR 3834,144.6137,4.6493,4.68,Hydra
3950,π Leo,150.0534,8.0442,4.68,Leo
4166,37 LMi,159.6801,31.9762,4.68,Leo Minor
5095,74 Vir,202.9912,-6.2558,4.68,Virgo
5112,24 CVn,203.6137,49.0160,4.68,Canes Venatici
6020,Del-1 Aps,245.0868,-78.6957,4.68,Apus
7478,φ Cyg,294.8442,30.1533,4.68,Cygnus
8264,Bunda,324.4380,-7.8542,4.68,Aquarius
8649,66 Aqr,340.8968,-18.8304,4.68,Aquarius
1396,π Tau,66.6516,14.7138,4.69,Taurus
1729,λ Aur,79.7849,40.0991,4.69,Auriga
2944,HR 2944,114.5752,-25.3648,4.69,Puppis
3046,HR 3046,117.0841,-47.0777,4.69,Puppis
3141,28 Mon,120.3056,-1.3926,4.69,Monoceros
4177,HR 4177,159.6875,-59.1830,4.69,Carina
4842,ι Cru,191.4083,-60.9813,4.69,Crux
8301,Azelfafage,325.5236,51.1896,4.69,Cygnus
8387,ε Ind,330.8323,-56.7860,4.69,Indus
8949,ι Phe,353.7690,-42.6151,4.69,Phoenix
1762,HR 1762,80.1122,-21.2398,4.70,Lepus
4468,θ Crt,174.1705,-9.8022,4.70,Crater
4494,ο Hya,175.0533,-34.7447,4.70,Hydra
6262,Zet-1 Sco,253.4989,-42.3620,4.70,Scorpius
7020,δ Sct,280.5684,-9.0525,4.70,Scutum
7597,Terebellum,298.9598,-26.2995,4.70,Sagittarius
8097,γ Equ,317.5854,10.1316,4.70,Equuleus
8748,HR 8748,343.6018,84.3462,4.70,Cepheus
8939,101 Aqr,353.3193,-20.9145,4.70,Aquarius
896,λ Cet,44.9288,8.9074,4.71,Cetus
1083,κ Ret,52.3434,-62.9375,4.71,Reticulum
1556,Omi-1 Ori,73.1332,14.2506,4.71,Orion
1674,ζ Dor,76.3778,-57.4727,4.71,Dorado
1834,31 Ori,82.4333,-1.0922,4.71,Orion
1843,χ Aur,83.1820,32.1920,4.71,Auriga
3718,θ Pyx,140.3733,-25.9654,4.71,Pyxis
3733,λ Pyx,140.8011,-28.8339,4.71,Pyxis
4514,ζ Crt,176.1907,-18.3507,4.71,Crater
4940,HR 4940,196.5696,-48.4633,4.71,Centaurus
5241,HR 5241,209.4121,-63.6867,4.71,Centaurus
7595,Libertas,298.5620,8.4615,4.71,Aquila
8135,ε Mic,319.4845,-32.1725,4.71,Microscopium
8817,89 Aqr,347.4787,-22.4576,4.71,Aquarius
399,ψ Cas,21.4831,68.1300,4.72,Cassiopeia
1765,22 Ori,80.4406,-0.3825,4.72,Orion
2011,υ Aur,87.7601,37.3056,4.72,Auriga
2212,δ Pic,92.5746,-54.9686,4.72,Pictor
3211,19 Pup,122.8179,-12.9270,4.72,Puppis
3749,HR 3749,141.8267,-22.3438,4.72,Hydra
4090,30 LMi,156.4784,33.7961,4.72,Leo Minor
4138,HR 4138,157.5837,-71.9928,4.72,Carina
4132,HR 4132,158.3080,40.4256,4.72,Ursa Major
4603,The-2 Cru,181.0801,-63.1657,4.72,Crux
4697,11 Com,185.1793,17.7929,4.72,Coma Berenices
5017,20 CVn,199.3857,40.5726,4.72,Canes Venatici
5982,υ Her,240.6995,46.0367,4.72,Hercules
6415,41 Oph,259.1529,-0.4453,4.72,Ophiuchus
8288,κ Cap,325.6646,-18.8663,4.72,Capricornus
699,65 And,36.4059,50.2786,4.73,Andromeda
2564,38 Gem,103.6610,13.1778,4.73,Gemini
3226,HR 3226,122.8579,-42.9873,4.73,Puppis
4299,61 Leo,165.4570,-2.4846,4.73,Leo
5980,δ Nor,241.6226,-45.1732,4.73,Norma
6018,τ CrB,242.2429,36.4909,4.73,Corona Borealis
7990,μ Aqr,313.1635,-8.9833,4.73,Aquarius
123,λ Cas,7.9431,54.5223,4.74,Cassiopeia
383,υ Psc,19.8666,27.2641,4.74,Pisces
740,σ Cet,38.0218,-15.2447,4.74,Cetus
789,HR 789,39.9499,-42.8917,4.74,Eridanus
985,HR 985,49.9969,65.6523,4.74,Camelopardalis
1070,17 Eri,52.6544,-5.0751,4.74,Eridanus
3220,HR 3220,122.2532,-61.3024,4.74,Carina
3452,HR 3452,130.3047,-47.3171,4.74,Vela
3576,ρ UMa,135.6363,67.6296,4.74,Ursa Major
5019,61 Vir,199.6014,-18.3112,4.74,Virgo
5297,HR 5297,212.4786,-53.4389,4.74,Centaurus
5899,ρ Ser,237.8163,20.9779,4.74,Serpens
6700,4 Sgr,269.9481,-23.8161,4.74,Sagittarius
7188,ζ CrA,285.7786,-42.0951,4.74,Corona Australis
7426,8 Cyg,292.9430,34.4530,4.74,Cygnus
8047,59 Cyg,314.9565,47.5210,4.74,Cygnus
8402,ο Aqr,330.8285,-2.1554,4.74,Aquarius
8959,HR 8959,354.4624,-45.4924,4.74,Phoenix
2762,HR 2762,108.6589,-48.2719,4.75,Puppis
4530,μ Mus,177.0604,-66.8149,4.75,Musca
5221,4 Cen,208.3023,-31.9276,4.75,Centaurus
5350,ι Boo,214.0416,51.3672,4.75,Boötes
5838,κ Lib,235.4867,-19.6788,4.75,Libra
5839,Psi-2 Lup,235.6709,-34.7104,4.75,Lupus
7848,Phi-1 Pav,308.8950,-60.5817,4.75,Pavo
8872,ο Cep,349.6560,68.1114,4.75,Cepheus
125,Lam-1 Phe,7.8539,-48.8035,4.76,Phoenix
872,ν Hyi,42.6188,-75.0669,4.76,Hydrus
850,Angetenar,42.7597,-21.0040,4.76,Eridanus
2037,56 Ori,88.1102,1.8551,4.76,Orion
2209,HR 2209,94.7116,69.3198,4.76,Camelopardalis
3113,HR 3113,119.4171,-30.3346,4.76,Puppis
3858,HR 3858,145.3209,-23.5915,4.76,Hydra
4196,HR 4196,160.5589,-64.4664,4.76,Carina
4380,55 UMa,169.7830,38.1856,4.76,Ursa Major
4716,5 CVn,186.0062,51.5623,4.76,Canes Venatici
4920,36 Com,194.7310,17.4094,4.76,Coma Berenices
5068,69 Vir,201.8632,-15.9736,4.76,Virgo
5219,HR 5219,207.9478,34.4442,4.76,Canes Venatici
5371,HR 5371,215.6546,-58.4591,4.76,Centaurus
6417,ζ Aps,260.4980,-67.7707,4.76,Apus
6569,λ Ara,265.0991,-49.4156,4.76,Ara
7306,1 Vul,289.0543,21.3904,4.76,Vulpecula
8279,9 Cep,324.4801,62.0819,4.76,Cepheus
8796,56 Peg,346.7781,25.4683,4.76,Pegasus
194,Phi-1 Cet,11.0475,-10.6096,4.77,Cetus
918,HR 918,46.3851,56.7057,4.77,Perseus
1937,49 Ori,84.7212,-7.2128,4.77,Orion
2503,17 Mon,101.8326,8.0373,4.77,Monoceros
3706,26 Hya,139.9433,-11.9749,4.77,Hydra
4432,87 Leo,172.5787,-3.0035,4.77,Leo
4902,ψ Vir,193.5882,-9.5390,4.77,Virgo
6596,ω Dra,264.2379,68.7580,4.77,Draco
6733,τ Oph,270.7705,-8.1803,4.77,Ophiuchus
6978,45 Dra,278.1438,57.0456,4.77,Draco
7652,HR 7652,300.8894,-37.9407,4.77,Sagittarius
7763,34 Cyg,304.4467,38.0329,4.77,Cygnus
7773,Alshat,305.1659,-12.7591,4.77,Capricornus
7822,ρ Cap,307.2151,-17.8137,4.77,Capricornus
8702,HR 8702,341.8707,83.1538,4.77,Cepheus
9084,θ Oct,0.3992,-77.0657,4.78,Octans
248,20 Cet,13.2521,-1.1443,4.78,Cetus
620,58 And,32.1218,37.8591,4.78,Andromeda
1129,HR 1129,56.5097,63.3450,4.78,Camelopardalis
1427,HR 1427,67.6401,16.1940,4.78,Taurus
1611,64 Eri,74.9822,-12.5374,4.78,Eridanus
1887,HR 1887,83.7612,-6.0020,4.78,Orion
3173,27 Lyn,122.1144,51.5067,4.78,Lynx
3237,HR 3237,123.3730,-35.8995,4.78,Puppis
3871,θ Ant,146.0504,-27.7695,4.78,Antlia
4054,40 Leo,154.9341,19.4709,4.78,Leo
4707,12 Com,185.6263,25.8462,4.78,Coma Berenices
5015,σ Vir,199.4012,5.4699,4.78,Virgo
5364,HR 5364,215.1774,-45.1871,4.78,Lupus
5381,51 Hya,215.7741,-27.7540,4.78,Hydra
6519,51 Oph,262.8540,-23.9626,4.78,Ophiuchus
6631,Iot-2 Sco,267.5463,-40.0904,4.78,Scorpius
7012,HR 7012,281.3620,-64.8713,4.78,Pavo
8522,32 Peg,335.3306,28.3305,4.78,Pegasus
8551,35 Peg,336.9647,4.6957,4.78,Pegasus
45,χ Peg,3.6507,20.2067,4.79,Pegasus
569,λ Ari,29.4822,23.5961,4.79,Aries
1551,2 Aur,73.1583,36.7032,4.79,Auriga
3294,HR 3294,125.6321,-48.4904,4.79,Vela
3728,HR 3728,140.2368,-62.4046,4.79,Carina
4993,η Mus,198.8124,-67.8946,4.79,Musca
5901,κ CrB,237.8081,35.6574,4.79,Corona Borealis
6141,22 Sco,247.5520,-25.1152,4.79,Scorpius
6628,HR 6628,267.2937,-31.7032,4.79,Scorpius
6712,66 Oph,270.0658,4.3686,4.79,Ophiuchus
7739,HR 7739,303.8162,25.5920,4.79,Vulpecula
8468,24 Cep,332.4516,72.3412,4.79,Cepheus
8486,Mu-1 Gru,333.9038,-41.3467,4.79,Grus
179,ξ Cas,10.5162,50.5125,4.80,Cassiopeia
244,HR 244,13.2677,61.1240,4.80,Cassiopeia
984,Zibal,48.9584,-8.8197,4.80,Eridanus
1350,53 Per,65.3882,46.4989,4.80,Perseus
1380,Del-2 Tau,66.0240,17.4441,4.80,Taurus
1617,ψ Eri,75.3598,-7.1740,4.80,Eridanus
2427,Psi-2 Aur,99.8326,42.4889,4.80,Auriga
3616,Sig-2 UMa,137.5981,67.1340,4.80,Ursa Major
3662,18 UMa,139.0471,54.0219,4.80,Ursa Major
3709,27 Hya,140.1209,-9.5557,4.80,Hydra
4205,HR 4205,161.0289,-63.9611,4.80,Carina
4789,23 Com,188.7129,22.6293,4.80,Coma Berenices
4954,41 Com,196.7947,27.6247,4.80,Coma Berenices
5321,4 UMi,212.2125,77.5475,4.80,Ursa Minor
5361,HR 5361,214.4993,35.5095,4.80,Boötes
5490,34 Boo,220.8557,26.5279,4.80,Boötes
5600,ω Boo,225.5271,25.0081,4.80,Boötes
6070,HR 6070,244.5746,-28.6140,4.80,Scorpius
6431,68 Her,259.3315,33.1001,4.80,Hercules
7730,30 Cyg,303.3252,46.8157,4.80,Cygnus
8001,57 Cyg,313.3115,44.3873,4.80,Cygnus
8151,The-1 Mic,320.1901,-40.8095,4.80,Microscopium
8539,π Aqr,336.3193,1.3774,4.80,Aquarius
8641,ο Peg,340.4392,29.3076,4.80,Pegasus
4374,Alula Australis B,169.5468,31.5288,4.80,Ursa Major
1676,15 Ori,77.4248,15.5972,4.81,Orion
1744,θ Dor,78.4393,-67.1853,4.81,Dorado
1743,ο Col,79.3712,-34.8952,4.81,Columba
2084,139 Tau,89.4986,25.9539,4.81,Taurus
3159,HR 3159,120.0832,-63.5675,4.81,Carina
3809,HR 3809,143.7660,39.6215,4.81,Lynx
4402,ε Crt,171.1525,-10.8593,4.81,Crater
5409,Elgafar,217.0506,-2.2280,4.81,Virgo
6896,21 Sgr,276.3377,-20.5417,4.81,Sagittarius
7891,29 Vul,309.6306,21.2012,4.81,Vulpecula
7977,55 Cyg,312.2346,46.1141,4.81,Cygnus
574,HR 574,29.2919,-47.3853,4.82,Phoenix
1689,μ Aur,78.3572,38.4845,4.82,Auriga
2450,HR 2450,99.8197,-14.1458,4.82,Canis Major
2571,15 CMa,103.3871,-20.2243,4.82,Canis Major
2902,HR 2902,113.4498,-14.5239,4.82,Puppis
4080,HR 4080,155.5816,-41.6500,4.82,Vela
4112,36 UMa,157.6569,55.9805,4.82,Ursa Major
4732,HR 4732,186.6324,-51.4506,4.82,Centaurus
5127,25 CVn,204.3652,36.2949,4.82,Canes Venatici
5304,12 Boo,212.5997,25.0917,4.82,Boötes
5972,π Ser,240.5737,22.8045,4.82,Serpens
6093,σ Ser,245.5181,1.0290,4.82,Serpens
6254,52 Her,252.3092,45.9833,4.82,Hercules
6318,30 Oph,255.2650,-4.2226,4.82,Ophiuchus
6945,Fafnir,276.4960,65.5635,4.82,Draco
7180,υ Dra,283.5992,71.2972,4.82,Draco
8060,η Cap,316.1013,-19.8550,4.82,Capricornus
8520,31 Peg,335.3795,12.2052,4.82,Pegasus
8573,σ Aqr,337.6617,-10.6779,4.82,Aquarius
8860,8 And,349.4360,49.0153,4.82,Andromeda
8982,104 Aqr,355.4409,-17.8165,4.82,Aquarius
253,Ups-1 Cas,13.7507,58.9727,4.83,Cassiopeia
417,ω And,21.9137,45.4067,4.83,Andromeda
781,ε Cet,39.8910,-11.8722,4.83,Cetus
837,ζ Hyi,41.3857,-67.6166,4.83,Hydrus
2702,HR 2702,107.2128,-39.6557,4.83,Puppis
2764,HR 2764,109.1535,-23.3156,4.83,Canis Major
3282,HR 3282,125.3460,-33.0544,4.83,Puppis
3467,HR 3467,130.6058,-53.1140,4.83,Vela
4933,Xi-1 Cen,195.8888,-49.5273,4.83,Centaurus
5618,44 Boo,225.9476,47.6541,4.83,Boötes
5651,HR 5651,228.2066,-44.5004,4.83,Lupus
6146,30 Her,247.1606,41.8817,4.83,Hercules
6334,HR 6334,256.2056,-34.1229,4.83,Scorpius
7064,HR 7064,281.5187,26.6621,4.83,Lyra
7149,η Sct,284.2653,-5.8463,4.83,Scutum
7152,ε CrA,284.6808,-37.1074,4.83,Corona Australis
434,μ Psc,22.5463,6.1438,4.84,Pisces
643,60 And,33.3055,44.2317,4.84,Andromeda
660,δ Tri,34.2629,34.2242,4.84,Triangulum
996,Kap-1 Cet,49.8404,3.3702,4.84,Cetus
1311,47 Tau,63.4849,9.2638,4.84,Taurus
1946,126 Tau,85.3238,16.5341,4.84,Taurus
2961,HR 2961,114.8639,-38.3080,4.84,Puppis
3414,HR 3414,128.8320,-58.0092,4.84,Carina
4291,58 Leo,165.1402,3.6175,4.84,Leo
4515,ξ Vir,176.3210,8.2581,4.84,Virgo
5370,20 Boo,214.9385,16.3069,4.84,Boötes
6159,29 Her,248.1512,11.4880,4.84,Hercules
6223,18 Dra,250.2297,64.5890,4.84,Draco
6237,HR 6237,251.3242,56.7819,4.84,Draco
7618,60 Sgr,299.7383,-26.1958,4.84,Sagittarius
8644,ρ Gru,340.8749,-41.4143,4.84,Grus
8655,η Gru,341.4078,-53.5001,4.84,Grus
8797,1 Cas,346.6534,59.4198,4.84,Cassiopeia
5978,Graffias,241.0916,-11.3746,4.84,Scorpius
932,HR 932,47.9844,74.3937,4.85,Cassiopeia
991,HR 991,49.6826,34.2227,4.85,Perseus
2874,HR 2874,112.4642,-23.0243,4.85,Puppis
3990,HR 3990,152.2344,-51.8113,4.85,Vela
4979,HR 4979,198.0135,-37.8030,4.85,Centaurus
5666,ε Cir,229.4120,-63.6105,4.85,Circinus
6675,HR 6675,269.1976,-44.3422,4.85,Scorpius
6866,74 Oph,275.2169,3.3772,4.85,Ophiuchus
7134,λ Tel,284.6157,-52.9386,4.85,Telescopium
105,η Scl,6.9821,-33.0072,4.86,Sculptor
994,15 Eri,49.5921,-22.5111,4.86,Eridanus
2470,12 Lyn,101.5589,59.4417,4.86,Lynx
3433,ζ Pyx,129.9270,-29.5611,4.86,Pyxis
4126,HR 4126,158.7732,75.7129,4.86,Draco
5002,HR 5002,199.3043,-66.7834,4.86,Musca
5385,HR 5385,215.8446,8.4466,4.86,Boötes
5480,31 Boo,220.4115,8.1618,4.86,Boötes
6103,ξ CrB,245.5243,30.8920,4.86,Corona Borealis
6155,μ Nor,248.5209,-44.0453,4.86,Norma
6200,42 Her,249.6869,48.9283,4.86,Hercules
6555,Nu-2 Dra,263.0665,55.1730,4.86,Draco
6595,58 Oph,265.8575,-21.6832,4.86,Ophiuchus
7029,HR 7029,281.0807,-35.6420,4.86,Sagittarius
7116,Ainalrami,283.5424,-22.7448,4.86,Sagittarius
7292,ψ Sgr,288.8851,-25.2567,4.86,Sagittarius
7859,ρ Pav,309.3970,-61.5299,4.86,Pavo
8413,ν Peg,331.4198,5.0585,4.86,Pegasus
390,Adhil,20.5851,45.5288,4.87,Andromeda
754,ν Cet,38.9686,5.5932,4.87,Cetus
972,ζ Ari,48.7254,21.0444,4.87,Aries
1318,39 Eri,63.5987,-10.2563,4.87,Eridanus
2746,HR 2746,108.3057,-45.1827,4.87,Puppis
3441,9 Hya,130.4306,-15.9434,4.87,Hydra
3556,δ Pyx,133.8815,-27.6819,4.87,Pyxis
3919,HR 3919,148.5514,-25.9323,4.87,Hydra
4162,HR 4162,159.3072,-27.4126,4.87,Hydra
4222,HR 4222,161.7135,-64.3835,4.87,Carina
7515,56 Sgr,296.5906,-19.7611,4.87,Sagittarius
8255,72 Cyg,323.6939,38.5341,4.87,Cygnus
708,ρ Cet,36.4875,-12.2905,4.88,Cetus
1810,114 Tau,81.9087,21.9370,4.88,Taurus
2002,132 Tau,87.2540,24.5675,4.88,Taurus
2056,λ Col,88.2787,-33.8014,4.88,Columba
2781,29 CMa,109.6682,-24.5587,4.88,Canis Major
4583,ε Cha,179.9069,-78.2218,4.88,Chamaeleon
4828,ρ Vir,190.4711,10.2356,4.88,Virgo
4924,37 Com,195.0686,30.7850,4.88,Coma Berenices
6315,19 Dra,254.0062,65.1348,4.88,Draco
6682,HR 6682,269.4492,-41.7163,4.88,Scorpius
7032,ε Sct,280.8802,-8.2752,4.88,Scutum
7304,43 Sgr,289.4087,-18.9529,4.88,Sagittarius
7424,ι Tel,293.8041,-48.0992,4.88,Telescopium
9008,τ Cas,356.7643,58.6520,4.88,Cassiopeia
9067,27 Psc,359.6682,-3.5560,4.88,Pisces
9071,σ Cas,359.7522,55.7549,4.88,Cassiopeia
33,6 Cet,2.8161,-15.4680,4.89,Cetus
1533,HR 1533,72.4777,37.4883,4.89,Perseus
1789,Psi-1 Ori,81.1868,1.8464,4.89,Orion
2010,134 Tau,87.3872,12.6513,4.89,Taurus
2930,Jishui,114.7914,34.5843,4.89,Gemini
3003,81 Gem,116.5310,18.5100,4.89,Gemini
4134,HR 4134,157.8416,-53.7155,4.89,Vela
4163,HR 4163,159.3886,-13.3845,4.89,Hydra
4523,HR 4523,176.6306,-40.5004,4.89,Centaurus
4549,HR 4549,177.9636,-65.2059,4.89,Musca
4894,35 Com,193.3239,21.2449,4.89,Coma Berenices
5303,η Aps,214.5582,-81.0078,4.89,Apus
6355,60 Her,256.3445,12.7408,4.89,Hercules
6554,Nu-1 Dra,263.0438,55.1842,4.89,Draco
7517,15 Cyg,296.0691,37.3544,4.89,Cygnus
7965,α Mic,312.4920,-33.7797,4.89,Microscopium
8622,10 Lac,339.8153,39.0503,4.89,Lacerta
8926,HR 8926,352.5080,58.5489,4.89,Cassiopeia
223,ν Cas,12.2084,50.9682,4.90,Cassiopeia
412,46 Cet,21.4051,-14.5988,4.90,Cetus
1963,51 Ori,85.6193,1.4746,4.90,Orion
2585,16 Lyn,104.4046,45.0941,4.90,Lynx
4874,HR 4874,192.6715,-33.9993,4.90,Centaurus
4989,HR 4989,198.5637,-59.1032,4.90,Centaurus
5967,HR 5967,240.8508,-38.6025,4.90,Lupus
5985,Acrab B,241.3607,-19.8019,4.90,Scorpius
6098,ζ TrA,247.1163,-70.0844,4.90,Triangulum Australe
7565,12 Vul,297.7671,22.6100,4.90,Vulpecula
7952,ζ Ind,312.3706,-46.2268,4.90,Indus
788,12 Per,40.5622,40.1939,4.91,Perseus
1437,45 Eri,67.9694,-0.0440,4.91,Eridanus
1621,HR 1621,75.3566,-20.0519,4.91,Lepus
1656,104 Tau,76.8625,18.6451,4.91,Taurus
2275,HR 2275,94.9983,-2.9445,4.91,Orion
2701,20 Mon,107.5570,-4.2371,4.91,Monoceros
2696,63 Aur,107.9138,39.3205,4.91,Auriga
4171,Phi-3 Hya,159.6456,-16.8766,4.91,Hydra
4823,HR 4823,190.4858,-59.6858,4.91,Crux
5110,HR 5110,203.6991,37.1824,4.91,Canes Venatici
5586,δ Lib,225.2431,-8.5189,4.91,Libra
5660,1 Lup,228.6555,-31.5191,4.91,Lupus
6196,HR 6196,250.3933,-17.7422,4.91,Ophiuchus
6369,μ Dra,256.3339,54.4700,4.91,Draco
7619,ψ Cyg,298.9075,52.4389,4.91,Cygnus
7831,69 Aql,307.4125,-2.8855,4.91,Aquila
7873,70 Aql,309.1818,-2.5500,4.91,Aquila
8582,ν Tuc,338.2502,-61.9821,4.91,Tucana
8717,ρ Peg,343.8070,8.8162,4.91,Pegasus
565,56 Cet,29.1675,-22.5268,4.92,Cetus
2128,3 Mon,90.4601,-10.5979,4.92,Monoceros
2148,17 Lep,91.2464,-16.4844,4.92,Lepus
2289,Psi-1 Aur,96.2246,49.2879,4.92,Auriga
2672,HR 2672,105.9734,-49.5839,4.92,Puppis
2742,HR 2742,112.7687,82.4115,4.92,Camelopardalis
3682,HR 3682,138.9030,-38.5699,4.92,Vela
4314,Chi-1 Hya,166.3330,-27.2936,4.92,Hydra
4733,14 Com,186.6003,27.2682,4.92,Coma Berenices
5105,78 Vir,203.5331,3.6590,4.92,Virgo
5201,6 Boo,207.4285,21.2641,4.92,Boötes
5489,HR 5489,221.2467,-35.1918,4.92,Centaurus
5723,ε Lib,231.0495,-10.3223,4.92,Libra
6749,HR 6749,271.7079,-43.4252,4.92,Corona Australis
6868,106 Her,275.0746,21.9613,4.92,Hercules
6934,Del-1 Tel,277.9393,-45.9148,4.92,Telescopium
7137,HR 7137,283.3064,50.7082,4.92,Draco
7939,30 Vul,311.2188,25.2706,4.92,Vulpecula
1302,δ Hor,62.7106,-41.9936,4.93,Horologium
1329,Ome-2 Tau,64.3153,20.5786,4.93,Taurus
1343,54 Per,65.1027,34.5667,4.93,Perseus
1592,ω Aur,74.8142,37.8902,4.93,Auriga
2934,HR 2934,113.9155,-52.5338,4.93,Carina
2946,24 Lyn,115.7518,58.7104,4.93,Lynx
3122,27 Mon,119.9340,-3.6796,4.93,Monoceros
3582,HR 3582,134.2434,-59.2293,4.93,Carina
3862,HR 3862,145.5602,-23.9156,4.93,Hydra
4443,HR 4443,173.0684,-29.2610,4.93,Hydra
4499,HR 4499,175.2235,-62.0901,4.93,Centaurus
4667,7 Com,184.0856,23.9454,4.93,Coma Berenices
4883,31 Com,192.9247,27.5407,4.93,Coma Berenices
4931,78 UMa,195.1819,56.3663,4.93,Ursa Major
5301,HR 5301,212.7104,-16.3020,4.93,Virgo
5535,11 Lib,222.7545,-2.2992,4.93,Libra
5634,45 Boo,226.8252,24.8692,4.93,Boötes
6031,ψ Sco,243.0000,-10.0643,4.93,Scorpius
7446,κ Aql,294.2227,-7.0275,4.93,Aquila
7673,ξ Tel,301.8465,-52.8808,4.93,Telescopium
7708,28 Cyg,302.3567,36.8396,4.93,Cygnus
7736,29 Cyg,303.6334,36.8063,4.93,Cygnus
7956,HR 7956,311.7948,34.3741,4.93,Cygnus
8850,χ Aqr,349.2123,-7.7265,4.93,Aquarius
8997,78 Peg,355.9978,29.3615,4.93,Pegasus
642,6 Tri,33.0929,30.3031,4.94,Triangulum
882,24 Per,44.7653,35.1831,4.94,Perseus
2608,HR 2608,104.0666,-48.7211,4.94,Puppis
2812,HR 2812,110.5564,-19.0166,4.94,Canis Major
3149,χ Gem,120.8795,27.7943,4.94,Gemini
3520,HR 3520,132.4485,-45.3079,4.94,Vela
3923,Felis,148.7175,-19.0094,4.94,Hydra
4072,HR 4072,156.0327,65.5664,4.94,Ursa Major
4142,HR 4142,157.7586,-73.2215,4.94,Carina
4958,ψ Hya,197.2636,-23.1181,4.94,Hydra
4997,HR 4997,198.4290,40.1529,4.94,Canes Venatici
6161,15 Dra,246.9960,68.7681,4.94,Draco
7192,λ Lyr,285.0034,32.1455,4.94,Lyra
7724,ρ Aql,303.5692,15.1976,4.94,Aquila
7844,Ome-1 Cyg,307.5147,48.9516,4.94,Cygnus
8447,τ PsA,332.5364,-32.5484,4.94,Piscis Austrinus
184,π Cas,10.8670,47.0245,4.95,Cassiopeia
382,φ Cas,20.0205,58.2316,4.95,Cassiopeia
1204,HR 1204,59.3560,63.0723,4.95,Camelopardalis
1952,HR 1952,85.2113,-1.1288,4.95,Orion
2198,69 Ori,93.0137,16.1304,4.95,Orion
4418,τ Leo,171.9843,2.8563,4.95,Leo
4795,6 Dra,188.6835,70.0218,4.95,Draco
5941,48 Lib,239.5474,-14.2794,4.95,Libra
6024,κ Nor,243.3697,-54.6305,4.95,Norma
6116,η UMi,244.3769,75.7553,4.95,Ursa Minor
7613,22 Cyg,298.9657,38.4867,4.95,Cygnus
7625,HR 7625,300.4364,-59.3759,4.95,Pavo
8699,15 Lac,343.0084,43.3124,4.95,Lacerta
8911,κ Psc,351.7331,1.2556,4.95,Pisces
9004,19 Psc,356.5980,3.4868,4.95,Pisces
477,τ And,25.1451,40.5770,4.96,Andromeda
483,HR 483,25.4457,42.6134,4.96,Andromeda
749,ω For,38.4613,-28.2323,4.96,Fornax
1002,32 Per,50.3607,43.3297,4.96,Perseus
1407,75 Tau,67.1099,16.3597,4.96,Taurus
1739,109 Tau,79.8192,22.0965,4.96,Taurus
2029,ξ Aur,88.7116,55.7069,4.96,Auriga
5196,89 Vir,207.4679,-18.1342,4.96,Virgo
5960,HR 5960,239.4479,54.7498,4.96,Draco
5969,HR 5969,240.8359,-25.8652,4.96,Scorpius
6765,98 Her,271.5079,22.2189,4.96,Hercules
6801,1 Sgr,272.9305,-23.7012,4.96,Sagittarius
6815,104 Her,272.9757,31.4053,4.96,Hercules
8904,4 Cas,351.2094,62.2828,4.96,Cassiopeia
370,ν Phe,18.7956,-45.5317,4.97,Phoenix
548,ω Cas,29.0001,68.6852,4.97,Cassiopeia
1123,40 Per,55.5944,33.9650,4.97,Perseus
1266,ι Ret,60.3255,-61.0788,4.97,Reticulum
1348,φ Tau,65.0884,27.3508,4.97,Taurus
2087,ξ Col,88.8746,-37.1207,4.97,Columba
3067,φ Gem,118.3742,26.7658,4.97,Gemini
4089,HR 4089,155.7424,-66.9015,4.97,Carina
4695,16 Vir,185.0874,3.3126,4.97,Virgo
5072,70 Vir,202.1076,13.7788,4.97,Virgo
5407,52 Hya,217.0435,-29.4916,4.97,Hydra
5824,42 Lib,235.0704,-23.8181,4.97,Libra
6058,Gam-1 Nor,244.2539,-50.0681,4.97,Norma
6337,HR 6337,255.7828,14.0919,4.97,Hercules
8943,72 Peg,353.4883,31.3253,4.97,Pegasus
8968,Ome-1 Aqr,354.9461,-14.2222,4.97,Aquarius
9003,ψ And,356.5085,46.4203,4.97,Andromeda
500,HR 500,25.6813,-3.6902,4.98,Cetus
623,14 Ari,32.3555,25.9399,4.98,Aries
909,β Hor,44.6991,-64.0713,4.98,Horologium
1637,9 Aur,76.6693,51.5977,4.98,Auriga
1893,The-1 Ori,83.8159,-5.3873,4.98,Orion
1897,The-2 Ori,83.8454,-5.4161,4.98,Orion
2959,HR 2959,115.0967,-15.2639,4.98,Puppis
3431,6 Hya,130.0061,-12.4754,4.98,Hydra
4294,59 Leo,165.1867,6.1014,4.98,Leo
4538,HR 4538,177.4859,-70.2258,4.98,Musca
4738,16 Com,186.7471,26.8257,4.98,Coma Berenices
5774,Nu-2 Boo,232.9458,40.8993,4.98,Boötes
5971,ι CrB,240.3607,29.8511,4.98,Corona Borealis
6923,39 Dra,275.9776,58.8007,4.98,Draco
7142,Alya B,284.0610,4.2021,4.98,Serpens
7333,26 Aql,290.1371,-5.4158,4.98,Aquila
7633,HR 7633,298.9808,58.8460,4.98,Cygnus
9103,3 Cet,1.1255,-10.5095,4.99,Cetus
590,4 Per,30.5754,54.4875,4.99,Perseus
1034,HR 1034,52.0128,49.0629,4.99,Perseus
1134,δ For,55.5621,-31.9384,4.99,Fornax
1205,HR 1205,59.2845,61.1089,4.99,Camelopardalis
1483,HR 1483,69.7231,-12.1231,4.99,Eridanus
1770,23 Ori,80.7083,3.5445,4.99,Orion
2516,Psi-7 Aur,102.6915,41.7812,4.99,Auriga
2549,HR 2549,102.7181,-34.3673,4.99,Puppis
2648,19 Mon,105.7282,-4.2392,4.99,Monoceros
2828,ε CMi,111.4121,9.2761,4.99,Canis Minor
3229,20 Pup,123.3332,-15.7882,4.99,Puppis
3613,ω Hya,136.4932,5.0923,4.99,Hydra
3654,HR 3654,137.7683,-44.8679,4.99,Vela
3782,ξ Leo,142.9864,11.2998,4.99,Leo
4392,56 UMa,170.7066,43.4827,4.99,Ursa Major
4668,HR 4668,184.1256,33.0615,4.99,Coma Berenices
5141,HR 5141,205.4366,-54.5594,4.99,Centaurus
5313,HR 5313,213.0659,2.4094,4.99,Virgo
5698,Nu-1 Lup,230.5346,-47.9278,4.99,Lupus
5727,η CrB,230.8012,30.2878,4.99,Corona Borealis
5943,HR 5943,239.8761,-41.7444,4.99,Lupus
6850,36 Dra,273.4732,64.3973,4.99,Draco
7372,2 Cyg,291.0316,29.6213,4.99,Cygnus
7659,HR 7659,301.0816,-32.0563,4.99,Sagittarius
8433,υ PsA,332.1081,-34.0438,4.99,Piscis Austrinus
8726,HR 8726,344.1083,49.7335,4.99,Lacerta
8865,Psi-3 Aqr,349.7403,-9.6107,4.99,Aquarius
1242,HR 1242,61.1132,59.1555,5.00,Camelopardalis
1780,111 Tau,81.1061,17.3835,5.00,Taurus
2177,Elkurud,91.8818,-37.2529,5.00,Columba
2244,HR 2244,93.9370,-13.7184,5.00,Canis Major
2593,μ CMa,104.0277,-14.0434,5.00,Canis Major
2751,HR 2751,109.6332,49.4648,5.00,Lynx
3827,10 Leo,144.3028,6.8358,5.00,Leo
4396,HR 4396,170.8029,-36.1648,5.00,Centaurus
4511,HR 4511,175.8800,-62.4894,5.00,Centaurus
5826,θ UMi,232.8543,77.3494,5.00,Ursa Minor
6008,Marsic,242.0189,17.0470,5.00,Hercules
6693,HR 6693,269.7720,-30.2530,5.00,Sagittarius
6791,HR 6791,271.8698,43.4619,5.00,Hercules
7120,Nu-2 Sgr,283.7797,-22.6713,5.00,Sagittarius
7215,16 Lyr,285.3599,46.9348,5.00,Lyra
7309,54 Dra,288.4798,57.7051,5.00,Draco
7437,9 Vul,293.6454,19.7734,5.00,Vulpecula
7534,17 Cyg,296.6067,33.7276,5.00,Cygnus
9062,η Tuc,359.3959,-64.2982,5.00,Tucana
5977,ξ Sco,241.0916,-11.3746,5.00,Scorpius
7227,γ CrA,286.6027,-37.0647,5.00,Corona Australis
27,22 And,2.5802,46.0723,5.01,Andromeda
103,47 Psc,7.0121,17.8931,5.01,Pisces
469,χ And,24.8375,44.3862,5.01,Andromeda
1628,HR 1628,75.5409,-26.2750,5.01,Lepus
1706,14 Aur,78.8517,32.6876,5.01,Auriga
2245,Eta-2 Dor,92.8125,-65.5894,5.01,Dorado
2215,1 Lyn,94.4784,61.5153,5.01,Lynx
2861,65 Gem,112.4532,27.9161,5.01,Gemini
3079,HR 3079,118.0654,-34.7054,5.01,Puppis
3407,HR 3407,128.6817,-49.9442,5.01,Vela
3819,HR 3819,143.5367,-51.2553,5.01,Vela
4181,HR 4181,160.7668,69.0762,5.01,Ursa Major
4492,HR 4492,174.8734,-65.3978,5.01,Musca
4682,HR 4682,184.7491,-55.1430,5.01,Centaurus
4728,6 CVn,186.4623,39.0186,5.01,Canes Venatici
4765,4 Dra,187.5280,69.2011,5.01,Draco
6452,HR 6452,260.0786,18.0571,5.01,Hercules
7546,ζ Sge,297.2444,19.1420,5.01,Sagitta
7614,61 Sgr,299.4876,-15.4915,5.01,Sagittarius
1414,79 Tau,67.2090,13.0476,5.02,Taurus
1773,σ Aur,81.1631,37.3853,5.02,Auriga
3808,HR 3808,143.3019,-21.1157,5.02,Hydra
4143,HR 4143,158.2370,-47.0034,5.02,Vela
4258,46 UMa,163.9350,33.5069,5.02,Ursa Major
5247,9 Boo,209.1424,27.4921,5.02,Boötes
5543,HR 5543,223.2128,-37.8032,5.02,Centaurus
5714,11 UMi,229.2745,71.8239,5.02,Ursa Minor
6656,30 Dra,267.2679,50.7811,5.02,Draco
6701,35 Dra,267.3623,76.9629,5.02,Draco
6891,HR 6891,275.3861,49.1216,5.02,Draco
7040,4 Aql,281.2081,2.0600,5.02,Aquila
7145,Xi-1 Sgr,284.3353,-20.6563,5.02,Sagittarius
7362,Chi-1 Sgr,291.3187,-24.5086,5.02,Sagittarius
8326,θ PsA,326.9340,-30.8983,5.02,Piscis Austrinus
613,κ Ari,31.6413,22.6483,5.03,Aries
1549,60 Eri,72.5484,-16.2172,5.03,Eridanus
2140,HR 2140,90.8150,-26.2845,5.03,Lepus
2770,HR 2770,109.2059,-36.5926,5.03,Puppis
3015,4 Pup,116.4870,-14.5638,5.03,Puppis
3359,HR 3359,127.3645,-44.7248,5.03,Vela
4277,Chalawan,164.8668,40.4303,5.03,Ursa Major
4792,24 Com,188.7823,18.3771,5.03,Coma Berenices
5150,82 Vir,205.4032,-8.7030,5.03,Virgo
5316,HR 5316,213.7381,-57.0861,5.03,Centaurus
6270,51 Her,252.9386,24.6564,5.03,Hercules
6316,HR 6316,255.4693,-32.1435,5.03,Scorpius
6433,HR 6433,259.6541,10.8645,5.03,Ophiuchus
7049,46 Dra,280.6581,55.5395,5.03,Draco
7329,η Tel,290.7133,-54.4239,5.03,Telescopium
7414,36 Aql,292.6660,-2.7889,5.03,Aquila
7576,20 Cyg,297.6572,52.9880,5.03,Cygnus
8008,32 Vul,313.6402,28.0576,5.03,Vulpecula
9091,ζ Scl,0.5830,-29.7204,5.04,Sculptor
324,41 And,17.0034,43.9421,5.04,Andromeda
520,HR 520,26.5259,-53.5220,5.04,Eridanus
969,HR 969,49.0509,50.9377,5.04,Perseus
1503,β Cae,70.5145,-37.1443,5.04,Caelum
2108,2 Mon,89.7680,-9.5582,5.04,Monoceros
2196,HR 2196,91.7641,-62.1546,5.04,Pictor
2241,74 Ori,94.1109,12.2722,5.04,Orion
2459,Psi-4 Aur,100.7708,44.5245,5.04,Auriga
2808,57 Gem,110.8688,25.0505,5.04,Gemini
2938,74 Gem,114.8691,17.6745,5.04,Gemini
2998,HR 2998,115.7380,-45.1731,5.04,Puppis
3187,HR 3187,121.6681,-45.2660,5.04,Vela
4605,κ Cha,181.1942,-76.5191,5.04,Chamaeleon
4981,53 Vir,198.0148,-16.1986,5.04,Virgo
5042,Iot-1 Mus,201.2804,-74.8878,5.04,Musca
5071,HR 5071,202.3552,-51.1651,5.04,Centaurus
5664,δ Cir,229.2371,-60.9573,5.04,Circinus
5694,5 Ser,229.8283,1.7654,5.04,Serpens
5763,Nu-1 Boo,232.7323,40.8330,5.04,Boötes
5902,λ Lib,238.3336,-20.1670,5.04,Libra
8154,68 Cyg,319.6133,43.9459,5.04,Cygnus
8266,74 Cyg,324.2374,40.4135,5.04,Cygnus
8400,16 Cep,329.8128,73.1799,5.04,Cepheus
8610,Situla,339.4391,-4.2281,5.04,Aquarius
989,31 Per,49.7818,50.0950,5.05,Perseus
1180,Pleione,57.2967,24.1367,5.05,Taurus
1663,Eta-2 Pic,76.2416,-49.5778,5.05,Pictor
1740,19 Aur,80.0038,33.9581,5.05,Auriga
2462,HR 2462,99.6568,-48.2202,5.05,Puppis
2609,HR 2609,115.1294,87.0201,5.05,Cepheus
3430,HR 3430,129.7830,-22.6619,5.05,Pyxis
6775,99 Her,271.7565,30.5621,5.05,Hercules
8469,λ Cep,332.8774,59.4145,5.05,Cepheus
8815,57 Peg,347.3811,8.6772,5.05,Pegasus
8878,7 Psc,350.0858,5.3813,5.05,Pisces
9013,HR 9013,356.9781,67.8068,5.05,Cepheus
1105,HR 1105,55.5389,63.2168,5.06,Camelopardalis
1723,HR 1723,78.8516,-26.9435,5.06,Lepus
1771,HR 1771,80.4427,-24.7730,5.06,Lepus
2221,ν Dor,92.1846,-68.8434,5.06,Dorado
2205,HR 2205,92.9659,-6.5503,5.06,Monoceros
2344,10 Mon,96.9899,-4.7622,5.06,Monoceros
2909,HR 2909,113.5776,-23.4737,5.06,Puppis
3280,HR 3280,124.5783,-65.6132,5.06,Volans
3976,HR 3976,151.5467,-47.3700,5.06,Vela
4288,49 UMa,165.2101,39.2121,5.06,Ursa Major
5336,ε Aps,215.5966,-80.1089,5.06,Apus
6371,HR 6371,257.6764,-44.5577,5.06,Scorpius
7495,HR 7495,295.2090,45.5249,5.06,Cygnus
7489,55 Sgr,295.6297,-16.1240,5.06,Sagittarius
7660,26 Cyg,300.3398,50.1047,5.06,Cygnus
7894,28 Vul,309.6330,24.1160,5.06,Vulpecula
7984,56 Cyg,312.5204,44.0593,5.06,Cygnus
7968,ι Ind,312.8752,-51.6082,5.06,Indus
8092,ο Pav,318.3353,-70.1263,5.06,Pavo
9036,φ Peg,358.1220,19.1203,5.06,Pegasus
136,Bet-3 Tuc,8.1827,-63.0315,5.07,Tucana
225,64 Psc,12.2446,16.9406,5.07,Pisces
962,94 Cet,48.1935,-1.1961,5.07,Cetus
1443,δ Cae,67.7087,-44.9537,5.07,Caelum
1467,3 Cam,69.9779,53.0795,5.07,Camelopardalis
1787,27 Ori,81.1205,-0.8913,5.07,Orion
2619,HR 2619,104.6046,-34.1117,5.07,Puppis
2717,51 Gem,108.3428,16.1590,5.07,Gemini
2857,64 Gem,112.3352,28.1183,5.07,Gemini
3035,HR 3035,116.8541,-38.5111,5.07,Puppis
3779,6 Leo,142.9899,9.7158,5.07,Leo
3860,ζ Cha,143.4729,-80.9413,5.07,Chamaeleon
3849,κ Hya,145.0765,-14.3323,5.07,Hydra
3909,γ Sex,148.1268,-8.1050,5.07,Sextans
4146,48 Leo,158.7001,6.9537,5.07,Leo
4441,Omi-1 Cen,172.9420,-59.4421,5.07,Centaurus
5312,50 Hya,213.1918,-27.2612,5.07,Hydra
6185,17 Dra,249.0572,52.9244,5.07,Draco
6388,HR 6388,257.3886,40.7770,5.07,Hercules
6566,27 Dra,262.9912,68.1350,5.07,Draco
6938,Del-2 Tel,278.0081,-45.7574,5.07,Telescopium
7248,18 Aql,286.7442,11.0712,5.07,Aquila
7896,κ Del,309.7824,10.0862,5.07,Delphinus
8343,14 Peg,327.4612,30.1742,5.07,Pegasus
8428,19 Cep,331.2866,62.2798,5.07,Cepheus
6402,Guniibuu B,258.8360,-26.6032,5.07,Ophiuchus
144,HR 144,9.0346,54.1684,5.08,Cassiopeia
1174,30 Tau,57.0678,11.1433,5.08,Taurus
1478,Sig-1 Tau,69.7884,15.7998,5.08,Taurus
1547,97 Tau,72.8436,18.8399,5.08,Taurus
1686,HR 1686,80.6405,79.2311,5.08,Camelopardalis
1805,φ Aur,81.9120,34.4759,5.08,Auriga
2261,α Men,92.5595,-74.7530,5.08,Mensa
2508,HR 2508,101.9051,-8.9985,5.08,Monoceros
3116,HR 3116,119.3268,-44.1099,5.08,Puppis
3350,HR 3350,126.9025,-53.0885,5.08,Vela
3881,HR 3881,147.1472,46.0210,5.08,Ursa Major
4119,β Sex,157.5728,-0.6370,5.08,Sextans
4145,44 Hya,158.5037,-23.7452,5.08,Hydra
4164,HR 4164,159.0856,-59.5644,5.08,Carina
4192,41 LMi,160.8540,23.1884,5.08,Leo Minor
4395,λ Crt,170.8412,-18.7800,5.08,Crater
4899,Mu-2 Cru,193.6538,-57.1687,5.08,Crux
5551,θ Cir,224.1833,-62.7810,5.08,Circinus
7119,HR 7119,283.6796,-15.6030,5.08,Scutum
7688,17 Vul,301.7225,23.6144,5.08,Vulpecula
7814,π Cap,306.8300,-18.2117,5.08,Capricornus
8351,μ Cap,328.3240,-13.5518,5.08,Capricornus
8615,31 Cep,338.9412,73.6432,5.08,Cepheus
236,λ Hyi,12.1467,-74.9234,5.09,Hydrus
563,ι Ari,29.3377,17.8175,5.09,Aries
1046,HR 1046,52.5009,55.4518,5.09,Camelopardalis
1523,HR 1523,75.0863,81.1941,5.09,Cepheus
2395,HR 2395,98.4080,-1.2202,5.09,Monoceros
2795,56 Gem,110.4869,20.4437,5.09,Gemini
2862,HR 2862,111.5910,-51.0185,5.09,Carina
3123,12 Pup,119.7738,-23.3104,5.09,Puppis
3240,HR 3240,123.4930,-36.3223,5.09,Puppis
3527,HR 3527,132.6394,-46.5292,5.09,Vela
3753,HR 3753,141.5749,-53.3789,5.09,Vela
3870,HR 3870,146.6319,57.1281,5.09,Ursa Major
3898,HR 3898,147.4881,-45.7327,5.09,Vela
4401,HR 4401,170.8392,-64.9547,5.09,Musca
4663,6 Com,184.0008,14.8991,5.09,Coma Berenices
5895,36 Ser,237.8150,-3.0905,5.09,Serpens
6017,HR 6017,242.7587,-29.4162,5.09,Scorpius
6644,87 Her,267.2048,25.6229,5.09,Hercules
6862,HR 6862,275.5774,-38.6569,5.09,Corona Australis
7679,η Sge,301.2896,19.9911,5.09,Sagitta
8284,75 Cyg,325.0462,43.2738,5.09,Cygnus
8356,16 Peg,328.2657,25.9251,5.09,Pegasus
8424,HR 8424,331.5081,45.0143,5.09,Lacerta
8481,ε Oct,335.0063,-80.4397,5.09,Octans
8766,2 And,345.6515,42.7578,5.09,Andromeda
8893,66 Peg,350.7690,12.3139,5.09,Pegasus
8991,77 Peg,355.8432,10.3315,5.09,Pegasus
873,21 Per,44.3220,31.9342,5.10,Perseus
1015,Tau-2 Ari,50.6885,20.7421,5.10,Aries
1230,HR 1230,62.5116,80.6987,5.10,Cepheus
1381,66 Tau,65.9659,9.4610,5.10,Taurus
2064,ε Dor,87.4731,-66.9012,5.10,Dorado
4532,HR 4532,177.1879,-26.7498,5.10,Hydra
5006,HR 5006,199.2214,-31.5062,5.10,Centaurus
5392,HR 5392,216.0473,5.8201,5.10,Virgo
5966,5 Her,240.3097,17.8184,5.10,Hercules
6204,HR 6204,251.6667,-67.1097,5.10,Triangulum Australe
6460,HR 6460,261.0545,-44.1626,5.10,Scorpius
6794,101 Her,272.2203,20.0452,5.10,Hercules
7319,23 Aql,289.6354,1.0851,5.10,Aquila
8277,25 Aqr,324.8886,2.2436,5.10,Aquarius
8311,46 Cap,326.2511,-9.0824,5.10,Capricornus
8752,HR 8752,345.0213,56.9454,5.10,Cassiopeia
9032,Gam-1 Oct,358.0278,-82.0188,5.10,Octans
433,48 Cet,22.4006,-21.6293,5.11,Cetus
1214,HR 1214,58.4123,-34.7323,5.11,Eridanus
1673,68 Eri,77.1821,-4.4562,5.11,Eridanus
2511,43 Cam,103.4260,68.8883,5.11,Camelopardalis
2790,HR 2790,109.6591,-36.7427,5.11,Puppis
3928,19 LMi,149.4212,41.0556,5.11,Leo Minor
4338,HR 4338,167.1417,-61.9472,5.11,Carina
5058,HR 5058,201.5322,-39.7551,5.11,Centaurus
5891,κ TrA,238.8734,-68.6030,5.11,Triangulum Australe
6903,μ Lyr,276.0575,39.5072,5.11,Lyra
7021,λ CrA,280.9456,-38.3234,5.11,Corona Australis
7312,59 Dra,287.2907,76.5605,5.11,Draco
7875,Phi-2 Pav,310.0102,-60.5489,5.11,Pavo
7943,ι Mic,312.1213,-43.9885,5.11,Microscopium
8383,HR 8383,329.1631,63.6256,5.11,Cepheus
8488,Mu-2 Gru,334.1107,-41.6272,5.11,Grus
8621,HR 8621,339.6579,56.7956,5.11,Lacerta
8656,13 Lac,341.0228,41.8192,5.11,Lacerta
558,φ Phe,28.5918,-42.4969,5.12,Phoenix
934,μ Hor,45.9036,-59.7378,5.12,Horologium
1657,66 Eri,76.6902,-4.6552,5.12,Eridanus
2719,HR 2719,107.6979,-48.9321,5.12,Puppis
2793,65 Aur,110.5110,36.7606,5.12,Auriga
3002,HR 3002,115.9246,-40.9337,5.12,Puppis
3059,ζ CMi,117.9249,1.7669,5.12,Canis Minor
3692,HR 3692,139.0960,-44.2657,5.12,Vela
3817,HR 3817,143.4356,-49.0051,5.12,Vela
4178,38 UMa,160.4862,65.7163,5.12,Ursa Major
4246,44 UMa,163.3937,54.5851,5.12,Ursa Major
4442,Omi-2 Cen,172.9533,-59.5156,5.12,Centaurus
4794,HR 4794,188.9398,-41.0219,5.12,Centaurus
4851,27 Com,191.6615,16.5777,5.12,Coma Berenices
6585,Cervantes,266.0363,-51.8341,5.12,Ara
6877,107 Her,275.2542,28.8700,5.12,Hercules
6944,HR 6944,277.8596,-18.4027,5.12,Sagittarius
6970,HR 6970,278.7600,-10.9772,5.12,Scutum
7418,Albireo B,292.6891,27.9653,5.12,Cygnus
7430,37 Aql,293.7802,-10.5604,5.12,Aquila
7560,ο Aql,297.7568,10.4157,5.12,Aquila
7846,ν Mic,308.4795,-44.5160,5.12,Microscopium
8516,47 Aqr,335.3982,-21.5982,5.12,Aquarius
8767,π PsA,345.8742,-34.7494,5.12,Piscis Austrinus
9087,29 Psc,0.4560,-3.0275,5.13,Pisces
46,HR 46,3.6151,-7.7805,5.13,Cetus
378,89 Psc,19.4498,3.6145,5.13,Pisces
724,φ For,37.0071,-33.8110,5.13,Fornax
1009,HR 1009,51.1690,64.5860,5.13,Camelopardalis
1895,The-1 Ori,83.8186,-5.3897,5.13,Orion
3262,χ Cnc,125.0161,27.2177,5.13,Cancer
3306,HR 3306,126.4782,7.5645,5.13,Cancer
4449,HR 4449,173.2255,-31.0872,5.13,Hydra
5299,HR 5299,211.9823,43.8545,5.13,Boötes
5607,HR 5607,226.3298,-41.0672,5.13,Lupus
5775,36 Lib,233.6555,-28.0470,5.13,Libra
6045,θ Nor,243.8139,-47.3720,5.13,Norma
6457,70 Her,260.2259,24.4994,5.13,Hercules
7295,53 Dra,287.9190,56.8592,5.13,Draco
8021,α Oct,316.1793,-77.0238,5.13,Octans
9069,π Phe,359.7323,-52.7458,5.13,Phoenix
152,HR 152,9.1935,44.4886,5.14,Andromeda
366,37 Cet,18.6002,-7.9228,5.14,Cetus
1061,4 Tau,52.6020,11.3364,5.14,Taurus
1177,42 Per,57.3862,33.0914,5.14,Perseus
1836,λ Dor,81.5803,-58.9125,5.14,Dorado
2130,64 Ori,90.8640,19.6906,5.14,Orion
2548,HR 2548,102.4776,-46.6146,5.14,Puppis
2490,42 Cam,102.7379,67.5719,5.14,Camelopardalis
2652,HR 2652,105.2145,-51.4026,5.14,Carina
2649,HR 2649,105.9086,10.9518,5.14,Gemini
2683,HR 2683,106.0764,-56.7497,5.14,Carina
2927,25 Mon,114.3195,-4.1110,5.14,Monoceros
3013,π Gem,116.8764,33.4157,5.14,Gemini
3121,HR 3121,119.4655,-45.5777,5.14,Puppis
3163,8 Cnc,121.2687,13.1182,5.14,Cancer
3244,HR 3244,123.4007,-46.9916,5.14,Vela
4221,HR 4221,161.7395,-56.7572,5.14,Vela
4423,HR 4423,172.1462,-42.6742,5.14,Centaurus
4475,HR 4475,174.2528,-61.2834,5.14,Centaurus
4646,HR 4646,183.0497,77.6162,5.14,Camelopardalis
4699,HR 4699,185.2321,-13.5657,5.14,Corvus
5023,21 CVn,199.5605,49.6821,5.14,Canes Venatici
5366,υ Vir,214.8853,-2.2655,5.14,Virgo
5800,μ CrB,233.8121,39.0101,5.14,Corona Borealis
5925,Xi-1 Lup,239.2229,-33.9661,5.14,Lupus
6424,ο Oph,259.5028,-24.2869,5.14,Ophiuchus
7127,ω Pav,284.6522,-60.2005,5.14,Pavo
7287,21 Aql,288.4279,2.2937,5.14,Aquila
7385,4 Vul,291.3692,19.7984,5.14,Vulpecula
7608,23 Cyg,298.3224,57.5235,5.14,Cygnus
7770,35 Cyg,304.6628,34.9828,5.14,Cygnus
7881,υ Pav,310.4878,-66.7607,5.14,Pavo
349,82 Psc,17.7782,31.4247,5.15,Pisces
602,χ Phe,30.4266,-44.7135,5.15,Phoenix
736,14 Tri,38.0257,36.1473,5.15,Triangulum
2260,HR 2260,94.4238,-16.8159,5.15,Canis Major
2999,HR 2999,116.6637,37.5174,5.15,Lynx
3476,HR 3476,130.9178,-49.8228,5.15,Vela
3508,35 Lyn,132.9868,43.7266,5.15,Lynx
3609,Sig-1 UMa,137.0980,66.8732,5.15,Ursa Major
3839,27 UMa,145.7384,72.2526,5.15,Ursa Major
4025,HR 4025,153.3778,-66.3728,5.15,Carina
4327,HR 4327,166.8196,-42.6387,5.15,Centaurus
4487,HR 4487,174.5306,-61.8266,5.15,Centaurus
4600,HR 4600,180.9146,-42.4341,5.15,Centaurus
4703,Zet-2 Mus,185.5307,-67.5221,5.15,Musca
4955,49 Vir,196.9742,-10.7404,5.15,Virgo
5174,HR 5174,206.7348,-36.2519,5.15,Centaurus
5497,54 Hya,221.5004,-25.4432,5.15,Hydra
5530,Alp-1 Lib,222.6716,-15.9972,5.15,Libra
5691,HR 5691,228.6589,67.3467,5.15,Ursa Minor
5667,HR 5667,229.0168,-41.4912,5.15,Lupus
5746,10 Ser,232.1593,1.8421,5.15,Serpens
6228,43 Her,251.4579,8.5826,5.15,Hercules
7647,25 Cyg,299.9800,37.0429,5.15,Cygnus
7897,1 Aqr,309.8537,0.4864,5.15,Aquarius
7900,υ Cap,310.0123,-18.1387,5.15,Capricornus
7947,Gam-1 Del,311.6619,16.1241,5.15,Delphinus
8826,59 Peg,347.9341,8.7201,5.15,Pegasus
82,ρ And,5.2803,37.9686,5.16,Andromeda
685,9 Per,35.5893,55.8457,5.16,Perseus
875,HR 875,44.1559,-3.7123,5.16,Eridanus
987,29 Per,49.6572,50.2222,5.16,Perseus
2049,HR 2049,87.7218,-52.1089,5.16,Pictor
2379,HR 2379,97.8460,-12.3920,5.16,Canis Major
3064,9 Pup,117.9429,-13.8980,5.16,Puppis
3260,HR 3260,123.8164,-62.9156,5.16,Carina
3627,Nahn,137.3397,22.0454,5.16,Cancer
4141,37 UMa,158.7903,57.0826,5.16,Ursa Major
5232,90 Vir,208.6756,-1.5031,5.16,Virgo
5593,η Cir,226.2005,-64.0314,5.16,Circinus
5739,Tau-1 Ser,231.4475,15.4280,5.16,Serpens
5780,HR 5780,233.6105,-9.1834,5.16,Libra
6942,HR 6942,278.0889,-39.7040,5.16,Corona Australis
8178,β Equ,320.7234,6.8111,5.16,Equuleus
8283,42 Cap,325.3869,-14.0476,5.16,Capricornus
8697,σ Peg,343.1003,9.8357,5.16,Pegasus
118,HR 118,7.5944,-23.7877,5.17,Cetus
235,Phi-2 Cet,12.5316,-10.6443,5.17,Cetus
321,μ Cas,17.0622,54.9203,5.17,Cassiopeia
743,HR 743,39.5086,72.8183,5.17,Cassiopeia
812,38 Ari,41.2399,12.4458,5.17,Aries
1383,ξ Eri,65.9202,-3.7455,5.17,Eridanus
3044,6 Pup,117.4217,-17.2284,5.17,Puppis
3588,HR 3588,134.7182,-47.2347,5.17,Vela
3598,HR 3598,134.8512,-59.0837,5.17,Carina
4567,η Crt,179.0040,-17.1508,5.17,Crater
4617,HR 4617,181.9585,-75.3670,5.17,Musca
4717,13 Com,186.0772,26.0986,5.17,Coma Berenices
4821,HR 4821,190.3165,-13.0139,5.17,Corvus
4913,HR 4913,194.2682,-51.1988,5.17,Centaurus
6677,90 Her,268.3251,40.0080,5.17,Hercules
7213,ρ Tel,286.5831,-52.3409,5.17,Telescopium
7373,31 Aql,291.2425,11.9444,5.17,Aquila
7395,4 Cyg,291.5380,36.3179,5.17,Cygnus
7468,HR 7468,294.1583,44.6949,5.17,Cygnus
8055,μ Ind,316.3093,-54.7270,5.17,Indus
8127,φ Cap,318.9079,-20.6517,5.17,Capricornus
9031,108 Aqr,357.8389,-18.9092,5.17,Aquarius
4969,α Com,197.4958,17.5290,5.17,Coma Berenices
84,ι Scl,5.3800,-28.9815,5.18,Sculptor
104,HR 104,7.0568,44.3945,5.18,Andromeda
480,42 Cas,25.7324,70.6225,5.18,Cassiopeia
1268,41 Tau,61.6517,27.5999,5.18,Taurus
1569,6 Ori,73.6954,11.4260,5.18,Orion
1684,HR 1684,77.9232,16.0457,5.18,Orion
1953,γ Men,82.9698,-76.3410,5.18,Mensa
1928,125 Tau,84.9342,25.8971,5.18,Taurus
1996,μ Col,86.4996,-32.3064,5.18,Columba
2662,HR 2662,104.9607,-67.9164,5.18,Volans
2825,HR 2825,111.1674,-16.2015,5.18,Canis Major
3283,HR 3283,125.3377,-36.4842,5.18,Puppis
3330,HR 3330,126.3805,-51.7274,5.18,Vela
3442,HR 3442,129.9900,-53.0547,5.18,Vela
3648,16 UMa,138.5856,61.4233,5.18,Ursa Major
4191,HR 4191,160.8873,46.2039,5.18,Ursa Major
4371,75 Leo,169.3225,2.0106,5.18,Leo
4413,HR 4413,171.4308,-63.9725,5.18,Centaurus
5334,HR 5334,213.0168,69.4325,5.18,Ursa Minor
5546,HR 5546,223.8943,-60.1142,5.18,Circinus
7087,κ Tel,283.1651,-52.1074,5.18,Telescopium
7474,σ Aql,294.7985,5.3978,5.18,Aquila
7566,19 Cyg,297.6416,38.7224,5.18,Cygnus
7741,22 Vul,303.8760,23.5089,5.18,Vulpecula
7879,73 Dra,307.8767,74.9546,5.18,Draco
8324,HR 8324,325.7671,72.3201,5.18,Cepheus
9006,σ Phe,356.8166,-50.2265,5.18,Phoenix
695,κ For,35.6356,-23.8163,5.19,Fornax
694,64 And,36.1038,50.0065,5.19,Andromeda
1695,HR 1695,76.8917,-63.3997,5.19,Dorado
2142,HR 2142,91.0563,-6.7089,5.19,Monoceros
2334,HR 2334,96.8073,0.2992,5.19,Monoceros
3153,HR 3153,119.9064,-60.5871,5.19,Carina
3460,θ Vol,129.7714,-70.3867,5.19,Volans
3512,HR 3512,132.4646,-32.7805,5.19,Pyxis
4116,δ Sex,157.3696,-2.7391,5.19,Sextans
4461,2 Dra,174.0112,69.3230,5.19,Draco
5011,59 Vir,199.1938,9.4242,5.19,Virgo
5622,ν Lib,226.6567,-16.2568,5.19,Libra
5886,HR 5886,236.6666,62.5996,5.19,Draco
6125,HR 6125,247.7057,-61.6335,5.19,Triangulum Australe
6468,κ Ara,261.5002,-50.6335,5.19,Ara
7731,21 Vul,303.5605,28.6948,5.19,Vulpecula
8011,17 Del,313.9029,13.7215,5.19,Delphinus
8171,6 Cep,319.8426,64.8719,5.19,Cepheus
8627,30 Cep,339.6627,63.5845,5.19,Cepheus
8890,97 Aqr,350.6632,-15.0393,5.19,Aquarius
114,28 And,7.5307,29.7516,5.20,Andromeda
142,13 Cet,8.8120,-3.5928,5.20,Cetus
1314,HR 1314,64.1796,53.6118,5.20,Camelopardalis
1451,47 Eri,68.5485,-8.2314,5.20,Eridanus
2027,31 Cam,88.7409,59.8884,5.20,Camelopardalis
2220,71 Ori,93.7120,19.1564,5.20,Orion
2389,HR 2389,97.3688,-56.8528,5.20,Pictor
2466,26 Gem,100.6014,17.6453,5.20,Gemini
2630,ω Gem,105.6033,24.2154,5.20,Gemini
2666,HR 2666,106.0117,-42.3373,5.20,Puppis
2715,18 Lyn,108.9790,59.6375,5.20,Lynx
2846,63 Gem,111.9349,21.4452,5.20,Gemini
3204,HR 3204,122.3997,-44.1228,5.20,Vela
3439,HR 3439,130.0799,-40.2639,5.20,Vela
3456,HR 3456,130.4871,-45.4107,5.20,Vela
4503,HR 4503,175.4331,-32.4994,5.20,Hydra
4696,ζ Crv,185.1402,-22.2159,5.20,Corvus
4943,14 CVn,196.4352,35.7989,5.20,Canes Venatici
5250,47 Hya,209.6298,-24.9722,5.20,Hydra
6107,Nu-1 CrB,245.5893,33.7991,5.20,Corona Borealis
6918,59 Ser,276.8021,0.1961,5.20,Serpens
7050,μ CrA,281.9359,-40.4062,5.20,Corona Australis
7162,HR 7162,284.2566,32.9013,5.20,Lyra
7261,17 Lyr,286.8565,32.5017,5.20,Lyra
8076,HR 8076,316.6028,-32.3416,5.20,Microscopium
8085,61 Cyg,316.7219,38.7494,5.20,Cygnus
8866,94 Aqr,349.7778,-13.4586,5.20,Aquarius
331,υ Phe,16.9494,-41.4869,5.21,Phoenix
361,Revati,18.4329,7.5754,5.21,Pisces
802,ζ Hor,40.1650,-54.5499,5.21,Horologium
1269,ψ Tau,61.7519,29.0013,5.21,Taurus
2103,60 Ori,89.7066,0.5530,5.21,Orion
2305,HR 2305,96.0430,-11.5301,5.21,Canis Major
2293,5 Lyn,96.7036,58.4174,5.21,Lynx
2469,HR 2469,100.4849,-9.1675,5.21,Monoceros
4409,HR 4409,171.3728,-36.0631,5.21,Centaurus
5001,57 Vir,198.9948,-19.9431,5.21,Virgo
5100,76 Vir,203.2420,-10.1650,5.21,Virgo
5888,ω Ser,237.5731,2.1965,5.21,Serpens
6451,ι Ara,260.8170,-47.4682,5.21,Ara
8592,υ Aqr,338.6735,-20.7082,5.21,Aquarius
197,HR 197,11.1850,-22.0061,5.22,Cetus
592,49 Cas,31.3815,76.1151,5.22,Cassiopeia
892,HR 892,44.6753,-2.7829,5.22,Eridanus
1315,HR 1315,63.6510,10.0114,5.22,Taurus
1474,51 Eri,69.4005,-2.4735,5.22,Eridanus
1622,11 Cam,76.5352,58.9724,5.22,Camelopardalis
1749,ρ Aur,80.4517,41.8046,5.22,Auriga
2375,HR 2375,97.9512,11.5444,5.22,Monoceros
2487,Psi-6 Aur,101.9149,48.7895,5.22,Auriga
2639,HR 2639,105.4849,-5.7221,5.22,Monoceros
2851,η CMi,112.0086,6.9420,5.22,Canis Minor
3037,HR 3037,116.8813,-46.6085,5.22,Puppis
3140,HR 3140,119.8683,-39.2969,5.22,Puppis
3561,Omi-1 Cnc,134.3123,15.3228,5.22,Cancer
4355,HR 4355,168.1885,-64.1698,5.22,Carina
4415,HR 4415,171.6476,-61.1152,5.22,Centaurus
4594,67 UMa,180.5286,43.0456,5.22,Ursa Major
4847,32 Vir,191.4044,7.6733,5.22,Virgo
5349,HR 5349,214.9650,-61.2730,5.22,Centaurus
5495,HR 5495,221.7554,-52.3835,5.22,Lupus
6234,45 Her,251.9434,5.2467,5.22,Hercules
7078,29 Sgr,282.4171,-20.3247,5.22,Sagittarius
7102,Nu-2 Lyr,282.4705,32.5511,5.22,Lyra
7358,3 Vul,290.7120,26.2624,5.22,Vulpecula
7676,64 Dra,300.3689,64.8210,5.22,Draco
8228,71 Cyg,322.3622,46.5406,5.22,Cygnus
8930,Veritate,352.8224,39.2362,5.22,Andromeda
389,91 Psc,20.2807,28.7382,5.23,Pisces
646,η Ari,33.2003,21.2110,5.23,Aries
935,HR 935,46.6395,-6.0886,5.23,Eridanus
2492,10 CMa,101.1186,-31.0705,5.23,Canis Major
2805,66 Aur,111.0353,40.6724,5.23,Auriga
3213,HR 3213,122.4298,-47.9372,5.23,Vela
3540,Rho-2 Cnc,133.9153,27.9275,5.23,Cancer
3575,Sig-3 Cnc,134.8861,32.4186,5.23,Cancer
3605,HR 3605,135.4357,-52.1887,5.23,Vela
3623,κ Cnc,136.9367,10.6682,5.23,Cancer
3947,η Ant,149.7179,-35.8910,5.23,Antlia
4220,HR 4220,161.6233,-64.2632,5.23,Carina
4251,HR 4251,163.3730,-20.1387,5.23,Hydra
4916,Taiyi,193.8690,65.4385,5.23,Draco
5516,56 Hya,221.9367,-26.0875,5.23,Hydra
5837,HR 5837,235.6597,-37.4249,5.23,Lupus
6063,σ CrB,243.6703,33.8586,5.23,Corona Borealis
6245,HR 6245,252.8905,-41.2305,5.23,Scorpius
6280,23 Oph,253.6487,-6.1540,5.23,Ophiuchus
6573,26 Dra,263.7475,61.8746,5.23,Draco
7266,19 Aql,287.2496,6.0732,5.23,Aquila
7657,16 Vul,300.5059,24.9380,5.23,Vulpecula
35,θ Scl,2.9333,-35.1331,5.24,Sculptor
242,ρ Phe,12.6715,-50.9868,5.24,Phoenix
493,107 Psc,25.6241,20.2685,5.24,Pisces
890,HR 890,45.2175,52.3517,5.24,Perseus
1010,Zet-2 Ret,49.5496,-62.5064,5.24,Reticulum
1100,20 Eri,54.0726,-17.4671,5.24,Eridanus
1146,24 Eri,56.1271,-1.1631,5.24,Eridanus
1181,Tau-7 Eri,56.9152,-23.8747,5.24,Eridanus
1188,HR 1188,57.5789,25.5794,5.24,Taurus
1395,η Ret,65.4719,-63.3864,5.24,Reticulum
1452,HR 1452,68.5490,-8.9703,5.24,Eridanus
1751,16 Cam,80.8660,57.5444,5.24,Camelopardalis
1901,45 Ori,83.9145,-4.8561,5.24,Orion
2483,Psi-5 Aur,101.6847,43.5774,5.24,Auriga
2791,HR 2791,109.6396,-39.2103,5.24,Puppis
2880,Del-1 CMi,113.0248,1.9145,5.24,Canis Minor
3420,η Pyx,129.4673,-26.2550,5.24,Pyxis
3674,HR 3674,138.6020,-43.2275,5.24,Vela
3681,23 Hya,139.1739,-6.3531,5.24,Hydra
4483,ω Vir,174.6150,8.1343,5.24,Virgo
4973,HR 4973,197.8468,-43.3686,5.24,Centaurus
5635,HR 5635,226.5696,54.5563,5.24,Boötes
6048,χ Sco,243.4621,-11.8377,5.24,Scorpius
6128,HR 6128,246.9311,-7.5979,5.24,Ophiuchus
6152,HR 6152,247.6398,20.4792,5.24,Hercules
6875,HR 6875,276.0760,-44.1103,5.24,Corona Australis
7587,HR 7587,299.2762,-58.9014,5.24,Pavo
7889,τ Cap,309.8180,-14.9548,5.24,Capricornus
8285,41 Cap,325.5029,-23.2629,5.24,Capricornus
8472,HR 8472,332.9527,56.8394,5.24,Cepheus
8670,68 Aqr,341.8880,-19.6134,5.24,Aquarius
8998,106 Aqr,356.0503,-18.2769,5.24,Aquarius
6734,τ Oph,270.7680,-8.1817,5.24,Ophiuchus
497,π Scl,25.5358,-32.3270,5.25,Sculptor
655,7 Tri,33.9845,33.3589,5.25,Triangulum
852,ν Hor,42.2559,-62.8065,5.25,Horologium
1783,8 Lep,80.8756,-13.9274,5.25,Lepus
2399,HR 2399,98.0891,-37.6967,5.25,Columba
2447,HR 2447,99.4484,-32.3397,5.25,Canis Major
3008,11 CMi,116.5675,10.7683,5.25,Canis Minor
3170,HR 3170,121.0675,-32.6748,5.25,Puppis
4042,ε Sex,154.4075,-8.0689,5.25,Sextans
4084,HR 4084,157.7707,82.5586,5.25,Camelopardalis
5823,φ Boo,234.4566,40.3534,5.25,Boötes
6549,π Ara,264.5231,-54.5004,5.25,Ara
6738,96 Her,270.5960,20.8336,5.25,Hercules
6885,HR 6885,275.7043,17.8266,5.25,Hercules
7117,HR 7117,281.4448,74.0856,5.25,Draco
7262,ι Lyr,286.8255,36.1002,5.25,Lyra
8104,HR 8104,318.2627,-39.4249,5.25,Microscopium
8640,12 Lac,340.3694,40.2254,5.25,Lacerta
8779,HR 8779,345.8869,67.2092,5.25,Cepheus
836,π Ari,42.3232,17.4643,5.26,Aries
925,Rho-3 Eri,46.0688,-7.6009,5.26,Eridanus
1356,58 Tau,65.1513,15.0955,5.26,Taurus
1327,HR 1327,65.1681,65.1404,5.26,Camelopardalis
1999,52 Ori,87.0010,6.4542,5.26,Orion
2398,49 Aur,98.8003,28.0223,5.26,Auriga
3679,HR 3679,138.5750,-55.5696,5.26,Vela
3703,HR 3703,139.5245,-51.0509,5.26,Vela
3937,ν Leo,149.5557,12.4448,5.26,Leo
3995,HR 3995,152.1783,-65.8154,5.26,Carina
4250,HR 4250,163.1285,-57.2404,5.26,Carina
4466,HR 4466,173.9816,-47.6416,5.26,Centaurus
4495,92 Leo,175.1961,21.3527,5.26,Leo
4558,HR 4558,178.6772,-25.7139,5.26,Hydra
5207,HR 5207,208.0203,-52.8115,5.26,Centaurus
5300,13 Boo,212.0722,49.4582,5.26,Boötes
5742,HR 5742,232.3511,-46.7327,5.26,Lupus
5802,16 Ser,234.1232,10.0102,5.26,Serpens
6126,HR 6126,245.4530,69.1094,5.26,Draco
7181,HR 7181,284.9395,26.2304,5.26,Lyra
8416,18 Cep,330.9706,63.1199,5.26,Cepheus
430,49 And,22.5254,47.0073,5.27,Andromeda
581,47 Cas,31.2797,77.2813,5.27,Cassiopeia
652,μ For,33.2269,-30.7238,5.27,Fornax
737,HR 737,37.8754,2.2672,5.27,Cetus
776,μ Hyi,37.9175,-79.1094,5.27,Hydrus
1005,Tau-1 Ari,50.3068,21.1471,5.27,Aries
1388,Kap-2 Tau,66.3542,22.2000,5.27,Taurus
2273,7 Mon,94.9283,-7.8229,5.27,Monoceros
2518,HR 2518,101.8392,-37.9297,5.27,Puppis
2886,68 Gem,113.4020,15.8267,5.27,Gemini
3415,HR 3415,128.8149,-58.2247,5.27,Carina
3917,31 UMa,148.9292,49.8198,5.27,Ursa Major
4017,HR 4017,153.3452,-51.2330,5.27,Vela
4120,HR 4120,157.2191,-64.1723,5.27,Carina
4521,HR 4521,176.7317,55.6282,5.27,Ursa Major
4830,HR 4830,190.7095,-63.0586,5.27,Crux
5064,68 Vir,201.6799,-12.7077,5.27,Virgo
5548,12 Lib,223.5839,-24.6422,5.27,Libra
6021,Del-2 Aps,245.1119,-78.6675,5.27,Apus
6332,59 Her,255.4015,33.5683,5.27,Hercules
6314,Eps-2 Ara,255.7863,-53.2370,5.27,Ara
7172,11 Aql,284.7739,13.6222,5.27,Aquila
7759,HR 7759,304.2304,40.3651,5.27,Cygnus
8280,λ Oct,327.7262,-82.7189,5.27,Octans
8426,20 Cep,331.2520,62.7857,5.27,Cepheus
8546,HR 8546,333.2925,86.1080,5.27,Cepheus
8987,HR 8987,355.6159,-15.4480,5.27,Aquarius
456,40 Cas,24.6289,73.0400,5.28,Cassiopeia
1210,43 Per,59.1521,50.6954,5.28,Perseus
1244,35 Eri,60.3835,-1.5497,5.28,Eridanus
1530,κ Dor,71.0881,-59.7327,5.28,Dorado
1658,106 Tau,76.9517,20.4184,5.28,Taurus
1935,Nu-2 Col,84.4359,-28.6897,5.28,Columba
1993,133 Tau,86.9288,13.8996,5.28,Taurus
2168,19 Lep,91.9235,-19.1659,5.28,Lepus
2384,HR 2384,97.4545,-50.2391,5.28,Puppis
2504,11 CMa,101.7129,-14.4260,5.28,Canis Major
2529,36 Gem,102.8877,21.7611,5.28,Gemini
3334,η Vol,125.5188,-73.4000,5.28,Volans
3486,HR 3486,131.8124,-1.8970,5.28,Hydra
3660,17 UMa,138.9575,56.7414,5.28,Ursa Major
3720,HR 3720,139.3550,-74.8943,5.28,Carina
3829,42 Lyn,144.5907,40.2398,5.28,Lynx
4519,HR 4519,176.4332,-45.6901,5.28,Centaurus
4590,HR 4590,180.2132,-19.6590,5.28,Corvus
4690,3 CVn,184.9530,48.9841,5.28,Canes Venatici
5676,χ Boo,228.6215,29.1643,5.28,Boötes
6109,ι TrA,246.9888,-64.0579,5.28,Triangulum Australe
6199,HR 6199,249.5019,56.0155,5.28,Draco
6477,HR 6477,261.7166,-45.8430,5.28,Ara
6960,HR 6960,278.4907,-33.0166,5.28,Sagittarius
7315,Ome-1 Aql,289.4542,11.5954,5.28,Aquila
7497,χ Aql,295.6417,11.8266,5.28,Aquila
7610,φ Aql,299.0594,11.4237,5.28,Aquila
7761,σ Cap,304.8483,-19.1185,5.28,Capricornus
8515,ν Ind,336.1465,-72.2554,5.28,Indus
9002,107 Aqr,356.5038,-18.6783,5.28,Aquarius
30,Gam-3 Oct,2.5094,-82.2240,5.29,Octans
37,HR 37,3.0416,-17.9383,5.29,Cetus
514,ε Scl,26.4114,-25.0526,5.29,Sculptor
567,HR 567,29.9084,64.6216,5.29,Cassiopeia
675,10 Tri,34.7375,28.6427,5.29,Triangulum
689,69 Cet,35.4860,0.3957,5.29,Cetus
717,12 Tri,37.0416,29.6693,5.29,Triangulum
1309,46 Tau,63.3879,7.7160,5.29,Taurus
1390,HR 1390,66.5263,31.4389,5.29,Perseus
1511,4 Cam,72.0010,56.7572,5.29,Camelopardalis
1757,ν Lep,79.9959,-12.3156,5.29,Lepus
1973,HR 1973,85.5633,-34.6678,5.29,Columba
2094,HR 2094,88.7087,-52.6355,5.29,Pictor
2595,HR 2595,103.9455,-22.9414,5.29,Canis Major
2786,HR 2786,109.7136,-26.5859,5.29,Canis Major
3900,22 Leo,147.9710,24.3954,5.29,Leo
4752,17 Com,187.2279,25.9129,5.29,Coma Berenices
5330,15 Boo,213.7119,10.1006,5.29,Boötes
6822,15 Sgr,273.8038,-20.7283,5.29,Sagittarius
6721,χ Oct,283.6984,-87.6058,5.29,Octans
8216,HR 8216,321.7150,48.8352,5.29,Cygnus
8229,ξ Gru,323.0245,-41.1793,5.29,Grus
8321,12 Peg,326.5182,22.9489,5.29,Pegasus
8410,32 Aqr,331.1976,-0.9063,5.29,Aquarius
175,32 And,10.2799,39.4587,5.30,Andromeda
778,η Hor,39.3514,-52.5431,5.30,Horologium
782,33 Ari,40.1711,27.0609,5.30,Aries
1069,36 Per,53.1095,46.0569,5.30,Perseus
1516,λ Pic,70.6935,-50.4813,5.30,Pictor
1494,59 Per,70.7263,43.3651,5.30,Perseus
1677,β Men,75.6792,-71.3143,5.30,Mensa
2498,HR 2498,101.4975,-14.7961,5.30,Canis Major
2727,HR 2727,108.0659,-40.4988,5.30,Puppis
2983,76 Gem,116.0288,25.7842,5.30,Gemini
3110,14 CMi,119.5861,2.2248,5.30,Canis Minor
3176,Mu-2 Cnc,121.9411,21.5818,5.30,Cancer
3500,14 Hya,132.3405,-3.4430,5.30,Hydra
3652,36 Lyn,138.4509,43.2178,5.30,Lynx
3863,HR 3863,145.1774,-57.9836,5.30,Carina
3991,HR 3991,152.5245,-12.8159,5.30,Hydra
4422,57 UMa,172.2672,39.3370,5.30,Ursa Major
6459,43 Oph,260.8400,-28.1428,5.30,Ophiuchus
6860,105 Her,274.7945,24.4461,5.30,Hercules
7476,54 Sgr,295.1808,-16.2933,5.30,Sagittarius
7624,The-2 Sgr,299.9639,-34.6978,5.30,Sagittarius
7753,24 Vul,304.1962,24.6711,5.30,Vulpecula
7794,HR 7794,305.7946,5.3430,5.30,Aquila
8032,33 Vul,314.5681,22.3259,5.30,Vulpecula
8034,ε Equ,314.7687,4.2935,5.30,Equuleus
8087,χ Cap,317.1401,-21.1937,5.30,Capricornus
8215,70 Cyg,321.8390,37.1168,5.30,Cygnus
8289,7 Peg,325.5644,5.6801,5.30,Pegasus
8804,4 And,346.9136,46.3872,5.30,Andromeda
8975,μ Scl,355.1590,-32.0731,5.30,Sculptor
9039,82 Peg,358.1546,10.9473,5.30,Pegasus
645,HR 645,33.4009,51.0658,5.31,Andromeda
670,62 And,34.8201,47.3800,5.31,Andromeda
2008,HR 2008,86.6140,-46.5972,5.31,Pictor
2969,HR 2969,116.0174,50.4338,5.31,Lynx
3551,HR 3551,133.4608,-47.5208,5.31,Vela
3694,HR 3694,139.2378,-39.4015,5.31,Vela
4365,73 Leo,168.9663,13.3076,5.31,Leo
4496,61 UMa,175.2626,34.2016,5.31,Ursa Major
4528,4 Vir,176.9788,8.2459,5.31,Virgo
4652,HR 4652,183.5113,-45.7239,5.31,Centaurus
4995,55 Vir,198.5454,-19.9309,5.31,Virgo
6142,HR 6142,247.9240,-41.8171,5.31,Scorpius
6516,HR 6516,262.5991,-1.0629,5.31,Ophiuchus
7221,HR 7221,287.4696,-68.4244,5.31,Pavo
8128,29 Cap,318.9368,-15.1715,5.31,Capricornus
8531,HR 8531,336.2346,-57.7974,5.31,Tucana
336,31 Cas,17.6637,68.7786,5.32,Cassiopeia
917,Rho-2 Eri,45.6761,-7.6855,5.32,Eridanus
1011,HR 1011,50.8050,49.2133,5.32,Perseus
1253,40 Tau,60.9358,5.4356,5.32,Taurus
1469,HR 1469,69.3070,0.9983,5.32,Taurus
1872,38 Ori,83.5699,3.7669,5.32,Orion
3043,HR 3043,117.2570,-24.9122,5.32,Puppis
3315,HR 3315,126.2656,-24.0462,5.32,Puppis
4227,53 Leo,162.3143,10.5452,5.32,Leo
4504,3 Dra,175.6183,66.7449,5.32,Draco
4712,HR 4712,185.8976,-35.4127,5.32,Centaurus
5048,HR 5048,201.3085,-64.4851,5.32,Centaurus
5523,μ Lib,222.3294,-14.1490,5.32,Libra
5558,HR 5558,223.9363,-33.8558,5.32,Centaurus
5675,3 Ser,228.7973,4.9394,5.32,Serpens
6083,HR 6083,245.6167,-49.5724,5.32,Norma
6393,37 Oph,258.1159,10.5852,5.32,Ophiuchus
7552,HR 7552,297.9608,-39.8744,5.32,Sagittarius
7612,Mu-2 Pav,300.4685,-66.9440,5.32,Pavo
7703,HR 7703,302.7995,-36.1012,5.32,Sagittarius
8048,ζ Mic,315.7415,-38.6314,5.32,Microscopium
8663,ξ Oct,342.5948,-80.1238,5.32,Octans
310,Psi-1 Psc,16.4206,21.4732,5.33,Pisces
1364,HR 1364,64.8195,-44.2679,5.33,Horologium
1562,5 Ori,73.3449,2.5082,5.33,Orion
1571,HR 1571,73.6991,7.7791,5.33,Orion
1664,14 Ori,76.9704,8.4984,5.33,Orion
3183,HR 3183,121.8252,-20.5543,5.33,Puppis
3301,Kap-1 Vol,124.9541,-71.5149,5.33,Volans
3358,HR 3358,127.2698,-47.9289,5.33,Vela
3357,θ Cnc,127.8989,18.0944,5.33,Cancer
3366,η Cnc,128.1771,20.4412,5.33,Cancer
4219,HR 4219,161.5690,-64.5146,5.33,Carina
5013,HR 5013,199.3151,13.6758,5.33,Virgo
6870,HR 6870,275.7211,-36.6696,5.33,Sagittarius
7165,HR 7165,284.5614,17.3609,5.33,Aquila
7510,ν Tel,297.0048,-56.3626,5.33,Telescopium
7645,13 Sge,300.0138,17.5165,5.33,Sagitta
8480,41 Aqr,333.5751,-21.0746,5.33,Aquarius
8940,71 Peg,353.3671,22.4988,5.33,Pegasus
594,π For,30.3114,-30.0018,5.34,Fornax
855,20 Per,43.4275,38.3375,5.34,Perseus
1153,29 Tau,56.4185,6.0500,5.34,Taurus
1341,56 Tau,64.9029,21.7735,5.34,Taurus
1746,21 Ori,79.7967,2.5958,5.34,Orion
1861,HR 1861,83.1723,-1.5918,5.34,Orion
1917,HR 1917,83.2481,-64.2275,5.34,Dorado
2223,72 Ori,93.8547,16.1432,5.34,Orion
2264,45 Aur,95.4422,53.4522,5.34,Auriga
2420,Psi-3 Aur,99.7049,39.9026,5.34,Auriga
2477,13 Lyn,101.7063,57.1692,5.34,Lynx
2520,14 Lyn,103.2711,59.4485,5.34,Lynx
2896,HR 2896,113.7867,30.9609,5.34,Gemini
3182,HR 3182,123.2033,68.4741,5.34,Ursa Major
3537,HR 3537,132.6447,-66.7930,5.34,Volans
3795,ι Cha,141.0402,-80.7869,5.34,Chamaeleon
4086,HR 4086,155.8722,-38.0098,5.34,Antlia
4604,HR 4604,181.1622,-68.3289,5.34,Musca
4620,HR 4620,182.0613,-48.6925,5.34,Centaurus
4908,HR 4908,193.9881,-56.8358,5.34,Crux
5390,HR 5390,216.2026,-24.8063,5.34,Libra
5843,χ Ser,235.4476,12.8475,5.34,Serpens
6279,53 Her,253.2419,31.7017,5.34,Hercules
7444,HR 7444,293.6719,42.4125,5.34,Cygnus
7987,HR 7987,313.4174,-39.8099,5.34,Microscopium
8344,13 Peg,327.5362,17.2859,5.34,Pegasus
8475,HR 8475,333.1993,34.6046,5.34,Pegasus
8496,42 Aqr,334.2002,-12.8314,5.34,Aquarius
8731,HR 8731,344.2688,48.6841,5.34,Lacerta
233,HR 233,12.6816,64.2475,5.35,Cassiopeia
267,Phi-3 Cet,14.0062,-11.2665,5.35,Cetus
413,ρ Psc,21.5636,19.1723,5.35,Pisces
1519,HR 1519,71.5072,11.7056,5.35,Orion
2143,40 Aur,91.6462,38.4826,5.35,Auriga
2152,37 Cam,92.4958,58.9357,5.35,Camelopardalis
2834,HR 2834,111.1827,-31.8089,5.35,Canis Major
2849,22 Lyn,112.4830,49.6725,5.35,Lynx
3422,34 Lyn,130.2544,45.8340,5.35,Lynx
3807,HR 3807,143.0803,-40.6493,5.35,Vela
5159,84 Vir,205.7655,3.5379,5.35,Virgo
5710,6 Ser,230.2583,0.7153,5.35,Serpens
5932,2 Her,238.6577,43.1386,5.35,Hercules
6001,HR 6001,242.0316,-26.3267,5.35,Scorpius
6131,HR 6131,247.4264,-46.2432,5.35,Norma
6293,54 Her,253.8424,18.4332,5.35,Hercules
6574,82 Her,264.1569,48.5856,5.35,Hercules
7122,HR 7122,284.0707,-42.7107,5.35,Corona Australis
7279,20 Aql,288.1696,-7.9395,5.35,Aquila
8512,ρ Aqr,335.0496,-7.8211,5.35,Aquarius
8887,64 Peg,350.4789,31.8125,5.35,Pegasus
8967,18 And,354.7847,50.4717,5.35,Andromeda
167,55 Psc,9.9815,21.4385,5.36,Pisces
211,57 Psc,11.6373,15.4755,5.36,Pisces
332,ι Tuc,16.8276,-61.7753,5.36,Tucana
714,λ Hor,36.2248,-60.3119,5.36,Horologium
739,75 Cet,38.0393,-1.0349,5.36,Cetus
1257,HR 1257,61.0412,2.8269,5.36,Taurus
1466,2 Cam,69.9919,53.4730,5.36,Camelopardalis
1868,HR 1868,83.3810,-1.1561,5.36,Orion
2031,55 Ori,87.8416,-7.5180,5.36,Orion
2165,36 Cam,93.2127,65.7184,5.36,Camelopardalis
2267,HR 2267,94.7108,-9.3900,5.36,Monoceros
2729,HR 2729,108.5836,3.1114,5.36,Canis Minor
2756,HR 2756,108.8378,-30.6864,5.36,Canis Major
3018,HR 3018,116.3960,-34.1724,5.36,Puppis
3114,HR 3114,119.2409,-43.5004,5.36,Puppis
3212,HR 3212,122.8875,-7.7725,5.36,Hydra
3669,Pi-2 Cnc,138.8077,14.9415,5.36,Cancer
3866,ψ Leo,145.9329,14.0217,5.36,Leo
4198,HR 4198,160.6690,-59.2158,5.36,Carina
4203,42 LMi,161.4662,30.6823,5.36,Leo Minor
4585,7 Vir,179.9871,3.6552,5.36,Virgo
5044,63 Vir,200.7546,-17.7353,5.36,Virgo
5482,HR 5482,221.3220,-62.8756,5.36,Circinus
5719,υ Lup,231.1876,-39.7103,5.36,Lupus
5814,41 Lib,234.7273,-19.3019,5.36,Libra
6455,HR 6455,260.0410,25.5376,5.36,Hercules
6819,HR 6819,274.2814,-56.0234,5.36,Telescopium
7129,HR 7129,284.1687,-37.3432,5.36,Corona Australis
8016,HR 8016,311.8897,80.5523,5.36,Draco
8501,HR 8501,334.5643,-53.6271,5.36,Grus
8980,103 Aqr,355.3937,-18.0271,5.36,Aquarius
513,HR 513,26.4969,-5.7333,5.37,Cetus
1649,Eta-1 Pic,75.7029,-49.1514,5.37,Pictor
1875,121 Tau,83.8630,24.0396,5.37,Taurus
2154,HR 2154,91.6614,-4.1938,5.37,Monoceros
2201,40 Cam,93.9189,59.9990,5.37,Camelopardalis
2377,Pi-2 Dor,96.3693,-69.6903,5.37,Dorado
2822,HR 2822,110.8708,-27.8343,5.37,Canis Major
2820,1 CMi,111.2424,11.6695,5.37,Canis Minor
3075,HR 3075,120.0490,73.9179,5.37,Camelopardalis
3951,20 LMi,150.2530,31.9237,5.37,Leo Minor
4350,HR 4350,168.1379,-49.1010,5.37,Centaurus
4760,74 UMa,187.4890,58.4057,5.37,Ursa Major
4928,9 Dra,194.9800,66.5973,5.37,Draco
5540,HR 5540,224.4713,-76.6627,5.37,Apus
6086,HR 6086,244.3139,59.7550,5.37,Draco
6094,HR 6094,246.0053,-39.1930,5.37,Scorpius
6724,7 Sgr,270.7129,-24.2825,5.37,Sagittarius
6936,HR 6936,277.7702,-32.9891,5.37,Sagittarius
7046,28 Sgr,281.5859,-22.3922,5.37,Sagittarius
7124,50 Dra,281.5927,75.4340,5.37,Draco
8444,HR 8444,332.4821,-34.0150,5.37,Piscis Austrinus
8479,HR 8479,333.0084,60.7591,5.37,Cepheus
8513,30 Peg,335.1149,5.7895,5.37,Pegasus
8774,κ Gru,346.1650,-53.9649,5.37,Grus
80,41 Psc,5.1494,8.1903,5.38,Pisces
93,12 Cas,6.1979,61.8311,5.38,Cassiopeia
131,52 Psc,8.1478,20.2943,5.38,Pisces
187,ρ Tuc,10.6180,-65.4680,5.38,Tucana
750,15 Tri,38.9450,34.6876,5.38,Triangulum
1249,HR 1249,60.6531,-0.2689,5.38,Eridanus
1367,HR 1367,65.1625,-20.6396,5.38,Eridanus
1369,χ Tau,65.6456,25.6293,5.38,Taurus
1480,HR 1480,69.7756,7.8710,5.38,Taurus
1732,HR 1732,79.7501,33.7484,5.38,Auriga
2815,HR 2815,110.1617,-52.0859,5.38,Carina
3086,85 Gem,118.9162,19.8840,5.38,Gemini
3712,HR 3712,139.3222,-68.6896,5.38,Carina
3750,HR 3750,141.9449,-6.0712,5.38,Hydra
4706,HR 4706,185.7060,-57.6761,5.38,Crux
4739,HR 4739,186.8703,-58.9918,5.38,Crux
4893,HR 4893,192.3074,83.4129,5.38,Camelopardalis
5140,HR 5140,205.5046,-58.7871,5.38,Centaurus
5413,HR 5413,217.5873,-49.5190,5.38,Lupus
5556,HR 5556,224.0718,-52.8095,5.38,Lupus
5718,50 Boo,230.4524,32.9337,5.38,Boötes
5906,HR 5906,238.4746,-24.5332,5.38,Scorpius
6458,72 Her,260.1648,32.4677,5.38,Hercules
6935,60 Ser,277.4208,-1.9853,5.38,Serpens
6983,HR 6983,278.4862,52.3535,5.38,Draco
6985,HR 6985,279.1160,9.1225,5.38,Ophiuchus
7066,HR 7066,281.8706,-5.7051,5.38,Scutum
7289,HR 7289,289.0906,-45.4660,5.38,Telescopium
7553,51 Aql,297.6949,-10.7635,5.38,Aquila
7689,27 Cyg,301.5908,35.9725,5.38,Cygnus
7901,75 Dra,307.0603,81.4227,5.38,Draco
8053,60 Cyg,315.2955,46.1558,5.38,Cygnus
8183,33 Cap,321.0400,-20.8519,5.38,Capricornus
8463,HR 8463,332.7910,50.8234,5.38,Lacerta
299,HR 299,15.7050,-46.3973,5.39,Phoenix
845,Gam-2 For,42.4757,-27.9420,5.39,Fornax
1207,HR 1207,58.9924,47.8714,5.39,Perseus
1287,44 Tau,62.7078,26.4810,5.39,Taurus
1507,HR 1507,71.1076,11.1461,5.39,Orion
1608,63 Eri,74.9602,-10.2633,5.39,Eridanus
2247,75 Ori,94.2776,9.9424,5.39,Orion
2523,HR 2523,101.7195,-51.2657,5.39,Carina
2522,HR 2522,102.2406,-15.1447,5.39,Canis Major
3082,HR 3082,121.1965,79.4796,5.39,Camelopardalis
3769,8 LMi,142.8851,35.1033,5.39,Leo Minor
4400,79 Leo,171.0097,1.4078,5.39,Leo
4453,HR 4453,173.4051,-40.5866,5.39,Centaurus
5450,HR 5450,219.3340,-46.1334,5.39,Lupus
5468,33 Boo,219.7093,44.4045,5.39,Boötes
5863,25 Ser,236.5235,-1.8042,5.39,Serpens
5968,ρ CrB,240.2612,33.3035,5.39,Corona Borealis
6016,HR 6016,242.4605,-3.4667,5.39,Serpens
6287,HR 6287,253.7299,20.9585,5.39,Hercules
6411,ι Aps,260.5245,-70.1232,5.39,Apus
6858,HR 6858,275.0366,-15.8317,5.39,Serpens
7210,HR 7210,285.0570,50.5335,5.39,Draco
7441,9 Cyg,293.7122,29.4630,5.39,Cygnus
7498,HR 7498,297.3554,-72.5034,5.39,Pavo
7858,η Del,308.4877,13.0273,5.39,Delphinus
8217,35 Vul,321.9169,27.6086,5.39,Vulpecula
8821,58 Peg,347.5061,9.8221,5.39,Pegasus
296,25 Cet,15.7606,-4.8366,5.40,Cetus
810,ι Hor,40.6390,-50.8003,5.40,Horologium
1138,HR 1138,57.3071,70.8710,5.40,Camelopardalis
1335,HR 1335,65.4484,60.7356,5.40,Camelopardalis
1430,83 Tau,67.6557,13.7244,5.40,Taurus
1808,115 Tau,81.7921,17.9622,5.40,Taurus
1914,26 Aur,84.6587,30.4924,5.40,Auriga
2405,HR 2405,99.1368,38.4455,5.40,Auriga
2819,HR 2819,110.7529,-31.9238,5.40,Canis Major
3532,57 Cnc,133.5614,30.5791,5.40,Cancer
3754,ω Leo,142.1142,9.0568,5.40,Leo
3743,Intercrus,142.1666,45.6015,5.40,Ursa Major
3815,11 LMi,143.9150,35.8101,5.40,Leo Minor
4356,69 Leo,168.4398,-0.0695,5.40,Leo
5085,HR 5085,202.1130,59.9458,5.40,Ursa Major
5405,22 Boo,216.6140,19.2269,5.40,Boötes
5730,Kap-1 Aps,232.8784,-73.3896,5.40,Apus
6108,Nu-2 CrB,245.6217,33.7035,5.40,Corona Borealis
6105,HR 6105,246.1657,-29.7047,5.40,Scorpius
7031,HR 7031,281.2382,-39.6862,5.40,Corona Australis
7209,14 Aql,285.7271,-3.6990,5.40,Aquila
7251,51 Dra,286.2299,53.3967,5.40,Draco
7225,15 Aql,286.2403,-4.0314,5.40,Aquila
7701,66 Dra,301.3867,61.9954,5.40,Draco
8137,30 Cap,319.4887,-17.9851,5.40,Capricornus
34,Kap-2 Scl,2.8934,-27.7997,5.41,Sculptor
196,HR 196,11.3216,55.2214,5.41,Cassiopeia
459,50 Cet,23.9957,-15.4002,5.41,Cetus
2602,ι Vol,102.8624,-70.9634,5.41,Volans
2678,HR 2678,106.6699,-11.2940,5.41,Canis Major
2823,HR 2823,110.8829,-32.2021,5.41,Canis Major
2875,HR 2875,112.2737,-38.8121,5.41,Puppis
2981,HR 2981,115.3159,-38.5335,5.41,Puppis
4803,HR 4803,189.4261,-27.1389,5.41,Hydra
5181,87 Vir,206.8558,-17.8598,5.41,Virgo
5365,18 Boo,214.8178,13.0043,5.41,Boötes
5848,η Lib,236.0183,-15.6728,5.41,Libra
5907,HR 5907,238.4828,-23.9781,5.41,Scorpius
6136,HR 6136,247.1416,0.6650,5.41,Ophiuchus
6377,HR 6377,257.0086,35.9352,5.41,Hercules
6507,HR 6507,262.2069,0.3306,5.41,Ophiuchus
6857,HR 6857,274.7897,7.2598,5.41,Ophiuchus
6882,HR 6882,275.5362,23.2852,5.41,Hercules
6997,HR 6997,279.1556,33.4690,5.41,Lyra
7483,14 Cyg,294.8603,42.8183,5.41,Cygnus
7531,HR 7531,297.6866,-59.1937,5.41,Pavo
7929,51 Cyg,310.5526,50.3400,5.41,Cygnus
7934,σ Pav,312.3260,-68.7765,5.41,Pavo
8110,HR 8110,318.3222,-27.6193,5.41,Microscopium
24,Kap-1 Scl,2.3378,-27.9879,5.42,Sculptor
109,HR 109,7.1104,-39.9150,5.42,Phoenix
208,23 Cas,11.9418,74.8476,5.42,Cassiopeia
373,39 Cet,19.1512,-2.5004,5.42,Cetus
408,HR 408,21.1699,-41.4925,5.42,Phoenix
543,55 And,28.3223,40.7298,5.42,Andromeda
607,60 Cet,30.7985,0.1285,5.42,Cetus
691,70 Cet,35.5517,-0.8849,5.42,Cetus
1317,HR 1317,66.7621,80.8242,5.42,Cepheus
2411,HR 2411,98.4562,-36.2320,5.42,Columba
2480,28 Gem,101.1894,28.9709,5.42,Gemini
2911,HR 2911,113.4627,-36.3384,5.42,Puppis
3367,HR 3367,127.8789,-19.5775,5.42,Pyxis
3621,τ Cnc,137.0002,29.6542,5.42,Cancer
4035,37 Leo,154.1697,13.7283,5.42,Leo
4526,HR 4526,176.8298,-57.6965,5.42,Centaurus
4783,HR 4783,188.4121,33.2476,5.42,Canes Venatici
4846,La Superba,191.2826,45.4403,5.42,Canes Venatici
5410,106 Vir,217.1738,-6.9005,5.42,Virgo
6100,HR 6100,246.1323,-37.5660,5.42,Scorpius
6991,HR 6991,279.8965,-43.1859,5.42,Corona Australis
7883,ι Del,309.4547,11.3777,5.42,Delphinus
8227,7 Cep,321.9423,66.8091,5.42,Cepheus
8807,5 Psc,347.1705,2.1279,5.42,Pisces
583,57 Cet,29.9425,-20.8245,5.43,Cetus
587,HR 587,30.1118,-8.5239,5.43,Cetus
692,HR 692,35.5064,-10.7775,5.43,Cetus
800,14 Per,41.0215,44.2970,5.43,Perseus
1672,16 Ori,77.3318,9.8296,5.43,Orion
1802,17 Cam,82.5425,63.0672,5.43,Camelopardalis
2381,HR 2381,97.9586,-8.1582,5.43,Monoceros
3494,HR 3494,131.6273,-45.9125,5.43,Vela
3678,ζ Oct,134.1742,-85.6632,5.43,Octans
3902,ν Cha,146.5853,-76.7761,5.43,Chamaeleon
4127,46 Leo,158.0491,14.1373,5.43,Leo
4313,HR 4313,166.2258,-35.8047,5.43,Antlia
4334,HR 4334,167.1834,-28.0807,5.43,Hydra
4863,Tianyi,191.8931,66.7903,5.43,Draco
5680,HR 5680,229.7048,-60.4963,5.43,Circinus
5798,HR 5798,234.7062,-52.3727,5.43,Norma
5936,λ CrB,238.9483,37.9470,5.43,Corona Borealis
5942,HR 5942,239.6453,-24.8315,5.43,Scorpius
6033,16 Sco,243.0305,-8.5476,5.43,Scorpius
6375,HR 6375,257.4498,-10.5233,5.43,Ophiuchus
6725,Psi-2 Dra,268.7964,72.0051,5.43,Draco
6987,HR 6987,279.1628,6.6718,5.43,Ophiuchus
7113,112 Her,283.0684,21.4251,5.43,Hercules
8386,η PsA,330.2093,-28.4537,5.43,Piscis Austrinus
8452,38 Aqr,332.6562,-11.5649,5.43,Aquarius
8688,HR 8688,342.4428,55.9028,5.43,Lacerta
8685,HR 8685,342.7590,-39.1568,5.43,Grus
8742,2 Psc,344.8644,0.9629,5.43,Pisces
9018,6 Cas,357.2091,62.2145,5.43,Cassiopeia
274,68 Psc,14.4590,28.9922,5.44,Pisces
883,4 Eri,44.3490,-23.8622,5.44,Eridanus
961,HR 961,50.0817,77.7347,5.44,Cepheus
1172,HR 1172,57.0867,23.4213,5.44,Taurus
1290,37 Eri,62.5938,-6.9239,5.44,Eridanus
1643,HR 1643,78.0936,73.9467,5.44,Camelopardalis
1767,ζ Pic,79.8422,-50.6060,5.44,Pictor
1958,HR 1958,84.9577,-32.6292,5.44,Columba
2229,73 Ori,93.9373,12.5511,5.44,Orion
2401,HR 2401,101.5601,79.5648,5.44,Camelopardalis
2572,HR 2572,103.6028,-1.1270,5.44,Monoceros
2707,21 Mon,107.8484,-0.3019,5.44,Monoceros
3085,HR 3085,118.2646,-36.3638,5.44,Puppis
3550,60 Cnc,133.9815,11.6260,5.44,Cancer
3555,Sig-2 Cnc,134.2358,32.9104,5.44,Cancer
3840,HR 3840,144.3028,-53.6685,5.44,Vela
4214,HR 4214,161.7169,-17.2969,5.44,Hydra
4576,HR 4576,179.5635,-56.3173,5.44,Crux
4952,θ Mus,197.0298,-65.3060,5.44,Musca
5784,HR 5784,234.0505,-44.3968,5.44,Lupus
6025,HR 6025,241.5821,67.8101,5.44,Draco
6071,λ Nor,244.8235,-42.6740,5.44,Norma
6686,HR 6686,269.1989,-4.0818,5.44,Ophiuchus
6894,HR 6894,276.7250,-48.1172,5.44,Telescopium
7720,66 Aql,303.3078,-1.0093,5.44,Aquila
7851,Ome-2 Cyg,307.8284,49.2203,5.44,Cygnus
8782,83 Aqr,346.2908,-7.6938,5.44,Aquarius
8874,11 And,349.8742,48.6253,5.44,Andromeda
157,HR 157,9.3384,35.3995,5.45,Andromeda
164,HR 164,9.7912,49.3546,5.45,Cassiopeia
270,Lam-2 Tuc,13.7513,-69.5271,5.45,Tucana
773,ν Ari,39.7041,21.9614,5.45,Aries
927,52 Ari,46.3612,25.2552,5.45,Aries
1140,Celaeno,56.2009,24.2895,5.45,Taurus
1254,HR 1254,60.9858,8.1973,5.45,Taurus
1288,HR 1288,62.3243,-16.3859,5.45,Eridanus
1340,HR 1340,63.7023,-62.1918,5.45,Reticulum
1484,93 Tau,70.0142,12.1976,5.45,Taurus
1877,HR 1877,83.2142,-38.5134,5.45,Columba
2689,θ Men,104.1437,-79.4202,5.45,Mensa
2607,HR 2607,104.3913,-24.6308,5.45,Canis Major
2877,HR 2877,112.9517,17.0860,5.45,Gemini
3326,HR 3326,126.4663,-42.1531,5.45,Puppis
3432,HR 3432,129.3285,-62.8535,5.45,Carina
3440,HR 3440,129.8494,-53.4398,5.45,Vela
3595,ν Cnc,135.6844,24.4529,5.45,Cancer
3784,HR 3784,142.5213,-51.5172,5.45,Vela
4253,HR 4253,163.4321,-2.1292,5.45,Leo
4635,3 Crv,182.7660,-23.6024,5.45,Corvus
4748,HR 4748,187.0936,-39.0412,5.45,Centaurus
4870,ι Oct,193.7433,-85.1234,5.45,Octans
5595,HR 5595,225.7470,-32.6433,5.45,Lupus
5637,HR 5637,227.8166,-55.3460,5.45,Lupus
5924,HR 5924,238.6442,20.3110,5.45,Serpens
6055,HR 6055,244.1803,-53.8111,5.45,Norma
6818,HR 6818,273.9726,-44.2065,5.45,Corona Australis
7363,Chi-3 Sgr,291.3736,-23.9625,5.45,Sagittarius
7460,42 Aql,294.4471,-4.6476,5.45,Aquila
7228,Polaris Australis,317.1918,-88.9565,5.45,Octans
8366,HR 8366,329.0949,-37.2537,5.45,Grus
8478,λ PsA,333.5781,-27.7669,5.45,Piscis Austrinus
8591,Rho-2 Cep,337.4707,78.8243,5.45,Cepheus
8729,Helvetios,344.3666,20.7688,5.45,Pegasus
258,36 And,13.7421,23.6283,5.46,Andromeda
1252,36 Tau,61.0903,24.1060,5.46,Taurus
1330,HR 1330,64.8051,50.0487,5.46,Perseus
1487,HR 1487,69.8321,-14.3592,5.46,Eridanus
1738,HR 1738,80.0611,41.0862,5.46,Auriga
1856,HR 1856,82.5395,-47.0777,5.46,Pictor
1842,33 Ori,82.8105,3.2921,5.46,Orion
1971,ο Aur,86.4752,49.8263,5.46,Auriga
2125,κ Men,87.5700,-79.3614,5.46,Mensa
2163,HR 2163,91.6337,-23.1108,5.46,Lepus
2708,HR 2708,107.5805,-27.4915,5.46,Canis Major
2703,HR 2703,108.3475,51.4287,5.46,Lynx
2758,HR 2758,109.0607,-15.5857,5.46,Canis Major
3502,η Cha,130.3316,-78.9634,5.46,Chamaeleon
3777,HR 3777,141.7768,-71.6019,5.46,Carina
3821,HR 3821,142.9013,-73.0809,5.46,Carina
4231,Del-1 Cha,161.3182,-80.4696,5.46,Chamaeleon
4439,HR 4439,173.0865,61.0825,5.46,Ursa Major
4476,HR 4476,174.3917,-47.7473,5.46,Centaurus
4839,HR 4839,191.0022,-28.3240,5.46,Hydra
4906,HR 4906,193.8310,-42.9157,5.46,Centaurus
5142,82 UMa,204.8771,52.9212,5.46,Ursa Major
5176,HR 5176,206.9108,-50.3207,5.46,Centaurus
5290,95 Vir,211.6784,-9.3135,5.46,Virgo
5741,HR 5741,231.5725,34.3360,5.46,Boötes
5736,HR 5736,231.8256,-36.7676,5.46,Lupus
6047,9 Her,243.3143,5.0211,5.46,Hercules
6164,HR 6164,249.0940,-42.8589,5.46,Scorpius
6260,HR 6260,253.5077,-41.8064,5.46,Scorpius
7062,Eta-1 CrA,282.2104,-43.6800,5.46,Corona Australis
7146,HR 7146,283.7174,41.6027,5.46,Lyra
7318,2 Vul,289.4318,23.0255,5.46,Vulpecula
7336,27 Aql,290.1487,-0.8922,5.46,Aquila
7398,HR 7398,292.4674,-26.9856,5.46,Sagittarius
7454,HR 7454,294.3934,-14.3018,5.46,Sagittarius
7628,HR 7628,299.3078,40.3678,5.46,Cygnus
8267,5 Peg,324.4393,19.3186,5.46,Pegasus
247,HR 247,13.1693,-24.0058,5.47,Cetus
885,HR 885,44.9575,47.2207,5.47,Perseus
1063,HR 1063,53.0358,48.0235,5.47,Perseus
1304,HR 1304,67.5024,83.3404,5.47,Cepheus
1428,81 Tau,67.6620,15.6919,5.47,Taurus
1527,HR 1527,73.0216,63.5054,5.47,Camelopardalis
1629,η Men,73.7965,-74.9369,5.47,Mensa
1821,118 Tau,82.3187,25.1502,5.47,Taurus
1990,130 Tau,86.8591,17.7291,5.47,Taurus
2684,45 Gem,107.0918,15.9307,5.47,Gemini
3066,26 Lyn,118.6780,47.5646,5.47,Lynx
3354,2 UMa,128.6507,65.1452,5.47,Ursa Major
3514,HR 3514,132.4132,-40.3202,5.47,Vela
3641,20 Hya,137.3982,-8.7876,5.47,Hydra
4169,HR 4169,159.3628,-58.7333,5.47,Carina
4280,HR 4280,165.0613,45.5263,5.47,Ursa Major
4687,HR 4687,184.7085,75.1606,5.47,Draco
4753,18 Com,187.3627,24.1089,5.47,Coma Berenices
4766,21 Com,187.7523,24.5672,5.47,Coma Berenices
5026,HR 5026,200.1576,-52.7478,5.47,Centaurus
5265,HR 5265,210.5949,-27.4298,5.47,Hydra
5541,HR 5541,222.6237,37.2720,5.47,Boötes
5954,49 Lib,240.0817,-16.5333,5.47,Libra
6416,HR 6416,259.7648,-46.6362,5.47,Ara
6685,89 Her,268.8549,26.0500,5.47,Hercules
6761,ι Pav,272.6092,-62.0022,5.47,Pavo
6804,HR 6804,273.3029,-41.3361,5.47,Corona Australis
6829,φ Oct,275.9018,-75.0443,5.47,Octans
6959,HR 6959,278.1805,-14.8657,5.47,Scutum
6968,HR 6968,278.2081,30.5542,5.47,Lyra
7893,HR 7893,310.0826,-33.4318,5.47,Microscopium
8005,HR 8005,313.4746,33.4379,5.47,Cygnus
8196,HR 8196,322.1868,-69.5054,5.47,Pavo
8557,HR 8557,336.5033,70.7709,5.47,Cepheus
8552,ν Gru,337.1634,-39.1318,5.47,Grus
702,ξ Ari,36.2044,10.6106,5.48,Aries
851,Eta-3 For,42.6684,-35.6758,5.48,Fornax
1202,30 Eri,58.1736,-5.3613,5.48,Eridanus
1737,HR 1737,79.4177,-13.5198,5.48,Lepus
2284,HR 2284,95.3530,-11.7732,5.48,Canis Major
3029,5 Pup,116.9863,-12.1927,5.48,Puppis
3091,HR 3091,118.5459,-35.8773,5.48,Puppis
3462,HR 3462,130.5675,-48.0991,5.48,Vela
3603,HR 3603,136.3504,48.5303,5.48,Ursa Major
4488,ι Crt,174.6667,-13.2019,5.48,Crater
4781,21 Vir,188.4448,-9.4521,5.48,Virgo
5552,HR 5552,222.8604,59.2940,5.48,Draco
5564,Xi-2 Lib,224.1921,-11.4097,5.48,Libra
5857,HR 5857,235.7116,52.3609,5.48,Boötes
6079,19 UMi,242.7064,75.8776,5.48,Ursa Minor
6091,HR 6091,244.9799,39.7086,5.48,Hercules
6221,HR 6221,251.6998,-39.3770,5.48,Scorpius
6250,47 Her,252.5808,7.2477,5.48,Hercules
6288,27 Sco,254.2966,-33.2595,5.48,Scorpius
7933,HR 7933,311.5836,-39.1993,5.48,Microscopium
8003,HR 8003,313.3274,45.1817,5.48,Cygnus
8187,18 Aqr,321.0479,-12.8781,5.48,Aquarius
8199,21 Aqr,321.3207,-3.5567,5.48,Aquarius
210,HR 210,11.5489,-22.5221,5.49,Cetus
445,HR 445,23.2335,-36.8652,5.49,Sculptor
519,HR 519,26.5248,-50.8163,5.49,Phoenix
881,HR 881,46.5330,79.4185,5.49,Cepheus
982,30 Per,49.4473,44.0250,5.49,Perseus
1215,HR 1215,59.1195,35.0809,5.49,Perseus
1532,58 Eri,71.9012,-16.9345,5.49,Eridanus
2021,HR 2021,87.4023,-14.4837,5.49,Lepus
2180,HR 2180,92.2411,-22.4274,5.49,Lepus
3014,HR 3014,116.5091,-6.7725,5.49,Monoceros
3466,HR 3466,130.5792,-53.1001,5.49,Vela
3683,24 Hya,139.1724,-8.7448,5.49,Hydra
3770,HR 3770,142.4771,-26.5896,5.49,Antlia
4024,23 LMi,154.0602,29.3105,5.49,Leo Minor
4209,52 Leo,161.6053,14.1946,5.49,Leo
4768,HR 4768,187.9181,-59.4239,5.49,Crux
4815,26 Com,189.7805,21.0626,5.49,Coma Berenices
6060,18 Sco,243.9053,-8.3694,5.49,Scorpius
6793,HR 6793,272.0094,36.4013,5.49,Hercules
6816,14 Sgr,273.5662,-21.7132,5.49,Sagittarius
6961,24 Sgr,278.4729,-24.0323,5.49,Sagittarius
7211,HR 7211,286.1044,-31.0471,5.49,Sagittarius
7496,HR 7496,295.8897,-15.4701,5.49,Sagittarius
8015,7 Aqr,314.2251,-9.6975,5.49,Aquarius
8471,ψ Oct,334.4611,-77.5116,5.49,Octans
8963,75 Peg,354.4867,18.4007,5.49,Pegasus
9012,20 Psc,356.9856,-2.7616,5.49,Pisces
83,π Tuc,5.1627,-69.6249,5.50,Tucana
293,σ Scl,15.6101,-31.5520,5.50,Sculptor
291,σ Psc,15.7046,31.8043,5.50,Pisces
414,94 Psc,21.6736,19.2404,5.50,Pisces
599,ε Tri,30.7415,33.2841,5.50,Triangulum
1016,HR 1016,50.3500,-23.6351,5.50,Eridanus
1022,64 Ari,51.0770,24.7241,5.50,Aries
1339,53 Tau,64.8587,21.1423,5.50,Taurus
1582,62 Eri,74.1008,-5.1714,5.50,Eridanus
1659,103 Tau,77.0276,24.2652,5.50,Taurus
1709,HR 1709,78.6835,5.1562,5.50,Orion
1847,HR 1847,83.0589,17.0581,5.50,Taurus
2181,Pi-2 Col,91.9703,-42.1540,5.50,Columba
2674,HR 2674,105.8129,-59.1781,5.50,Carina
2813,HR 2813,110.0893,-52.3115,5.50,Carina
3939,HR 3939,149.9654,56.8118,5.50,Ursa Major
4153,HR 4153,158.8036,-39.5626,5.50,Antlia
4208,51 Leo,161.6023,18.8915,5.50,Leo
4462,HR 4462,173.7371,-49.1365,5.50,Centaurus
5139,HR 5139,204.2960,71.2423,5.50,Ursa Minor
5173,86 Vir,206.4847,-12.4265,5.50,Virgo
5762,HR 5762,233.1529,-19.6705,5.50,Libra
5772,11 Ser,233.2414,-1.1864,5.50,Serpens
6007,HR 6007,242.4691,-33.5458,5.50,Scorpius
6135,HR 6135,248.5807,-70.9881,5.50,Apus
6151,θ TrA,248.9366,-65.4954,5.50,Triangulum Australe
6800,HR 6800,272.6679,3.3243,5.50,Ophiuchus
7506,10 Vul,295.9289,25.7719,5.50,Vulpecula
7789,25 Vul,305.5143,24.4461,5.50,Vulpecula
8202,HR 8202,321.7568,-42.5479,5.50,Microscopium
8379,HR 8379,329.8246,-38.3951,5.50,Grus
8862,τ Oct,352.0149,-87.4822,5.50,Octans
147,Lam-2 Phe,8.9215,-48.0009,5.51,Phoenix
213,58 Psc,11.7561,11.9738,5.51,Pisces
330,80 Psc,17.0925,5.6498,5.51,Pisces
421,47 Cet,21.7149,-13.0565,5.51,Cetus
666,67 Cet,34.2460,-6.4221,5.51,Cetus
939,θ Hyi,45.5642,-71.9025,5.51,Hydrus
1025,ι Hyi,48.9893,-77.3885,5.51,Hydrus
1283,Ome-1 Tau,62.2915,19.6092,5.51,Taurus
1289,HR 1289,67.0554,83.8078,5.51,Cepheus
1585,HR 1585,74.3431,17.1537,5.51,Taurus
2266,HR 2266,94.5572,-19.9670,5.51,Canis Major
3370,HR 3370,126.8199,-70.0935,5.51,Volans
3842,HR 3842,144.5060,-43.1909,5.51,Vela
4185,HR 4185,160.0477,-65.1002,5.51,Carina
4189,40 LMi,160.7579,26.3256,5.51,Leo Minor
4305,HR 4305,165.8120,-11.3035,5.51,Crater
4625,HR 4625,182.2275,-41.2316,5.51,Centaurus
5186,HR 5186,206.7492,38.5427,5.51,Canes Venatici
5412,HR 5412,217.5360,-45.3214,5.51,Lupus
5573,HR 5573,224.3885,-0.1676,5.51,Virgo
5709,ο CrB,230.0357,29.6162,5.51,Corona Borealis
6255,21 Oph,252.8539,1.2159,5.51,Ophiuchus
6464,74 Her,260.0880,46.2408,5.51,Hercules
6654,HR 6654,267.5954,29.3221,5.51,Hercules
7123,HR 7123,282.8957,52.9751,5.51,Draco
7092,HR 7092,283.1134,-46.5951,5.51,Telescopium
7166,HR 7166,284.8492,-12.8405,5.51,Sagittarius
7218,49 Dra,285.1811,55.6583,5.51,Draco
7282,HR 7282,288.3147,-12.2826,5.51,Sagittarius
7507,HR 7507,296.5051,-31.9086,5.51,Sagittarius
7640,HR 7640,299.6582,30.9837,5.51,Cygnus
7669,τ Aql,301.0346,7.2780,5.51,Aquila
7711,18 Vul,302.6397,26.9042,5.51,Vulpecula
7718,19 Vul,302.9499,26.8090,5.51,Vulpecula
8030,Musica,314.6081,10.8393,5.51,Delphinus
8164,HR 8164,319.8154,58.6235,5.51,Cepheus
8306,HR 8306,325.7770,41.1550,5.51,Cygnus
8566,37 Peg,337.4914,4.4317,5.51,Pegasus
8740,HR 8740,344.8990,-29.4623,5.51,Piscis Austrinus
506,HR 506,25.6219,-53.7408,5.52,Eridanus
847,σ Ari,42.8733,15.0821,5.52,Aries
1184,ρ For,56.9835,-30.1679,5.52,Fornax
1278,50 Per,62.1525,38.0397,5.52,Perseus
1555,5 Cam,73.7631,55.2591,5.52,Camelopardalis
1718,18 Ori,79.0172,11.3414,5.52,Orion
1814,116 Tau,81.9400,15.8741,5.52,Taurus
2092,σ Col,89.0873,-31.3824,5.52,Columba
2418,HR 2418,99.1472,-5.2111,5.52,Monoceros
3162,HR 3162,120.6866,-41.3098,5.52,Puppis
3180,HR 3180,121.2654,-53.1079,5.52,Carina
3247,HR 3247,123.3927,-50.1961,5.52,Vela
3277,HR 3277,125.9521,53.2197,5.52,Lynx
3324,HR 3324,126.6748,-12.5346,5.52,Puppis
4049,HR 4049,154.5316,-28.9920,5.52,Antlia
4081,28 LMi,156.0359,33.7185,5.52,Leo Minor
4062,HR 4062,157.4256,84.2520,5.52,Camelopardalis
4319,65 Leo,166.7259,1.9555,5.52,Leo
4693,HR 4693,185.0820,26.6195,5.52,Coma Berenices
5099,75 Vir,203.2152,-15.3630,5.52,Virgo
5590,HR 5590,225.3326,-2.7549,5.52,Libra
5609,HR 5609,225.7752,35.2058,5.52,Boötes
5678,HR 5678,229.0959,-22.3994,5.52,Libra
6502,HR 6502,261.7047,20.0810,5.52,Hercules
6769,HR 6769,271.9514,-17.1542,5.52,Sagittarius
6874,HR 6874,275.8701,-36.2380,5.52,Sagittarius
7278,HR 7278,289.3009,-66.6610,5.52,Pavo
7971,HR 7971,312.7532,-37.9133,5.52,Microscopium
8333,ο Ind,327.6967,-69.6294,5.52,Indus
8354,15 Peg,328.1247,28.7935,5.52,Pegasus
8474,HR 8474,332.6619,70.1326,5.52,Cepheus
8561,26 Cep,336.7721,65.1323,5.52,Cepheus
8657,HR 8657,341.4200,-46.5473,5.52,Grus
9082,HR 9082,0.3338,-50.3374,5.53,Phoenix
533,1 Per,27.9971,55.1474,5.53,Perseus
759,80 Cet,39.0002,-7.8316,5.53,Cetus
1006,Zet-1 Ret,49.4385,-62.5753,5.53,Reticulum
1121,22 Eri,55.1597,-5.2107,5.53,Eridanus
1399,72 Tau,66.8227,22.9963,5.53,Taurus
1415,HR 1415,67.1338,1.3808,5.53,Taurus
1541,μ Men,70.7665,-70.9310,5.53,Mensa
1513,HR 1513,71.0332,-18.6666,5.53,Eridanus
1849,10 Lep,82.7818,-20.8637,5.53,Lepus
1905,122 Tau,84.2656,17.0403,5.53,Taurus
2291,HR 2291,96.6077,56.2851,5.53,Lynx
3202,18 Pup,122.6660,-13.7992,5.53,Puppis
3983,Mu-1 Cha,150.1829,-82.2147,5.53,Chamaeleon
4564,95 Leo,178.9189,15.6468,5.53,Leo
4949,40 Com,196.5942,22.6162,5.53,Coma Berenices
5222,HR 5222,208.3866,-35.6642,5.53,Centaurus
5308,HR 5308,213.3184,-53.6657,5.53,Centaurus
5323,14 Boo,213.5216,12.9594,5.53,Boötes
5332,HR 5332,213.8504,-18.2007,5.53,Virgo
5764,Zet-4 Lib,233.2301,-16.8528,5.53,Libra
5875,HR 5875,237.2367,-3.8185,5.53,Libra
5959,50 Lib,240.1985,-8.4114,5.53,Libra
6077,HR 6077,244.8864,-30.9067,5.53,Scorpius
6123,25 Her,246.3507,37.3941,5.53,Hercules
6184,16 Dra,249.0476,52.9000,5.53,Draco
6289,HR 6289,254.5748,-50.6412,5.53,Ara
6409,HR 6409,259.2652,-32.6628,5.53,Scorpius
6583,HR 6583,265.7129,-36.9456,5.53,Scorpius
6780,HR 6780,272.5242,-30.7287,5.53,Sagittarius
7253,HR 7253,286.6572,28.6286,5.53,Lyra
7331,28 Aql,289.9140,12.3747,5.53,Aquila
7921,49 Cyg,310.2606,32.3073,5.53,Cygnus
8058,12 Aqr,316.0197,-5.8231,5.53,Aquarius
8243,HR 8243,322.7471,60.4594,5.53,Cepheus
8339,12 Cep,326.8554,60.6927,5.53,Cepheus
8487,HR 8487,333.4551,45.4406,5.53,Lacerta
8529,49 Aqr,335.8785,-24.7627,5.53,Aquarius
8711,77 Aqr,343.6895,-16.2720,5.53,Aquarius
8769,HR 8769,346.2174,-68.8202,5.53,Indus
8907,ο Gru,351.6524,-52.7216,5.53,Grus
26,34 Psc,2.5092,11.1458,5.54,Pisces
463,π Psc,24.2746,12.1415,5.54,Pisces
1760,HR 1760,80.7097,41.0293,5.54,Auriga
2016,135 Tau,87.6204,14.3056,5.54,Taurus
2131,HR 2131,90.3179,-33.9118,5.54,Columba
2203,HR 2203,92.5434,-40.3538,5.54,Columba
2263,HR 2263,94.2551,-37.7374,5.54,Columba
2486,HR 2486,102.0511,55.7042,5.54,Lynx
2721,HR 2721,108.9589,47.2400,5.54,Lynx
2919,ε Men,111.4091,-79.0942,5.54,Mensa
3673,HR 3673,138.2318,-59.4139,5.54,Carina
4433,86 Leo,172.6210,18.4098,5.54,Leo
4502,HR 4502,175.3325,-43.0957,5.54,Centaurus
4587,HR 4587,180.1852,-10.4460,5.54,Virgo
4701,70 UMa,185.2119,57.8641,5.54,Ursa Major
5707,HR 5707,230.2817,-5.8249,5.54,Libra
5851,HR 5851,236.9712,-65.4423,5.54,Triangulum Australe
5940,φ Ser,239.3107,14.4145,5.54,Serpens
6421,HR 6421,258.1357,62.8743,5.54,Draco
6544,HR 6544,263.6931,-11.2420,5.54,Serpens
6594,HR 6594,265.4943,15.9524,5.54,Hercules
7573,HR 7573,298.0066,24.9922,5.54,Vulpecula
7622,11 Sge,299.4394,16.7892,5.54,Sagitta
8012,16 Del,313.9107,12.5686,5.54,Delphinus
8049,HR 8049,314.8557,59.4386,5.54,Cepheus
8373,17 Peg,329.2349,12.0765,5.54,Pegasus
8859,φ Gru,349.5411,-40.8244,5.54,Grus
4,86 Peg,1.4248,13.3963,5.55,Pegasus
138,HR 138,8.4210,-29.5583,5.55,Sculptor
230,65 Psc,12.4715,27.7103,5.55,Pisces
311,Psi-1 Psc,16.4238,21.4654,5.55,Pisces
461,HR 461,24.5315,57.9776,5.55,Cassiopeia
712,11 Tri,36.8657,31.8013,5.55,Triangulum
958,HR 958,48.1099,6.6609,5.55,Cetus
1012,62 Ari,50.5495,27.6076,5.55,Aries
1115,12 Tau,54.9630,3.0569,5.55,Taurus
1113,HR 1113,55.2827,37.5802,5.55,Perseus
1333,HR 1333,65.0480,50.9209,5.55,Perseus
1722,HR 1722,79.5654,42.7921,5.55,Auriga
2082,HR 2082,88.7187,-39.9579,5.55,Columba
2288,HR 2288,95.1510,-34.1441,5.55,Columba
2335,HR 2335,96.8150,-0.2760,5.55,Monoceros
2333,HR 2333,96.8352,2.9083,5.55,Monoceros
2660,HR 2660,106.5483,34.4740,5.55,Gemini
2863,HR 2863,111.9965,-29.1559,5.55,Puppis
2967,HR 2967,115.5134,14.2085,5.55,Gemini
3216,HR 3216,124.8843,75.7569,5.55,Camelopardalis
3523,15 Hya,132.8934,-7.1772,5.55,Hydra
4165,HR 4165,159.7737,53.6683,5.55,Ursa Major
4406,HR 4406,171.0465,-72.2566,5.55,Musca
4862,HR 4862,192.4373,-71.9863,5.55,Musca
5165,83 Vir,206.1243,-16.1791,5.55,Virgo
5362,HR 5362,215.0404,-43.0588,5.55,Lupus
5444,HR 5444,219.0793,-46.2455,5.55,Lupus
5481,32 Boo,220.4313,11.6607,5.55,Boötes
6173,HR 6173,246.4311,78.9639,5.55,Ursa Minor
6202,HR 6202,250.4737,-19.9244,5.55,Ophiuchus
6219,HR 6219,251.8319,-58.3414,5.55,Ara
6469,HR 6469,260.4317,39.9746,5.55,Hercules
7427,HR 7427,292.8306,50.3067,5.55,Cygnus
7985,5 Aqr,313.0362,-5.5071,5.55,Aquarius
8035,HR 8035,314.5810,44.4717,5.55,Cygnus
8069,η Mic,316.6063,-41.3860,5.55,Microscopium
8406,14 Cep,330.5191,58.0004,5.55,Cepheus
8401,30 Aqr,330.8186,-6.5224,5.55,Aquarius
8544,53 Aqr,336.6428,-16.7421,5.55,Aquarius
8754,HR 8754,345.3308,-28.8540,5.55,Piscis Austrinus
8851,HR 8851,348.9072,70.8881,5.55,Cepheus
8947,15 And,353.6564,40.2364,5.55,Andromeda
9010,HR 9010,356.7580,57.4514,5.55,Cassiopeia
266,HR 266,14.1957,60.3628,5.56,Cassiopeia
328,Psi-2 Psc,16.9882,20.7391,5.56,Pisces
342,HR 342,17.8564,64.2027,5.56,Cassiopeia
899,5 Eri,44.9215,-2.4650,5.56,Eridanus
1098,HR 1098,53.9903,-11.1938,5.56,Eridanus
1150,25 Eri,56.2354,-0.2967,5.56,Eridanus
1495,HR 1495,70.0284,-24.4824,5.56,Eridanus
1835,HR 1835,82.0639,-37.2308,5.56,Columba
2183,HR 2183,92.3939,-14.5846,5.56,Lepus
2352,Pi-1 Dor,95.6594,-69.9840,5.56,Dorado
2667,HR 2667,105.9889,-43.6080,5.56,Puppis
3319,27 Cnc,126.6831,12.6546,5.56,Cancer
3448,HR 3448,130.0728,-53.0154,5.56,Vela
3600,HR 3600,135.3369,-41.8643,5.56,Vela
3661,HR 3661,138.1272,-43.6133,5.56,Vela
3726,HR 3726,140.4624,-42.1949,5.56,Vela
3814,33 Hya,143.6360,-5.9149,5.56,Hydra
3875,HR 3875,145.9261,-53.8913,5.56,Vela
3914,HR 3914,147.7316,-62.7451,5.56,Carina
4477,59 UMa,174.5858,43.6254,5.56,Ursa Major
4551,HR 4551,178.0431,-56.9877,5.56,Centaurus
4735,HR 4735,186.7154,-32.8301,5.56,Hydra
5084,κ Oct,205.2339,-85.7860,5.56,Octans
5379,HR 5379,216.2764,-68.1953,5.56,Circinus
5726,HR 5726,230.6557,39.5815,5.56,Boötes
6364,HR 6364,256.5752,22.0842,5.56,Hercules
6602,83 Her,265.6182,24.5641,5.56,Hercules
6845,HR 6845,273.9116,42.1593,5.56,Lyra
7126,HR 7126,283.8792,-16.3766,5.56,Sagittarius
7158,64 Ser,284.3191,2.5353,5.56,Serpens
7249,HR 7249,287.0696,-19.2903,5.56,Sagittarius
7601,HR 7601,298.6295,24.3194,5.56,Vulpecula
8547,HR 8547,337.1564,-67.4891,5.56,Indus
8840,HR 8840,348.8927,-3.4964,5.56,Aquarius
8868,96 Aqr,349.8499,-5.1244,5.56,Aquarius
8894,HR 8894,350.6355,60.1335,5.56,Cassiopeia
8903,67 Peg,351.2118,32.3849,5.56,Pegasus
8938,HR 8938,351.7498,87.3075,5.56,Cepheus
7,10 Cas,1.6105,64.1962,5.57,Cassiopeia
22,87 Peg,2.2601,18.2120,5.57,Pegasus
140,HR 140,8.6156,-52.3731,5.57,Phoenix
159,HR 159,9.3359,-24.7673,5.57,Cetus
220,HR 220,12.0044,-21.7225,5.57,Cetus
339,Psi-3 Psc,17.4550,19.6584,5.57,Pisces
345,32 Cas,17.9224,65.0189,5.57,Cassiopeia
478,43 Cas,25.5853,68.0430,5.57,Cassiopeia
588,HR 588,29.9118,-42.0305,5.57,Phoenix
667,Pi-1 Hyi,33.5605,-67.8414,5.57,Hydrus
657,21 Ari,33.9283,25.0430,5.57,Aries
682,63 And,35.2425,50.1515,5.57,Andromeda
1062,HR 1062,52.4001,-12.6747,5.57,Eridanus
1529,HR 1529,72.3035,31.4374,5.57,Auriga
2391,HR 2391,98.4007,14.1552,5.57,Gemini
3062,HR 3062,117.2780,-56.4104,5.57,Carina
3531,6 UMa,134.1561,64.6038,5.57,Ursa Major
3820,HR 3820,144.1785,31.1617,5.57,Leo
4118,δ Ant,157.3974,-30.6071,5.57,Antlia
4137,34 LMi,158.3788,34.9887,5.57,Leo Minor
4236,42 UMa,162.8489,59.3201,5.57,Ursa Major
4829,31 Vir,190.4880,6.8066,5.57,Virgo
4957,HR 4957,197.1353,-8.9844,5.57,Virgo
5138,HR 5138,204.8942,10.7463,5.57,Boötes
5376,HR 5376,215.5822,-34.7868,5.57,Centaurus
5729,ρ Oct,235.8174,-84.4653,5.57,Octans
5855,π CrB,235.9971,32.5158,5.57,Corona Borealis
5859,HR 5859,236.3478,5.4473,5.57,Serpens
5994,Iot-2 Nor,242.3273,-57.9343,5.57,Norma
6187,HR 6187,250.3351,-48.7630,5.57,Ara
6291,24 Oph,254.2002,-23.1503,5.57,Ophiuchus
6524,HR 6524,262.8389,2.7245,5.57,Ophiuchus
6807,HR 6807,272.4958,36.4663,5.57,Hercules
7375,50 Sgr,291.5798,-21.7767,5.57,Sagittarius
7407,HR 7407,292.3423,14.5960,5.57,Aquila
7953,13 Del,311.9514,6.0082,5.57,Delphinus
8236,HR 8236,323.3480,-44.8487,5.57,Grus
8319,λ Cap,326.6337,-11.3660,5.57,Capricornus
8323,HR 8323,327.0654,-47.3036,5.57,Grus
8407,HR 8407,330.7361,44.6499,5.57,Cygnus
8832,HR 8832,348.3165,57.1684,5.57,Cassiopeia
9059,HR 9059,359.2853,55.7057,5.57,Cassiopeia
9085,HR 9085,0.4042,61.2228,5.58,Cassiopeia
91,HR 91,6.0652,52.0199,5.58,Cassiopeia
317,28 Cet,16.5214,-9.8394,5.58,Cetus
473,HR 473,24.7158,-21.2754,5.58,Cetus
669,θ Ari,34.5314,19.9012,5.58,Aries
869,Rho-3 Ari,44.1089,18.0231,5.58,Aries
1037,HR 1037,52.2180,49.8484,5.58,Perseus
1351,57 Tau,64.9904,14.0352,5.58,Taurus
1422,80 Tau,67.5358,15.6378,5.58,Taurus
1563,ι Pic,72.7306,-53.4615,5.58,Pictor
2400,HR 2400,97.8262,-51.8260,5.58,Carina
2750,HR 2750,108.7132,-27.0380,5.58,Canis Major
2924,70 Gem,114.6369,35.0485,5.58,Gemini
2939,HR 2939,115.3017,48.1315,5.58,Lynx
3279,HR 3279,125.3384,-20.0791,5.58,Puppis
3304,Phi-1 Cnc,126.6154,27.8936,5.58,Cancer
3886,HR 3886,146.6266,-44.7551,5.58,Vela
4107,HR 4107,156.7039,-54.8773,5.58,Vela
4117,HR 4117,157.3707,-29.6638,5.58,Hydra
4329,HR 4329,166.7080,-70.8779,5.58,Carina
4408,81 Leo,171.4016,16.4565,5.58,Leo
4559,6 Vir,178.7631,8.4439,5.58,Virgo
4779,HR 4779,188.3927,-12.8302,5.58,Corvus
4935,HR 4935,195.9421,-20.5835,5.58,Virgo
5420,24 Boo,217.1580,49.8449,5.58,Boötes
6658,HR 6658,268.3478,-34.8951,5.58,Scorpius
6805,HR 6805,273.9193,-63.0554,5.58,Pavo
6888,18 Sgr,276.2560,-30.7566,5.58,Sagittarius
7131,Del-1 Lyr,283.4315,36.9717,5.58,Lyra
7135,HR 7135,283.8644,6.6153,5.58,Aquila
7300,HR 7300,288.8337,15.0837,5.58,Aquila
7769,36 Cyg,304.6194,36.9998,5.58,Cygnus
7798,HR 7798,305.5223,45.7950,5.58,Cygnus
8165,HR 8165,320.2683,23.8560,5.58,Pegasus
8449,Pi-1 Peg,332.3068,33.1723,5.58,Pegasus
8470,HR 8470,333.4351,-25.1809,5.58,Piscis Austrinus
8853,HR 8853,349.1761,53.2135,5.58,Cassiopeia
8882,63 Peg,350.2065,30.4149,5.58,Pegasus
9108,HR 9108,1.1720,-71.4369,5.59,Tucana
124,HR 124,7.9216,52.8395,5.59,Cassiopeia
227,HR 227,12.3567,-13.5613,5.59,Cetus
240,HR 240,13.7200,83.7074,5.59,Cepheus
288,ξ Scl,15.3261,-38.9165,5.59,Sculptor
589,53 Cas,30.7508,64.3900,5.59,Cassiopeia
860,HR 860,43.9868,61.5211,5.59,Cassiopeia
1139,HR 1139,55.8910,-10.4857,5.59,Eridanus
1275,HR 1275,61.4059,-27.6518,5.59,Eridanus
1492,HR 1492,69.1902,-62.0772,5.59,Dorado
2424,HR 2424,98.8509,-36.7799,5.59,Columba
2616,HR 2616,104.6496,-25.4142,5.59,Canis Major
2796,HR 2796,110.2429,-14.3605,5.59,Canis Major
2887,Del-2 CMi,113.2986,3.2904,5.59,Canis Minor
3138,HR 3138,119.4442,-60.3031,5.59,Carina
3266,HR 3266,124.5725,-35.4517,5.59,Puppis
3536,HR 3536,132.9022,-57.6336,5.59,Carina
3644,ε Pyx,137.4851,-30.3654,5.59,Pyxis
3977,HR 3977,151.7896,-17.1417,5.59,Hydra
4036,HR 4036,153.8815,-43.1124,5.59,Vela
4123,HR 4123,157.7493,-13.5885,5.59,Hydra
4573,HR 4573,179.4168,-62.4487,5.59,Crux
4578,HR 4578,179.6986,-64.3396,5.59,Crux
4593,HR 4593,180.4145,36.0421,5.59,Ursa Major
4941,HR 4941,196.6461,-41.5884,5.59,Centaurus
5520,HR 5520,223.3065,-73.1901,5.59,Apus
5627,47 Boo,226.3577,48.1510,5.59,Boötes
5687,HR 5687,229.7349,-40.7882,5.59,Lupus
5926,Xi-2 Lup,239.2255,-33.9643,5.59,Lupus
7303,22 Aql,289.1293,4.8348,5.59,Aquila
7316,HR 7316,289.9166,-35.4215,5.59,Sagittarius
7327,HR 7327,290.1590,-22.4025,5.59,Sagittarius
7416,HR 7416,293.3401,-45.2717,5.59,Telescopium
7804,HR 7804,305.0250,68.8803,5.59,Draco
7880,27 Vul,309.2695,26.4619,5.59,Vulpecula
7945,4 Cep,310.7958,66.6574,5.59,Cepheus
8040,HR 8040,314.6251,50.4618,5.59,Cygnus
8208,HR 8208,321.3312,46.7143,5.59,Cygnus
9033,22 Psc,357.9910,2.9304,5.59,Pisces
9073,HR 9073,359.8662,-29.4852,5.59,Sculptor
333,HR 333,18.0690,79.6740,5.60,Cepheus
395,47 And,20.9192,37.7149,5.60,Andromeda
672,HR 672,34.5060,1.7578,5.60,Cetus
1133,HR 1133,56.1309,36.4601,5.60,Perseus
1693,HR 1693,77.8453,-11.8491,5.60,Lepus
1799,HR 1799,81.2573,-10.3289,5.60,Orion
1864,35 Ori,83.4762,14.3056,5.60,Orion
1883,HR 1883,83.8052,10.2401,5.60,Orion
2013,HR 2013,87.7421,27.9679,5.60,Taurus
2033,137 Tau,88.0929,14.1718,5.60,Taurus
2320,ν Pic,95.7327,-56.3700,5.60,Pictor
2386,HR 2386,98.0964,-5.8688,5.60,Monoceros
2526,HR 2526,101.8280,-55.5400,5.60,Carina
2853,HR 2853,111.7833,-17.8649,5.60,Canis Major
2865,HR 2865,112.3278,-1.9053,5.60,Monoceros
2994,HR 2994,115.7999,-36.0501,5.60,Puppis
3047,HR 3047,117.5441,-9.1834,5.60,Monoceros
3128,3 Cnc,120.1971,17.3087,5.60,Cancer
3321,2 Hya,126.6134,-3.9875,5.60,Hydra
3630,19 Hya,137.1757,-8.5895,5.60,Hydra
3738,28 Hya,141.3501,-5.1174,5.60,Hydra
4092,HR 4092,156.4345,-7.0598,5.60,Sextans
4643,5 Com,183.0387,20.5421,5.60,Coma Berenices
5032,23 CVn,200.0790,40.1505,5.60,Canes Venatici
5109,81 UMa,203.5305,55.3484,5.60,Ursa Major
6227,HR 6227,251.3438,15.7453,5.60,Hercules
6397,HR 6397,258.8302,-33.5484,5.60,Scorpius
7068,Eta-2 CrA,282.3958,-43.4341,5.60,Corona Australis
7390,5 Vul,291.5552,20.0977,5.60,Vulpecula
7589,HR 7589,297.9961,47.0273,5.60,Cygnus
7596,58 Aql,298.6867,0.2736,5.60,Aquila
7779,Kap-1 Sgr,305.6146,-42.0495,5.60,Sagittarius
7969,HR 7969,311.9554,47.8319,5.60,Cygnus
8094,HR 8094,317.1620,30.2056,5.60,Cygnus
8390,28 Aqr,330.2709,0.6047,5.60,Aquarius
8562,36 Peg,337.2833,9.1290,5.60,Pegasus
8725,16 Lac,344.0985,41.6039,5.60,Lacerta
8802,HR 8802,347.0878,-28.8237,5.60,Sculptor
8901,HR 8901,351.3309,-56.8490,5.60,Tucana
8918,HR 8918,351.8187,70.3598,5.60,Cepheus
85,HR 85,5.4428,-20.0580,5.61,Cetus
611,HR 611,30.9187,-4.1035,5.61,Cetus
971,HR 971,48.8352,30.5567,5.61,Aries
1235,HR 1235,59.8755,-12.5744,5.61,Eridanus
1423,HR 1423,67.2789,-13.0484,5.61,Eridanus
1645,HR 1645,75.9720,-24.3882,5.61,Lepus
2311,HR 2311,95.9830,-25.5776,5.61,Canis Major
2559,ζ Men,100.0121,-80.8136,5.61,Mensa
3052,HR 3052,117.3975,-33.2889,5.61,Puppis
3297,1 Hya,126.1459,-3.7512,5.61,Hydra
3362,HR 3362,127.6192,-32.1593,5.61,Pyxis
3732,HR 3732,140.4586,-55.5147,5.61,Vela
3851,43 Lyn,145.5015,39.7579,5.61,Lynx
4088,44 Leo,156.3133,8.7848,5.61,Leo
4238,HR 4238,162.4876,-34.0582,5.61,Antlia
4914,Cor Caroli B,194.0020,38.3149,5.61,Canes Venatici
5136,HR 5136,204.9523,-40.0517,5.61,Centaurus
5195,HR 5195,207.1614,31.1902,5.61,Canes Venatici
5318,HR 5318,213.6779,-41.8375,5.61,Centaurus
5514,55 Hya,221.8440,-25.6243,5.61,Hydra
5860,HR 5860,236.6842,-34.6825,5.61,Lupus
5957,HR 5957,239.7405,36.6438,5.61,Corona Borealis
6040,HR 6040,243.9575,-57.9124,5.61,Norma
6162,HR 6162,247.9468,45.5983,5.61,Hercules
6534,HR 6534,263.3743,-5.7448,5.61,Ophiuchus
6627,HR 6627,266.7835,17.6970,5.61,Hercules
6876,108 Her,275.2374,29.8589,5.61,Hercules
8392,20 Peg,330.2723,13.1198,5.61,Pegasus
8696,HR 8696,342.8440,61.6967,5.61,Cepheus
279,Phi-4 Cet,14.6828,-11.3800,5.62,Cetus
451,49 Cet,23.6574,-15.6764,5.62,Cetus
910,93 Cet,45.5938,4.3529,5.62,Cetus
992,95 Cet,49.5934,-0.9303,5.62,Cetus
965,HR 965,53.0823,84.9110,5.62,Cepheus
1218,32 Tau,59.2170,22.4780,5.62,Taurus
1265,HR 1265,61.0947,-12.7923,5.62,Eridanus
1916,HR 1916,85.6102,65.6976,5.62,Camelopardalis
2053,HR 2053,88.1382,-37.6311,5.62,Columba
2065,HR 2065,88.6818,-11.7742,5.62,Lepus
2233,HR 2233,93.8928,-0.5122,5.62,Orion
2316,HR 2316,96.0042,-36.7078,5.62,Columba
2415,HR 2415,98.6472,-32.7163,5.62,Canis Major
2501,HR 2501,101.3800,-30.9490,5.62,Canis Major
3004,HR 3004,116.1424,-24.6741,5.62,Puppis
3068,HR 3068,117.9293,-21.1737,5.62,Puppis
3105,HR 3105,118.7223,-57.3028,5.62,Carina
3215,15 Cnc,123.2869,29.6565,5.62,Cancer
3450,45 Cnc,130.8014,12.6809,5.62,Cancer
3833,HR 3833,144.2912,-32.1786,5.62,Antlia
3910,HR 3910,147.8322,-46.1939,5.62,Vela
4544,HR 4544,177.7593,-5.3333,5.62,Virgo
5559,HR 5559,224.1336,-47.8792,5.62,Lupus
5679,4 Ser,228.9545,0.3721,5.62,Serpens
6046,HR 6046,242.9502,36.4251,5.62,Corona Borealis
6188,HR 6188,250.4176,-49.6516,5.62,Ara
6687,HR 6687,268.9617,22.4642,5.62,Hercules
6980,HR 6980,278.8767,23.6055,5.62,Hercules
7187,HR 7187,284.1072,65.2581,5.62,Draco
7678,HR 7678,301.1507,32.2186,5.62,Cygnus
8331,HR 8331,327.5005,-64.7125,5.62,Indus
8409,Kap-2 Ind,331.4624,-59.6361,5.62,Indus
8524,Pi-2 Gru,335.7830,-45.9285,5.62,Grus
8790,υ Gru,346.7234,-38.8923,5.62,Grus
476,HR 476,25.1651,43.2977,5.63,Andromeda
490,HR 490,25.5145,35.2457,5.63,Triangulum
511,HR 511,26.9350,63.8525,5.63,Cassiopeia
1004,HR 1004,49.8954,-24.1229,5.63,Fornax
2145,66 Ori,91.2432,4.1587,5.63,Orion
2655,HR 2655,106.0219,-5.3240,5.63,Monoceros
2830,HR 2830,112.7196,68.4656,5.63,Camelopardalis
3235,29 Lyn,124.4601,59.5711,5.63,Lynx
3302,Kap-2 Vol,125.0023,-71.5054,5.63,Volans
3391,Pi-1 UMa,129.7989,65.0209,5.63,Ursa Major
3465,49 Cnc,131.1877,10.0817,5.63,Cancer
4194,HR 4194,160.6800,-32.7157,5.63,Antlia
4457,HR 4457,173.7704,54.7854,5.63,Ursa Major
4759,HR 4759,187.5727,-23.6964,5.63,Corvus
4947,HR 4947,196.7260,-35.8620,5.63,Centaurus
5113,HR 5113,204.3012,-61.6919,5.63,Centaurus
5149,2 Boo,205.2598,22.4958,5.63,Boötes
5596,HR 5596,222.5822,82.5119,5.63,Ursa Minor
5581,HR 5581,224.0959,49.6284,5.63,Boötes
5917,4 Sco,238.8753,-26.2660,5.63,Scorpius
6004,45 Ser,241.9064,9.8917,5.63,Serpens
6158,28 Her,248.1487,5.5212,5.63,Hercules
6353,HR 6353,256.3844,-0.8921,5.63,Ophiuchus
6528,HR 6528,262.7307,31.1581,5.63,Hercules
6910,HR 6910,277.1130,-38.9957,5.63,Corona Australis
6933,HR 6933,277.5494,-18.7288,5.63,Sagittarius
7195,HR 7195,285.6153,-24.8468,5.63,Sagittarius
7237,HR 7237,286.2411,31.7441,5.63,Lyra
7575,HR 7575,298.3281,-3.1145,5.63,Aquila
7826,40 Cyg,306.8928,38.4403,5.63,Cygnus
8066,3 Equ,316.1444,5.5029,5.63,Equuleus
8172,HR 8172,320.7520,-22.6690,5.63,Capricornus
8328,11 Peg,326.8082,2.6861,5.63,Pegasus
8909,HR 8909,351.8124,-58.4761,5.63,Tucana
8948,73 Peg,353.6592,33.4973,5.63,Pegasus
6370,Alrakis,256.3307,54.4691,5.63,Draco
192,21 Cas,11.4129,74.9881,5.64,Cassiopeia
308,72 Psc,16.2723,14.9461,5.64,Pisces
605,10 Ari,30.9139,25.9355,5.64,Aries
635,64 Cet,32.8378,8.5698,5.64,Cetus
763,31 Ari,39.1580,12.4476,5.64,Aries
931,HR 931,46.5987,13.1873,5.64,Aries
1331,51 Tau,64.5967,21.5793,5.64,Taurus
1376,63 Tau,65.8544,16.7773,5.64,Taurus
1535,HR 1535,72.7889,48.7407,5.64,Auriga
1720,HR 1720,80.0942,62.6537,5.64,Camelopardalis
1792,HR 1792,81.1187,-16.9758,5.64,Lepus
2640,HR 2640,105.2748,-25.2156,5.64,Canis Major
2771,HR 2771,109.0645,-46.7745,5.64,Puppis
2899,HR 2899,113.3315,-19.4125,5.64,Puppis
2988,HR 2988,115.7006,-26.3513,5.64,Puppis
3596,HR 3596,135.4916,-0.4827,5.64,Hydra
3861,15 Leo,145.8886,29.9745,5.64,Leo
3996,18 Sex,152.7328,-8.4185,5.64,Sextans
4447,HR 4447,173.2004,-40.4362,5.64,Centaurus
4463,HR 4463,173.8055,-47.3726,5.64,Centaurus
4479,π Cha,174.3161,-75.8965,5.64,Chamaeleon
4945,HR 4945,196.4678,45.2685,5.64,Canes Venatici
4998,HR 4998,198.6303,11.3317,5.64,Virgo
5588,40 Boo,224.9040,39.2653,5.64,Boötes
5743,Zet-1 Lib,232.0642,-16.7165,5.64,Libra
5782,Kap-2 Aps,235.0890,-73.4467,5.64,Apus
6214,HR 6214,251.1775,-40.8397,5.64,Scorpius
6297,HR 6297,255.0262,-54.5972,5.64,Ara
6902,HR 6902,276.4117,8.0320,5.64,Ophiuchus
7132,HR 7132,283.5552,27.9095,5.64,Lyra
7431,51 Sgr,294.0069,-24.7191,5.64,Sagittarius
7480,45 Aql,295.1805,-0.6212,5.64,Aquila
7787,Kap-2 Sgr,305.9716,-42.4229,5.64,Sagittarius
8119,HR 8119,317.9510,59.9866,5.64,Cepheus
8200,HR 8200,321.5952,-37.8294,5.64,Microscopium
8574,38 Peg,337.5075,32.5726,5.64,Pegasus
8843,HR 8843,349.2399,-62.0012,5.64,Tucana
650,66 Cet,33.1981,-2.3936,5.65,Cetus
771,81 Cet,39.4242,-3.3962,5.65,Cetus
1176,HR 1176,57.5185,44.9679,5.65,Perseus
1604,HR 1604,74.7557,-16.3760,5.65,Lepus
2022,π Men,84.2874,-80.4691,5.65,Mensa
2138,HR 2138,90.2049,-51.2163,5.65,Pictor
2149,HR 2149,91.0844,-32.1724,5.65,Columba
2565,HR 2565,103.3284,-19.0328,5.65,Canis Major
2855,HR 2855,111.7478,-23.0860,5.65,Canis Major
3136,HR 3136,120.3079,4.8798,5.65,Canis Minor
3879,HR 3879,146.5984,1.7856,5.65,Sextans
4255,HR 4255,163.5741,-13.7580,5.65,Crater
4849,33 Vir,191.5939,9.5397,5.65,Virgo
4860,HR 4860,192.1095,-27.5974,5.65,Hydra
5049,HR 5049,201.4599,-70.6272,5.65,Musca
5081,71 Vir,202.3042,10.8183,5.65,Virgo
5577,59 Hya,224.6636,-27.6573,5.65,Hydra
5525,Pi-1 Oct,225.4613,-83.2276,5.65,Octans
5545,Pi-2 Oct,226.1957,-83.0383,5.65,Octans
5715,HR 5715,230.0214,51.9585,5.65,Boötes
5699,Nu-2 Lup,230.4526,-48.3176,5.65,Lupus
5700,HR 5700,230.7940,-60.6572,5.65,Circinus
5844,HR 5844,234.4133,69.2833,5.65,Ursa Minor
6511,HR 6511,261.4223,60.0484,5.65,Draco
6541,HR 6541,263.3451,19.2567,5.65,Hercules
7006,HR 7006,277.4373,77.5471,5.65,Draco
7301,1 Sge,288.8223,21.2321,5.65,Sagitta
7307,HR 7307,289.1116,14.5446,5.65,Aquila
7631,HR 7631,300.0843,-33.7035,5.65,Sagittarius
7714,HR 7714,303.5793,-52.4458,5.65,Telescopium
8393,19 Peg,330.2885,8.2572,5.65,Pegasus
8883,HR 8883,350.3146,-26.9868,5.65,Sculptor
57,HR 57,4.0369,-31.4464,5.66,Sculptor
189,HR 189,11.1092,47.8640,5.66,Cassiopeia
525,HR 525,24.3658,-84.7696,5.66,Octans
618,HR 618,32.1691,58.4236,5.66,Perseus
1144,18 Tau,56.2906,24.8393,5.66,Taurus
1141,HR 1141,56.4969,45.6819,5.66,Perseus
1199,31 Tau,58.0010,6.5349,5.66,Taurus
1482,HR 1482,70.3505,48.3009,5.66,Perseus
1509,HR 1509,70.7887,-30.7656,5.66,Caelum
1752,HR 1752,80.3029,29.5699,5.66,Auriga
2502,HR 2502,101.6626,-10.1074,5.66,Monoceros
2921,HR 2921,114.0162,-14.4928,5.66,Puppis
2903,HR 2903,114.1318,46.1803,5.66,Lynx
3203,HR 3203,122.2896,-48.6844,5.66,Vela
3194,HR 3194,122.3689,-16.2489,5.66,Puppis
3218,HR 3218,122.3901,-56.0854,5.66,Carina
3400,HR 3400,129.5926,53.4015,5.66,Ursa Major
3763,HR 3763,142.3027,-20.7491,5.66,Hydra
4065,HR 4065,154.7712,-64.6763,5.66,Carina
4066,HR 4066,155.0697,-47.6991,5.66,Vela
4235,43 UMa,162.7960,56.5823,5.66,Ursa Major
4640,4 Com,182.9632,25.8703,5.66,Coma Berenices
4711,6 Crv,185.8399,-24.8407,5.66,Corvus
5230,HR 5230,208.8006,-52.1608,5.66,Centaurus
6140,HR 6140,247.4455,-14.5509,5.66,Ophiuchus
6381,HR 6381,258.0675,-39.5069,5.66,Scorpius
6533,78 Her,262.9566,28.4075,5.66,Hercules
7380,HR 7380,291.7353,-29.7432,5.66,Sagittarius
7443,HR 7443,294.2639,-18.2311,5.66,Sagittarius
7845,HR 7845,308.0987,-9.8534,5.66,Capricornus
7988,HR 7988,312.8677,28.2505,5.66,Vulpecula
8270,4 Peg,324.6331,5.7717,5.66,Pegasus
8287,26 Aqr,325.5421,1.2853,5.66,Aquarius
8616,HR 8616,339.7144,-33.0813,5.66,Piscis Austrinus
8743,HR 8743,345.0241,-25.1642,5.66,Piscis Austrinus
8919,HR 8919,352.2540,-63.1107,5.66,Tucana
8958,HR 8958,354.4148,-13.0602,5.66,Aquarius
13,HR 13,2.0145,-33.5293,5.67,Sculptor
120,HR 120,7.6086,-48.2149,5.67,Phoenix
340,44 And,17.5782,42.0815,5.67,Andromeda
678,Pi-2 Hyi,33.8691,-67.7464,5.67,Hydrus
981,HR 981,46.8831,-78.9892,5.67,Hydrus
1090,HR 1090,53.1449,-50.3786,5.67,Horologium
1243,HR 1243,60.4422,9.9980,5.67,Taurus
1426,δ Men,64.4966,-80.2140,5.67,Mensa
1448,HR 1448,68.5344,5.5686,5.67,Taurus
1668,HR 1668,77.6788,46.9621,5.67,Auriga
1858,120 Tau,83.3818,18.5402,5.67,Taurus
1886,HR 1886,83.7542,-6.0093,5.67,Orion
2144,63 Ori,91.2424,5.4200,5.67,Orion
2269,HR 2269,95.0176,14.6511,5.67,Orion
3393,HR 3393,126.0846,-80.9142,5.67,Chamaeleon
3308,HR 3308,126.2299,-23.1537,5.67,Puppis
3444,HR 3444,130.1469,-45.1911,5.67,Vela
3519,Sig-1 Cnc,133.1443,32.4742,5.67,Cancer
3877,18 Leo,146.5972,11.8100,5.67,Leo
4148,49 Leo,158.7590,8.6504,5.67,Leo
4311,HR 4311,166.1301,-47.6791,5.67,Vela
5466,HR 5466,220.2558,-36.1349,5.67,Centaurus
5638,46 Boo,227.0991,26.3012,5.67,Boötes
6029,12 Sco,243.0668,-28.4173,5.67,Scorpius
6130,HR 6130,245.9466,61.6965,5.67,Draco
6114,HR 6114,247.0632,-58.5998,5.67,Norma
6797,HR 6797,272.4751,3.1198,5.67,Ophiuchus
6952,Kap-1 CrA,278.3464,-38.7260,5.67,Corona Australis
7175,48 Dra,284.1878,57.8149,5.67,Draco
7463,ε Sge,294.3225,16.4628,5.67,Sagitta
7667,62 Aql,301.0965,-0.7093,5.67,Aquila
7959,HR 7959,312.9102,-62.4293,5.67,Pavo
8061,HR 8061,317.3408,-73.1730,5.67,Pavo
8198,HR 8198,321.1417,26.1746,5.67,Vulpecula
9104,HR 9104,1.1746,67.1664,5.68,Cepheus
631,15 Ari,32.6566,19.5003,5.68,Aries
1109,HR 1109,52.4955,-78.3518,5.68,Mensa
1126,13 Tau,55.5789,19.7003,5.68,Taurus
1550,HR 1550,73.1990,42.5866,5.68,Auriga
1764,HR 1764,80.3827,-0.4165,5.68,Orion
2525,35 Gem,102.6062,13.4132,5.68,Gemini
2533,HR 2533,103.0000,23.6017,5.68,Gemini
2735,Gam-1 Vol,107.1765,-70.4971,5.68,Volans
2957,HR 2957,114.5759,-48.6014,5.68,Puppis
3386,HR 3386,128.0207,-53.2119,5.68,Vela
3565,Omi-2 Cnc,134.3967,15.5813,5.68,Cancer
3830,HR 3830,144.2509,-25.2968,5.68,Antlia
3952,HR 3952,150.7040,21.9493,5.68,Leo
4541,HR 4541,177.6137,-62.6494,5.68,Centaurus
4745,73 UMa,186.8963,55.7127,5.68,Ursa Major
4756,20 Com,187.4302,20.8961,5.68,Coma Berenices
4807,HR 4807,189.5934,1.8547,5.68,Virgo
5187,84 UMa,206.6486,54.4327,5.68,Ursa Major
5501,108 Vir,221.3759,0.7173,5.68,Virgo
5521,HR 5521,222.3281,-24.2515,5.68,Libra
5538,39 Boo,222.4221,48.7208,5.68,Boötes
5692,HR 5692,229.6021,20.5728,5.68,Serpens
6443,HR 6443,259.7022,28.8230,5.68,Hercules
6542,HR 6542,263.4141,16.3176,5.68,Hercules
6622,HR 6622,267.6183,-53.6124,5.68,Ara
7044,HR 7044,280.9650,31.9266,5.68,Lyra
7114,33 Sgr,283.5004,-21.3598,5.68,Sagittarius
7567,HR 7567,297.6555,40.5998,5.68,Cygnus
7641,14 Vul,299.7939,23.1013,5.68,Vulpecula
7811,HR 7811,306.4189,21.4096,5.68,Vulpecula
7904,HR 7904,309.7480,30.3343,5.68,Cygnus
7926,HR 7926,310.4854,41.7169,5.68,Cygnus
8020,HR 8020,313.9575,47.4177,5.68,Cygnus
8185,HR 8185,320.5017,49.3888,5.68,Cygnus
8673,Tau-1 Aqr,341.9282,-14.0564,5.68,Aquarius
8749,HR 8749,345.2814,-50.9500,5.68,Grus
8805,5 And,346.9389,49.2958,5.68,Andromeda
8822,2 Cas,347.4339,59.3327,5.68,Cassiopeia
8824,HR 8824,347.6776,17.5944,5.68,Pegasus
8954,16 Psc,354.0970,2.1022,5.68,Pisces
132,51 Psc,8.0991,6.9555,5.69,Pisces
282,HR 282,15.0148,44.7132,5.69,Andromeda
439,HR 439,23.3571,58.3273,5.69,Cassiopeia
462,τ Scl,24.0354,-29.9073,5.69,Sculptor
557,56 And,29.0389,37.2518,5.69,Andromeda
901,ζ For,44.9007,-25.2741,5.69,Fornax
1305,HR 1305,64.2231,61.8500,5.69,Camelopardalis
1781,HR 1781,80.9263,-0.1598,5.69,Orion
1804,HR 1804,81.7845,30.2086,5.69,Auriga
2412,μ Pic,97.9930,-58.7538,5.69,Pictor
2581,HR 2581,105.3392,70.8083,5.69,Camelopardalis
2704,HR 2704,107.4293,-25.2310,5.69,Canis Major
2928,HR 2928,114.1710,-19.7023,5.69,Puppis
2940,HR 2940,114.1830,-48.8302,5.69,Puppis
3073,10 Pup,118.0787,-14.8462,5.69,Puppis
4317,Chi-2 Hya,166.4899,-27.2879,5.69,Hydra
4666,2 CVn,184.0314,40.6602,5.69,Canes Venatici
5037,HR 5037,200.4235,2.0872,5.69,Virgo
5060,HR 5060,201.7338,-41.4976,5.69,Centaurus
5097,HR 5097,203.1496,-28.6928,5.69,Hydra
5261,θ Aps,211.3335,-76.7968,5.69,Apus
6010,47 Ser,242.1170,8.5343,5.69,Serpens
6325,HR 6325,255.2422,22.6321,5.69,Hercules
6479,HR 6479,260.4390,53.4204,5.69,Draco
6440,HR 6440,261.0045,-62.8642,5.69,Ara
6535,HR 6535,263.6771,-32.5817,5.69,Scorpius
6638,HR 6638,267.1032,20.5654,5.69,Hercules
6728,HR 6728,269.9842,45.5014,5.69,Hercules
6922,HR 6922,277.4831,-47.2205,5.69,Telescopium
7055,HR 7055,281.6805,-10.1250,5.69,Scutum
7148,HR 7148,284.0255,18.1054,5.69,Hercules
7202,HR 7202,285.3223,26.2914,5.69,Lyra
7649,63 Sgr,300.4942,-13.6372,5.69,Sagittarius
7805,HR 7805,305.2980,63.9801,5.69,Draco
7892,θ Del,309.6833,13.3151,5.69,Delphinus
8044,HR 8044,315.1154,19.3296,5.69,Delphinus
8070,δ Mic,316.5048,-30.1251,5.69,Microscopium
8307,79 Cyg,325.8569,38.2836,5.69,Cygnus
8358,HR 8358,328.4058,19.6684,5.69,Pegasus
8419,23 Peg,331.3945,28.9640,5.69,Pegasus
9093,32 Psc,0.6238,8.4855,5.70,Pisces
6,HR 6,1.5792,-49.0752,5.70,Phoenix
218,HR 218,11.9301,-18.0613,5.70,Cetus
368,38 Cet,18.7049,-0.9738,5.70,Cetus
505,HR 505,25.4498,-60.7893,5.70,Hydrus
498,HR 498,25.5125,-36.8323,5.70,Sculptor
536,2 Per,28.0390,50.7928,5.70,Perseus
568,3 Per,29.6396,49.2044,5.70,Perseus
1007,Kap-2 Cet,50.2784,3.6756,5.70,Cetus
1219,HR 1219,58.5965,-40.3570,5.70,Eridanus
1293,HR 1293,62.6990,-8.8198,5.70,Eridanus
2099,HR 2099,89.7218,12.8083,5.70,Orion
2174,HR 2174,92.2413,2.4997,5.70,Orion
2251,HR 2251,94.3172,5.1001,5.70,Orion
2419,51 Aur,99.6648,39.3909,5.70,Auriga
2460,HR 2460,99.9278,-30.4705,5.70,Canis Major
2788,HR 2788,109.8674,-16.3952,5.70,Canis Major
2844,HR 2844,112.2145,48.1839,5.70,Lynx
3088,HR 3088,118.1239,-54.3672,5.70,Carina
3478,HR 3478,131.5103,-2.0487,5.70,Hydra
3570,HR 3570,133.7990,-54.9658,5.70,Vela
3965,HR 3965,151.0873,-24.2855,5.70,Hydra
4009,HR 4009,152.9436,-58.0605,5.70,Carina
4282,HR 4282,164.8073,-33.7376,5.70,Hydra
4332,67 Leo,167.2045,24.6585,5.70,Leo
4801,25 Com,189.2431,17.0895,5.70,Coma Berenices
4872,HR 4872,192.7412,-52.7874,5.70,Centaurus
4951,HR 4951,196.9096,-53.4598,5.70,Centaurus
5111,80 Vir,203.8804,-5.3962,5.70,Virgo
5238,86 UMa,208.4626,53.7287,5.70,Ursa Major
5484,4 Lib,220.8065,-24.9978,5.70,Libra
5647,Kap-2 Lup,227.9904,-48.7437,5.70,Lupus
5955,HR 5955,241.4828,-72.4009,5.70,Apus
6480,73 Her,261.0274,22.9603,5.70,Hercules
7370,HR 7370,291.9505,-54.3253,5.70,Telescopium
7392,HR 7392,292.3493,-43.4452,5.70,Sagittarius
7593,57 Aql,298.6569,-8.2273,5.70,Aquila
7727,68 Dra,302.8951,62.0785,5.70,Draco
7743,HR 7743,303.8491,33.7291,5.70,Cygnus
8013,HR 8013,314.1972,-26.2964,5.70,Capricornus
8190,HR 8190,320.9951,24.2741,5.70,Vulpecula
8245,37 Cap,323.7127,-20.0843,5.70,Capricornus
8357,HR 8357,328.0043,55.7967,5.70,Cepheus
8599,HR 8599,338.0678,76.2264,5.70,Cepheus
9029,HR 9029,357.6387,-14.4015,5.70,Aquarius
9081,τ Phe,0.2691,-48.8099,5.71,Phoenix
41,23 And,3.3786,41.0354,5.71,Andromeda
329,30 Cet,16.9425,-9.7856,5.71,Cetus
977,HR 977,48.1381,-57.3215,5.71,Horologium
1054,Chi-2 For,51.8892,-35.6813,5.71,Fornax
1292,45 Tau,62.8345,5.5230,5.71,Taurus
1449,46 Eri,68.4780,-6.7389,5.71,Eridanus
1579,HR 1579,73.7784,-16.7407,5.71,Eridanus
1581,HR 1581,73.8277,-16.4178,5.71,Eridanus
1655,HR 1655,76.3175,-26.1524,5.71,Lepus
1911,HR 1911,84.1487,-6.0648,5.71,Orion
2101,36 Aur,90.2440,47.9019,5.71,Auriga
2186,HR 2186,92.4498,-22.7743,5.71,Lepus
2423,Nu-1 CMa,99.0952,-18.6599,5.71,Canis Major
2728,HR 2728,108.6359,12.1158,5.71,Canis Minor
3281,HR 3281,125.4775,-17.5863,5.71,Puppis
3355,Ups-1 Cnc,127.8772,24.0811,5.71,Cancer
3496,HR 3496,131.8285,-46.1554,5.71,Vela
3927,HR 3927,148.7135,-50.2440,5.71,Vela
3954,HR 3954,151.1514,53.8917,5.71,Ursa Major
4158,HR 4158,159.1349,-12.2301,5.71,Hydra
4333,HR 4333,167.3295,36.3094,5.71,Ursa Major
4469,HR 4469,174.1456,-33.5701,5.71,Hydra
4673,HR 4673,184.3774,28.9372,5.71,Coma Berenices
4724,HR 4724,186.3406,-35.1864,5.71,Centaurus
4865,29 Com,192.2259,14.1226,5.71,Coma Berenices
4876,HR 4876,192.8249,-60.3298,5.71,Crux
5225,7 Boo,208.3039,17.9329,5.71,Boötes
5594,HR 5594,225.4538,-0.1403,5.71,Virgo
5725,HR 5725,231.8879,-64.5315,5.71,Triangulum Australe
5870,υ Ser,236.8222,14.1153,5.71,Serpens
6795,73 Oph,272.3912,3.9933,5.71,Ophiuchus
6881,HR 6881,275.8007,-12.0148,5.71,Scutum
6928,HR 6928,276.9949,6.1941,5.71,Serpens
6937,HR 6937,277.9843,-43.5074,5.71,Corona Australis
7036,θ Pav,282.1581,-65.0777,5.71,Pavo
7378,HR 7378,291.5460,-15.0533,5.71,Sagittarius
7451,HR 7451,293.5824,51.2366,5.71,Cygnus
7609,10 Sge,299.0053,16.6348,5.71,Sagitta
7792,71 Dra,304.9029,62.2575,5.71,Draco
8195,19 Aqr,321.3043,-9.7486,5.71,Aquarius
8360,HR 8360,328.5432,-4.2762,5.71,Aquarius
96,HR 96,6.2767,53.0468,5.72,Cassiopeia
117,12 Cet,7.5098,-3.9573,5.72,Cetus
183,ξ Phe,10.4431,-56.5013,5.72,Phoenix
648,19 Ari,33.2638,15.2799,5.72,Aries
748,HR 748,38.9114,37.3123,5.72,Andromeda
790,84 Cet,40.3083,-0.6957,5.72,Cetus
997,HR 997,49.6714,-18.5598,5.72,Eridanus
1041,HR 1041,52.0862,33.8076,5.72,Perseus
1169,HR 1169,56.3162,-47.3595,5.72,Horologium
1313,HR 1313,64.2837,57.8604,5.72,Camelopardalis
1368,60 Tau,65.5146,14.0772,5.72,Taurus
1403,HR 1403,67.0032,21.6199,5.72,Taurus
1521,HR 1521,71.2673,-21.2834,5.72,Eridanus
1989,131 Tau,86.8048,14.4883,5.72,Taurus
2194,Eta-1 Dor,91.5390,-66.0396,5.72,Dorado
2200,HR 2200,92.6445,-27.1543,5.72,Lepus
2446,HR 2446,99.3077,-36.9907,5.72,Columba
2512,HR 2512,102.4221,32.6068,5.72,Gemini
2761,HR 2761,108.6918,-46.8497,5.72,Puppis
3398,3 Hya,128.8675,-7.9823,5.72,Hydra
3505,5 UMa,133.3440,61.9623,5.72,Ursa Major
3545,HR 3545,134.2083,45.6316,5.72,Lynx
3653,HR 3653,137.9948,-19.7476,5.72,Hydra
3755,3 Leo,142.1216,8.1883,5.72,Leo
3838,HR 3838,145.5621,69.2375,5.72,Ursa Major
3904,HR 3904,147.6748,-46.9339,5.72,Vela
3925,HR 3925,148.5736,-45.2835,5.72,Vela
4629,11 Vir,182.5142,5.8070,5.72,Virgo
4659,HR 4659,183.7855,70.2000,5.72,Draco
5123,HR 5123,204.2462,24.6133,5.72,Boötes
5320,HR 5320,214.1613,-66.5879,5.72,Circinus
5493,HR 5493,220.9352,40.4593,5.72,Boötes
5575,HR 5575,224.2987,16.3881,5.72,Boötes
5568,HR 5568,224.3665,-21.4155,5.72,Libra
5737,HR 5737,230.6601,63.3414,5.72,Draco
5720,HR 5720,230.9677,-12.3695,5.72,Libra
5991,HR 5991,241.8175,-36.7557,5.72,Lupus
6065,16 Her,243.8693,18.8081,5.72,Hercules
6483,HR 6483,261.9900,-52.2972,5.72,Ara
6550,HR 6550,263.2803,41.2434,5.72,Hercules
6716,HR 6716,270.4766,-22.7803,5.72,Sagittarius
6768,HR 6768,271.4567,32.2307,5.72,Hercules
7367,HR 7367,291.3400,-13.8971,5.72,Sagittarius
8489,HR 8489,333.6848,42.9539,5.72,Lacerta
8594,HR 8594,338.4192,56.6247,5.72,Lacerta
8631,HR 8631,340.2195,14.5492,5.72,Pegasus
8716,HR 8716,343.7957,-4.9879,5.72,Aquarius
8722,Tau-3 Gru,344.1992,-47.9692,5.72,Grus
9061,Gam-2 Oct,359.3874,-82.1698,5.72,Octans
257,HR 257,13.4076,-62.8714,5.73,Tucana
833,γ Hor,41.3644,-63.7046,5.73,Horologium
1377,55 Per,66.1215,34.1308,5.73,Perseus
1490,HR 1490,70.3323,28.6150,5.73,Taurus
1793,HR 1793,80.8501,-39.6784,5.73,Columba
1975,HR 1975,85.8403,-18.5575,5.73,Lepus
2397,HR 2397,98.1624,-32.0304,5.73,Canis Major
2615,41 Gem,105.0659,16.0790,5.73,Gemini
2963,HR 2963,114.9326,-38.1393,5.73,Puppis
3191,ψ Cnc,122.6133,25.5073,5.73,Cancer
3245,HR 3245,124.8216,62.5072,5.73,Ursa Major
3638,HR 3638,137.2675,-18.3285,5.73,Hydra
3826,8 Leo,144.2608,16.4380,5.73,Leo
4067,HR 4067,155.5441,41.2295,5.73,Ursa Major
4256,HR 4256,163.7424,34.0348,5.73,Ursa Major
4407,HR 4407,171.4881,55.8505,5.73,Ursa Major
4501,62 UMa,175.3929,31.7461,5.73,Ursa Major
4536,HR 4536,177.4239,34.9318,5.73,Ursa Major
4704,Zet-1 Mus,185.5501,-68.3073,5.73,Musca
5120,HR 5120,204.2019,-26.4952,5.73,Hydra
5144,1 Boo,205.1686,19.9557,5.73,Boötes
5194,HR 5194,207.9476,-69.4013,5.73,Circinus
5938,4 Her,238.8775,42.5662,5.73,Hercules
6034,HR 6034,240.8808,76.7939,5.73,Ursa Minor
6258,50 Her,252.6623,29.8065,5.73,Hercules
6320,HR 6320,256.1030,-57.7122,5.73,Ara
6608,84 Her,265.8399,24.3278,5.73,Hercules
7057,Zet-2 Lyr,281.2008,37.5946,5.73,Lyra
7197,HR 7197,285.8237,-38.2531,5.73,Corona Australis
7408,Iot-1 Cyg,291.8582,52.3204,5.73,Cygnus
7664,HR 7664,300.8751,16.0313,5.73,Aquila
7670,HR 7670,300.9056,29.8968,5.73,Cygnus
7722,HR 7722,303.8221,-27.0330,5.73,Capricornus
7828,43 Cyg,306.7594,49.3834,5.73,Cygnus
8114,HR 8114,318.9411,-53.2631,5.73,Indus
8253,8 PsA,324.0457,-26.1715,5.73,Piscis Austrinus
8300,77 Cyg,325.5956,41.0770,5.73,Cygnus
HD214167,HD 214167,338.9679,39.6343,5.73,Lacerta
8723,HR 8723,343.9354,36.3514,5.73,Lacerta
8996,HR 8996,356.0501,-64.4045,5.73,Tucana
60,HR 60,4.2377,61.5332,5.74,Cassiopeia
222,96 G. Psc,12.0957,5.2806,5.74,Pisces
752,77 Cet,38.6776,-7.8594,5.74,Cetus
767,Iot-1 For,39.0386,-30.0450,5.74,Fornax
793,μ Ari,40.5914,20.0115,5.74,Aries
944,55 Ari,47.4031,29.0771,5.74,Aries
1050,HR 1050,52.0040,-11.2866,5.74,Eridanus
1112,HR 1112,55.6781,59.9694,5.74,Camelopardalis
1435,HR 1435,66.9418,-62.5212,5.74,Reticulum
1634,1 Lep,75.6874,-22.7951,5.74,Lepus
1866,HR 1866,84.1468,54.4287,5.74,Auriga
2166,HR 2166,91.7396,-21.8123,5.74,Lepus
2364,HR 2364,97.1635,-32.3713,5.74,Canis Major
2545,HR 2545,102.5973,-31.7061,5.74,Canis Major
2569,37 Gem,103.8278,25.3757,5.74,Gemini
2682,HR 2682,106.9562,7.4712,5.74,Canis Minor
2776,HR 2776,110.3230,45.2282,5.74,Lynx
3120,HR 3120,119.0777,-60.5264,5.74,Carina
3305,HR 3305,126.3981,2.1022,5.74,Hydra
3479,HR 3479,131.2164,-37.1472,5.74,Pyxis
3592,HR 3592,136.0017,54.2839,5.74,Ursa Major
3730,HR 3730,140.6000,-46.0474,5.74,Vela
3796,HR 3796,143.0850,-19.4003,5.74,Hydra
4026,32 UMa,154.5087,65.1084,5.74,Ursa Major
4176,HR 4176,160.4512,68.4435,5.74,Ursa Major
4204,HR 4204,160.9634,-64.2490,5.74,Carina
4361,HR 4361,168.3783,-59.6193,5.74,Carina
4426,85 Leo,172.4244,15.4133,5.74,Leo
4776,HR 4776,188.1500,-13.8591,5.74,Corvus
5091,HR 5091,201.7381,78.6439,5.74,Camelopardalis
5134,HR 5134,204.9993,-49.9500,5.74,Centaurus
5218,HR 5218,208.7047,-67.6521,5.74,Circinus
5442,HR 5442,218.1289,55.3980,5.74,Draco
5452,HR 5452,218.6651,49.3684,5.74,Boötes
5449,HR 5449,219.1839,-40.2116,5.74,Centaurus
5464,HR 5464,219.5526,43.6421,5.74,Boötes
5494,HR 5494,221.6209,-47.4411,5.74,Lupus
5661,HR 5661,229.1529,-60.9040,5.74,Circinus
5785,HR 5785,232.7327,64.2087,5.74,Draco
5873,HR 5873,237.7784,-55.0555,5.74,Norma
5920,HR 5920,239.7423,-65.0376,5.74,Triangulum Australe
6039,10 Her,242.9085,23.4948,5.74,Hercules
6205,14 Oph,250.4270,1.1812,5.74,Ophiuchus
6215,HR 6215,251.5884,-58.5036,5.74,Ara
6310,26 Oph,255.0396,-24.9891,5.74,Ophiuchus
6529,HR 6529,259.9044,80.1364,5.74,Ursa Minor
6568,HR 6568,264.5396,-10.9263,5.74,Serpens
6691,HR 6691,269.7320,-36.8584,5.74,Sagittarius
6810,41 Dra,270.0379,80.0041,5.74,Draco
6756,HR 6756,271.5633,-4.7513,5.74,Serpens
6908,HR 6908,277.4863,-57.5231,5.74,Pavo
6962,HR 6962,278.4126,-14.8536,5.74,Scutum
7018,HR 7018,279.3896,62.5266,5.74,Draco
7579,HR 7579,299.6717,-69.1640,5.74,Pavo
8281,HR 8281,324.7401,57.4890,5.74,Cepheus
8371,13 Cep,328.7215,56.6112,5.74,Cepheus
8435,HR 8435,331.8691,19.4755,5.74,Pegasus
8995,HR 8995,356.1696,-78.7914,5.74,Octans
9009,HR 9009,356.8163,-11.9111,5.74,Aquarius
448,HR 448,23.4285,-7.0253,5.75,Cetus
492,HR 492,25.4368,-11.3247,5.75,Cetus
661,8 Per,34.4994,57.8998,5.75,Perseus
907,Rho-1 Eri,45.2918,-7.6630,5.75,Eridanus
1286,HR 1286,62.7459,33.5868,5.75,Perseus
1561,HR 1561,74.0295,52.8698,5.75,Camelopardalis
1721,HR 1721,78.6202,-35.9770,5.75,Columba
1881,HR 1881,83.2807,-35.1394,5.75,Columba
2173,3 Gem,92.4333,23.1135,5.75,Gemini
2332,48 Aur,97.1420,30.4930,5.75,Auriga
2363,HR 2363,100.1202,77.9958,5.75,Camelopardalis
2514,HR 2514,102.0794,-1.3189,5.75,Monoceros
2521,HR 2521,102.3184,-2.2720,5.75,Monoceros
2551,HR 2551,103.2061,8.3804,5.75,Monoceros
2690,HR 2690,106.8441,-23.8407,5.75,Canis Major
2700,47 Gem,107.8461,26.8566,5.75,Gemini
2738,53 Gem,108.9882,27.8974,5.75,Gemini
2867,HR 2867,112.3421,-10.3267,5.75,Monoceros
3343,HR 3343,126.9976,-35.1138,5.75,Pyxis
3554,HR 3554,133.8018,-18.2412,5.75,Hydra
3780,Zet-1 Ant,142.6921,-31.8892,5.75,Antlia
3942,HR 3942,149.9009,29.6452,5.75,Leo
4360,HR 4360,168.4142,-53.2318,5.75,Centaurus
4624,HR 4624,182.2242,-44.3260,5.75,Centaurus
4887,HR 4887,193.3412,-60.3285,5.75,Crux
4909,HR 4909,193.7355,47.1967,5.75,Canes Venatici
5057,HR 5057,201.2778,23.8544,5.75,Coma Berenices
5624,HR 5624,227.0505,-40.5839,5.75,Lupus
5641,HR 5641,227.5776,-26.3326,5.75,Libra
5644,HR 5644,228.5799,-70.0795,5.75,Triangulum Australe
6002,11 Sco,241.9017,-12.7454,5.75,Scorpius
6127,HR 6127,246.1056,55.2051,5.75,Draco
6481,HR 6481,261.1314,16.3010,5.75,Hercules
6618,Alruba,265.9965,53.8017,5.75,Draco
7544,π Aql,297.1752,11.8159,5.75,Aquila
7603,Mu-1 Pav,300.0963,-66.9494,5.75,Pavo
7909,HR 7909,310.3485,-31.5983,5.75,Microscopium
8002,76 Dra,310.6463,82.5312,5.75,Draco
8073,HR 8073,317.1363,-63.9283,5.75,Pavo
8106,HR 8106,317.5648,53.5631,5.75,Cygnus
8161,HR 8161,319.8698,49.5103,5.75,Cygnus
8220,HR 8220,322.0343,32.2253,5.75,Cygnus
8415,HR 8415,331.2972,26.6737,5.75,Pegasus
8504,44 Aqr,334.2771,-5.3872,5.75,Aquarius
8511,25 Cep,334.5526,62.8044,5.75,Cepheus
8898,HR 8898,351.0552,-51.8912,5.75,Grus
8913,13 And,351.7808,42.9120,5.75,Andromeda
486,p Eridani,24.9475,-56.1964,5.76,Eridanus
559,7 Ari,28.9627,23.5773,5.76,Aries
785,11 Per,40.7618,55.1060,5.76,Perseus
867,Rho-2 Ari,43.9521,18.3316,5.76,Aries
1075,HR 1075,52.4798,-42.6343,5.76,Eridanus
1079,6 Tau,53.1498,9.3734,5.76,Taurus
1151,Asterope,56.4770,24.5545,5.76,Taurus
1198,HR 1198,58.4112,48.6505,5.76,Perseus
1360,HR 1360,65.1718,6.1308,5.76,Taurus
1441,HR 1441,68.1565,-3.2095,5.76,Eridanus
1538,59 Eri,72.1356,-16.3295,5.76,Eridanus
1909,HR 1909,83.8145,-33.0797,5.76,Columba
2193,68 Ori,93.0056,19.7905,5.76,Orion
2279,HR 2279,94.9206,-34.3966,5.76,Columba
2348,HR 2348,96.4319,-48.1769,5.76,Puppis
2359,HR 2359,97.1559,-17.4660,5.76,Canis Major
2425,53 Aur,99.5959,28.9844,5.76,Auriga
2964,HR 2964,114.9495,-38.2607,5.76,Puppis
3072,HR 3072,118.1994,-5.4283,5.76,Monoceros
3377,33 Lyn,128.6829,36.4196,5.76,Lynx
3636,HR 3636,137.2980,-12.3577,5.76,Hydra
4135,HR 4135,157.9893,-45.0667,5.76,Vela
4455,89 Leo,173.5915,3.0602,5.76,Leo
4788,HR 4788,188.6767,-44.6730,5.76,Centaurus
4869,30 Com,192.3227,27.5524,5.76,Coma Berenices
4986,HR 4986,198.1372,11.5561,5.76,Virgo
5029,HR 5029,200.2405,-46.8800,5.76,Centaurus
5050,66 Vir,201.1385,-5.1640,5.76,Virgo
5255,10 Boo,209.6622,21.6962,5.76,Boötes
5517,57 Hya,221.9898,-26.6462,5.76,Hydra
5533,Merga,222.3278,46.1162,5.76,Boötes
5621,HR 5621,227.3747,-67.0841,5.76,Triangulum Australe
5830,HR 5830,234.5675,46.7978,5.76,Boötes
5905,HR 5905,239.0247,-60.4825,5.76,Triangulum Australe
6073,HR 6073,245.1052,-55.1397,5.76,Norma
6154,HR 6154,247.8060,22.1955,5.76,Hercules
6333,HR 6333,255.5779,25.5056,5.76,Hercules
6420,HR 6420,259.6993,-44.1297,5.76,Scorpius
6442,HR 6442,260.7797,-56.5255,5.76,Ara
6447,HR 6447,261.0783,-60.6738,5.76,Ara
6571,79 Her,264.3796,24.3100,5.76,Hercules
6680,HR 6680,269.1743,-28.0654,5.76,Sagittarius
6863,HR 6863,275.3458,-18.8600,5.76,Sagittarius
6955,HR 6955,277.7685,16.9286,5.76,Hercules
6993,HR 6993,279.3998,-0.3095,5.76,Serpens
7004,HR 7004,280.9055,-64.5514,5.76,Pavo
7389,HR 7389,291.6006,13.0238,5.76,Aquila
7411,HR 7411,293.2242,-53.1856,5.76,Telescopium
7548,HR 7548,298.1571,-54.9710,5.76,Telescopium
7584,56 Aql,298.5345,-8.5742,5.76,Aquila
7781,HR 7781,304.6031,55.3971,5.76,Cygnus
7785,HR 7785,308.3234,-80.9649,5.76,Octans
8027,HR 8027,315.0896,-51.2653,5.76,Indus
8180,The-2 Mic,321.1034,-41.0067,5.76,Microscopium
8483,HR 8483,333.0935,63.2910,5.76,Cepheus
8534,50 Aqr,336.1128,-13.5294,5.76,Aquarius
8548,34 Peg,336.6558,4.3938,5.76,Pegasus
8505,υ Oct,337.9075,-85.9673,5.76,Octans
8739,52 Peg,344.7992,11.7288,5.76,Pegasus
9040,HR 9040,358.2105,-8.9968,5.76,Aquarius
51,HR 51,3.7271,-9.5696,5.77,Cetus
97,44 Psc,6.3509,1.9397,5.77,Pisces
326,HR 326,17.1394,58.2634,5.77,Cassiopeia
1379,56 Per,66.1561,33.9597,5.77,Perseus
1536,HR 1536,72.1516,-5.6740,5.77,Eridanus
1816,117 Tau,82.0067,17.2391,5.77,Taurus
1833,HR 1833,82.4782,1.7893,5.77,Orion
2535,HR 2535,102.5907,-17.0846,5.77,Canis Major
2723,HR 2723,108.2800,-11.2513,5.77,Canis Major
2816,59 Gem,111.1394,27.6379,5.77,Gemini
2935,HR 2935,115.0613,38.3445,5.77,Lynx
3147,HR 3147,119.7107,-60.8245,5.77,Carina
3232,HR 3232,122.9999,-46.6444,5.77,Vela
3242,HR 3242,123.5553,-35.4900,5.77,Puppis
3752,HR 3752,141.3638,-61.9505,5.77,Carina
3768,22 UMa,143.7226,72.2057,5.77,Ursa Major
4004,19 Sex,153.2015,4.6147,5.77,Sextans
4193,35 Sex,160.8372,4.7477,5.77,Sextans
4354,HR 4354,168.3112,-44.3722,5.77,Centaurus
4428,HR 4428,172.4109,-24.4640,5.77,Crater
4648,HR 4648,183.3543,-38.9292,5.77,Centaurus
5004,19 CVn,198.8832,40.8552,5.77,Canes Venatici
5206,HR 5206,207.9468,-46.8987,5.77,Centaurus
5257,48 Hya,210.0006,-25.0104,5.77,Hydra
5617,HR 5617,226.8581,-49.0886,5.77,Lupus
5818,HR 5818,233.9877,54.6306,5.77,Draco
6171,12 Oph,249.0894,-2.3246,5.77,Ophiuchus
6195,37 Her,250.1612,4.2198,5.77,Hercules
6476,HR 6476,260.9901,8.8526,5.77,Ophiuchus
6670,HR 6670,268.3091,6.1014,5.77,Ophiuchus
6946,HR 6946,277.8571,-10.7958,5.77,Scutum
8084,HR 8084,316.6260,31.1847,5.77,Cygnus
8246,HR 8246,323.2358,49.9776,5.77,Cygnus
8276,HR 8276,324.7549,20.2655,5.77,Pegasus
8835,HR 8835,348.7442,-41.1054,5.77,Grus
8885,12 And,350.2218,38.1823,5.77,Andromeda
9022,21 Psc,357.3645,1.0761,5.77,Pisces
9030,80 Peg,357.8385,9.3134,5.77,Pegasus
9101,HR 9101,1.0825,-16.5290,5.78,Cetus
47,HR 47,3.3315,-84.9940,5.78,Octans
146,HR 146,9.1139,60.3262,5.78,Cassiopeia
491,44 Cas,25.8323,60.5513,5.78,Cassiopeia
523,HR 523,27.1732,32.6902,5.78,Triangulum
547,HR 547,28.2171,-16.9292,5.78,Cetus
772,Lam-2 For,39.2442,-34.5780,5.78,Fornax
809,ο Ari,41.1374,15.3119,5.78,Aries
954,56 Ari,48.0594,27.2570,5.78,Aries
1019,HR 1019,51.1237,33.5360,5.78,Perseus
1191,HR 1191,57.9738,34.3591,5.78,Perseus
1456,ν Men,65.2418,-81.5799,5.78,Mensa
1417,1 Cam,68.0077,53.9108,5.78,Camelopardalis
1472,89 Tau,69.5393,16.0333,5.78,Taurus
1508,56 Eri,71.0222,-8.5036,5.78,Eridanus
1763,HR 1763,80.4315,8.4286,5.78,Orion
1812,HR 1812,81.4993,-19.6954,5.78,Lepus
1987,HR 1987,86.7172,9.5223,5.78,Orion
2175,41 Aur,92.9024,48.7110,5.78,Auriga
2189,HR 2189,93.0838,32.6934,5.78,Auriga
2345,HR 2345,96.0577,-60.2813,5.78,Pictor
2409,HR 2409,98.8160,0.8902,5.78,Monoceros
2530,HR 2530,102.7076,-0.5409,5.78,Monoceros
2632,HR 2632,105.5729,15.3360,5.78,Gemini
2663,HR 2663,106.4126,9.1858,5.78,Monoceros
2747,HR 2747,108.9143,7.9777,5.78,Canis Minor
2873,HR 2873,112.2705,-31.4562,5.78,Puppis
2916,HR 2916,113.6450,-27.0123,5.78,Puppis
2954,HR 2954,114.6829,-36.4968,5.78,Puppis
3070,HR 3070,117.3039,-60.2837,5.78,Carina
3081,HR 3081,117.4208,-66.1960,5.78,Volans
3106,HR 3106,120.3365,59.0474,5.78,Lynx
3560,HR 3560,133.4528,-60.3539,5.78,Carina
3658,HR 3658,137.8891,-46.5839,5.78,Vela
4020,HR 4020,153.3667,-51.7558,5.78,Vela
4609,Tonatiuh,181.3118,76.9057,5.78,Camelopardalis
4754,HR 4754,187.4758,-56.5249,5.78,Crux
4796,HR 4796,189.0043,-39.8695,5.78,Centaurus
4970,HR 4970,197.7871,-42.2329,5.78,Centaurus
5512,HR 5512,221.5248,15.1318,5.78,Boötes
5554,Xi-1 Lib,223.5953,-11.8983,5.78,Libra
5869,HR 5869,237.5296,-53.2098,5.78,Norma
5900,HR 5900,238.8850,-60.1776,5.78,Norma
5929,HR 5929,239.3389,-36.1853,5.78,Lupus
6019,ζ Nor,243.3448,-55.5409,5.78,Norma
6272,HR 6272,253.7438,-41.1509,5.78,Scorpius
6811,24 UMi,262.6958,86.9680,5.78,Ursa Minor
6572,HR 6572,265.3177,-46.9218,5.78,Ara
6624,HR 6624,267.8978,-60.1641,5.78,Pavo
6990,HR 6990,279.6280,-23.5049,5.78,Sagittarius
7250,HR 7250,286.6600,24.2508,5.78,Vulpecula
7870,HR 7870,308.4785,46.6939,5.78,Cygnus
8000,19 Cap,313.6992,-17.9229,5.78,Capricornus
8207,35 Cap,321.8118,-21.1962,5.78,Capricornus
8348,HR 8348,327.8927,19.8267,5.78,Pegasus
8458,HR 8458,332.6560,11.6245,5.78,Pegasus
8527,HR 8527,336.2936,-70.4316,5.78,Indus
9047,HR 9047,358.6943,0.1093,5.78,Pisces
79,HR 79,5.1897,32.9112,5.79,Andromeda
441,HR 441,22.9302,-30.2831,5.79,Sculptor
656,20 Ari,33.9418,25.7829,5.79,Aries
753,268 G. Cet,39.0204,6.8869,5.79,Cetus
784,HR 784,40.0518,-9.4529,5.79,Cetus
964,HR 964,48.9499,57.1406,5.79,Perseus
1078,HR 1078,53.3960,39.8995,5.79,Perseus
1124,HR 1124,56.5036,67.2016,5.79,Camelopardalis
1475,HR 1475,68.3918,-62.8237,5.79,Reticulum
1576,HR 1576,73.9590,15.0403,5.79,Orion
1586,99 Tau,74.4527,23.9486,5.79,Taurus
1590,98 Tau,74.5391,25.0504,5.79,Taurus
1964,HR 1964,83.6866,-73.7413,5.79,Mensa
2014,HR 2014,87.5112,9.8712,5.79,Orion
2164,HR 2164,91.5231,-29.7586,5.79,Columba
2271,HR 2271,94.7457,-20.9256,5.79,Canis Major
2461,HR 2461,100.2727,0.4953,5.79,Monoceros
2832,HR 2832,111.2847,-13.7520,5.79,Canis Major
2841,HR 2841,111.3553,-25.2178,5.79,Canis Major
2859,HR 2859,111.9652,-11.5569,5.79,Canis Major
2965,HR 2965,115.4660,13.4805,5.79,Gemini
3413,HR 3413,128.9668,-50.9697,5.79,Vela
3543,HR 3543,131.4801,-79.5044,5.79,Chamaeleon
3535,HR 3535,133.2001,-38.7241,5.79,Vela
3704,HR 3704,139.8880,-15.8347,5.79,Hydra
3698,HR 3698,140.4304,56.6992,5.79,Ursa Major
3913,HR 3913,147.8002,-59.4258,5.79,Carina
4113,32 LMi,157.5269,38.9251,5.79,Leo Minor
4187,39 UMa,160.9305,57.1992,5.79,Ursa Major
4339,HR 4339,167.4725,-32.3675,5.79,Hydra
4358,HR 4358,168.5076,8.0607,5.79,Leo
4714,HR 4714,185.9365,-38.9114,5.79,Centaurus
4921,44 Vir,194.9146,-3.8119,5.79,Virgo
4960,HR 4960,197.3018,10.0225,5.79,Virgo
5130,HR 5130,205.0448,-64.5766,5.79,Centaurus
5806,HR 5806,234.4502,-23.1417,5.79,Libra
5983,HR 5983,240.8307,36.6318,5.79,Corona Borealis
6122,HR 6122,247.0603,-37.1799,5.79,Scorpius
6276,HR 6276,254.8916,-69.2682,5.79,Triangulum Australe
6782,100 Her,271.9563,26.0973,5.79,Hercules
6977,HR 6977,278.8025,18.2034,5.79,Hercules
7277,HR 7277,288.3069,-25.9068,5.79,Sagittarius
7400,35 Aql,292.2541,1.9504,5.79,Aquila
7606,HR 7606,298.7010,36.9957,5.79,Cygnus
7905,HR 7905,310.1355,-16.1242,5.79,Capricornus
8251,HR 8251,323.8234,-3.9833,5.79,Aquarius
8403,HR 8403,330.4608,52.8823,5.79,Cygnus
8438,25 Peg,331.9596,21.7029,5.79,Pegasus
8533,51 Aqr,336.0287,-4.8370,5.79,Aquarius
8564,HR 8564,337.2926,26.7632,5.79,Pegasus
8708,HR 8708,343.4173,44.7492,5.79,Lacerta
8771,HR 8771,345.9985,-41.4789,5.79,Grus
9088,85 Peg,0.5421,27.0823,5.80,Pegasus
9110,HR 9110,1.2756,61.3140,5.80,Cassiopeia
209,HR 209,11.4398,-47.5520,5.80,Phoenix
254,66 Psc,13.6468,19.1884,5.80,Pisces
348,45 And,17.7928,37.7241,5.80,Andromeda
747,HR 747,39.4001,65.7453,5.80,Cassiopeia
774,HR 774,41.9485,81.4485,5.80,Cepheus
878,47 Ari,44.5217,20.6687,5.80,Aries
1192,HR 1192,58.4302,57.9751,5.80,Camelopardalis
1300,HR 1300,62.9008,-20.3562,5.80,Eridanus
1671,HR 1671,77.0841,-8.6653,5.80,Eridanus
1830,HR 1830,82.3487,-3.4464,5.80,Orion
2160,HR 2160,91.3632,-35.5136,5.80,Columba
2588,17 CMa,103.7614,-20.4049,5.80,Canis Major
2691,HR 2691,106.7795,-40.8933,5.80,Puppis
2731,HR 2731,108.5452,-3.9018,5.80,Monoceros
2784,19 Lyn,110.7169,55.2814,5.80,Lynx
2804,HR 2804,111.2379,51.8873,5.80,Lynx
3007,HR 3007,116.0404,-36.0625,5.80,Puppis
3095,1 Cnc,119.2477,15.7903,5.80,Cancer
3264,HR 3264,125.0874,20.7477,5.80,Cancer
3383,HR 3383,128.5067,-2.1516,5.80,Hydra
3578,HR 3578,134.6830,-16.1327,5.80,Hydra
3604,HR 3604,135.1906,-60.9638,5.80,Carina
3864,HR 3864,145.2589,-57.2595,5.80,Carina
3876,HR 3876,146.5419,6.7086,5.80,Leo
4002,HR 4002,152.3758,-68.6828,5.80,Carina
4061,HR 4061,154.6584,-56.1104,5.80,Vela
4237,41 Sex,162.5752,-8.8978,5.80,Sextans
4404,HR 4404,171.2455,11.4303,5.80,Leo
4417,HR 4417,171.6970,-53.1599,5.80,Centaurus
4465,HR 4465,174.0748,27.7814,5.80,Leo
4672,HR 4672,184.3733,53.1913,5.80,Ursa Major
5499,HR 5499,221.5282,-23.1530,5.80,Libra
5532,HR 5532,222.4933,28.6158,5.80,Boötes
5845,Tau-7 Ser,235.4780,18.4640,5.80,Serpens
6074,υ CrB,244.1866,29.1503,5.80,Corona Borealis
6548,53 Oph,263.6529,9.5867,5.80,Ophiuchus
7065,HR 7065,282.3639,-45.8101,5.80,Telescopium
7630,HR 7630,300.2014,-45.1129,5.80,Sagittarius
7672,15 Sge,301.0260,17.0702,5.80,Sagitta
8439,35 Aqr,332.2458,-18.5196,5.80,Aquarius
8500,HR 8500,334.2190,-9.0401,5.80,Aquarius
8625,HR 8625,339.3037,75.3718,5.80,Cepheus
8704,74 Aqr,343.3696,-11.6165,5.80,Aquarius
487,p Eridani,24.9450,-56.1946,5.80,Eridanus
341,HR 341,17.5810,25.4578,5.81,Pisces
688,HR 688,34.9761,-55.9448,5.81,Horologium
687,HR 687,35.7097,41.3963,5.81,Andromeda
766,HR 766,39.1461,7.7300,5.81,Cetus
929,HR 929,45.7327,-46.9750,5.81,Eridanus
1092,HR 1092,52.7154,-66.4897,5.81,Reticulum
1187,HR 1187,57.1488,-20.9030,5.81,Eridanus
1384,HR 1384,65.7736,-24.8922,5.81,Eridanus
1683,HR 1683,79.5552,73.2681,5.81,Camelopardalis
1947,HR 1947,84.6814,-40.7073,5.81,Columba
2117,HR 2117,89.6565,-44.0346,5.81,Pictor
2515,HR 2515,101.4738,-52.4097,5.81,Carina
2769,HR 2769,109.1327,-38.3189,5.81,Puppis
4039,39 Leo,154.3107,23.1062,5.81,Leo
4292,HR 4292,164.9975,-43.8071,5.81,Vela
5022,HR 5022,199.6155,34.0983,5.81,Canes Venatici
5036,HR 5036,200.5679,-52.1830,5.81,Centaurus
5128,HR 5128,204.6753,-29.5609,5.81,Hydra
5167,HR 5167,206.4037,-26.1160,5.81,Hydra
5922,HR 5922,238.0690,55.8267,5.81,Draco
6637,Dziban B,265.4919,72.1569,5.81,Draco
6838,HR 6838,274.2984,-17.3739,5.81,Sagittarius
6917,HR 6917,276.4949,29.8289,5.81,Hercules
7349,HR 7349,290.5898,-0.2523,5.81,Aquila
7697,HR 7697,301.5573,53.1657,5.81,Cygnus
7742,HR 7742,303.3650,60.6406,5.81,Cepheus
8163,9 Equ,320.2701,7.3545,5.81,Equuleus
8793,HR 8793,346.8116,-50.6867,5.81,Grus
8876,10 And,349.9684,42.0780,5.81,Andromeda
8962,HR 8962,354.3835,44.4290,5.81,Andromeda
9074,HR 9074,359.8721,33.7239,5.81,Andromeda
427,38 Cas,22.8067,70.2646,5.82,Cassiopeia
889,6 Eri,44.5239,-23.6060,5.82,Eridanus
1051,HR 1051,52.6539,48.1036,5.82,Perseus
1099,HR 1099,54.1970,0.5878,5.82,Taurus
1158,HR 1158,57.4025,63.2970,5.82,Camelopardalis
1559,HR 1559,72.8676,-34.9063,5.82,Caelum
2170,HR 2170,91.7653,-34.3120,5.82,Columba
2369,HR 2369,96.7672,-58.0021,5.82,Pictor
2388,HR 2388,97.8046,-35.2588,5.82,Columba
2372,HR 2372,98.1133,32.4549,5.82,Auriga
3058,HR 3058,117.3036,-46.8577,5.82,Puppis
3356,HR 3356,127.2815,-44.1604,5.82,Vela
4398,HR 4398,170.7839,-56.7794,5.82,Centaurus
4655,HR 4655,183.7483,-20.8442,5.82,Corvus
4726,71 UMa,186.2634,56.7778,5.82,Ursa Major
5008,HR 5008,199.3080,-43.9795,5.82,Centaurus
5073,HR 5073,201.5335,72.3915,5.82,Ursa Minor
5239,HR 5239,209.0826,-46.5929,5.82,Centaurus
5640,HR 5640,227.1482,25.1086,5.82,Boötes
5750,Zet-3 Lib,232.6683,-16.6095,5.82,Libra
5767,HR 5767,233.5071,-40.0664,5.82,Lupus
5810,HR 5810,234.5678,-21.0163,5.82,Libra
5963,HR 5963,240.2131,4.4274,5.82,Serpens
6472,HR 6472,261.1751,-21.4415,5.82,Ophiuchus
6684,HR 6684,269.0767,0.6704,5.82,Ophiuchus
7007,HR 7007,280.0016,-7.7908,5.82,Scutum
7035,HR 7035,281.2067,-25.0109,5.82,Sagittarius
7048,HR 7048,281.3682,5.5001,5.82,Serpens
7094,HR 7094,282.7438,-9.7741,5.82,Scutum
7214,HR 7214,285.8844,1.8188,5.82,Aquila
7406,8 Vul,292.2378,24.7687,5.82,Vulpecula
7780,HR 7780,305.0892,17.7929,5.82,Sagitta
8601,HR 8601,339.1477,-31.6638,5.82,Piscis Austrinus
8678,HR 8678,342.0460,37.4167,5.82,Lacerta
8712,HR 8712,343.5290,40.3769,5.82,Lacerta
8935,HR 8935,353.3315,-77.3853,5.82,Octans
177,HR 177,10.5143,66.1476,5.83,Cassiopeia
297,HR 297,16.0813,61.5802,5.83,Cassiopeia
530,1 Ari,27.5357,22.2753,5.83,Aries
828,40 Ari,42.1337,18.2838,5.83,Aries
1902,HR 1902,84.2868,26.9245,5.83,Taurus
2185,5 Gem,92.8846,24.4203,5.83,Gemini
2218,HR 2218,93.4760,-3.7414,5.83,Orion
2224,HR 2224,93.6529,-4.5685,5.83,Monoceros
2811,HR 2811,110.6058,-5.9828,5.83,Monoceros
2901,Del-3 CMi,113.5662,3.3717,5.83,Canis Minor
3160,HR 3160,120.7673,-32.4635,5.83,Puppis
3227,HR 3227,122.7950,-48.4620,5.83,Vela
3687,HR 3687,139.2822,-14.5741,5.83,Hydra
3708,HR 3708,139.6765,-51.5607,5.83,Vela
3932,HR 3932,149.1479,-33.4185,5.83,Antlia
4421,HR 4421,172.2693,61.7784,5.83,Ursa Major
4566,66 UMa,178.9934,56.5986,5.83,Ursa Major
4867,HR 4867,192.1642,60.3198,5.83,Ursa Major
5223,HR 5223,208.4885,-47.1282,5.83,Centaurus
5401,HR 5401,216.8009,-46.1343,5.83,Lupus
5467,HR 5467,219.5634,54.0233,5.83,Boötes
5591,60 Hya,225.5268,-28.0606,5.83,Hydra
6111,21 Her,246.0451,6.9482,5.83,Hercules
6183,HR 6183,249.0467,46.6133,5.83,Hercules
6174,HR 6174,249.6096,-43.3984,5.83,Scorpius
6509,77 Her,261.6843,48.2601,5.83,Hercules
6429,HR 6429,262.8645,-80.8591,5.83,Apus
6781,100 Her,271.9565,26.1013,5.83,Hercules
7543,HR 7543,296.8657,38.4076,5.83,Cygnus
7767,HR 7767,304.5291,40.7321,5.83,Cygnus
8025,HR 8025,314.1061,50.7286,5.83,Cygnus
8065,HR 8065,315.5375,56.6696,5.83,Cepheus
8100,HR 8100,318.0571,-40.2694,5.83,Microscopium
8141,15 Aqr,319.5461,-4.5195,5.83,Aquarius
8404,21 Peg,330.8293,11.3866,5.83,Pegasus
8578,Rho-1 Cep,336.6768,78.7859,5.83,Cepheus
8814,HR 8814,347.4893,-42.8613,5.83,Grus
29,HR 29,2.5786,-5.2486,5.84,Pisces
31,HR 31,2.6785,-12.5799,5.84,Cetus
400,HR 400,20.8790,-30.9456,5.84,Sculptor
564,HR 564,29.4323,27.8044,5.84,Triangulum
632,HR 632,32.2888,-43.5166,5.84,Phoenix
738,HR 738,38.2193,34.5424,5.84,Triangulum
777,Iot-2 For,39.5777,-30.1941,5.84,Fornax
912,HR 912,45.4838,-9.9614,5.84,Eridanus
998,HR 998,49.3608,-47.7517,5.84,Horologium
1107,HR 1107,62.5013,86.6261,5.84,Cepheus
1528,HR 1528,72.3295,32.5882,5.84,Auriga
1716,ξ Men,74.7124,-82.4705,5.84,Mensa
1660,105 Tau,76.9810,21.7048,5.84,Taurus
2716,HR 2716,107.9233,-20.8831,5.84,Canis Major
2725,52 Gem,108.6749,24.8850,5.84,Gemini
2900,HR 2900,113.2907,-24.7107,5.84,Puppis
4032,HR 4032,154.1740,25.3707,5.84,Leo
4168,38 LMi,159.7819,37.9100,5.84,Leo Minor
4472,HR 4472,174.0932,-61.0524,5.84,Centaurus
4818,HR 4818,190.3458,-46.1456,5.84,Centaurus
4917,HR 4917,194.0733,54.0995,5.84,Ursa Major
4976,HR 4976,198.5723,-78.4475,5.84,Chamaeleon
4996,HR 4996,198.6804,-48.9570,5.84,Centaurus
5352,HR 5352,214.3686,15.2634,5.84,Boötes
5408,HR 5408,217.8184,-67.7172,5.84,Circinus
5658,HR 5658,228.4721,-26.1936,5.84,Libra
5835,HR 5835,234.6425,50.4233,5.84,Boötes
5934,HR 5934,239.4186,-20.9831,5.84,Scorpius
6192,HR 6192,250.4394,-33.1458,5.84,Scorpius
6266,HR 6266,253.6123,-42.4789,5.84,Scorpius
6523,HR 6523,263.2808,-41.1731,5.84,Scorpius
6648,HR 6648,268.0823,-34.4168,5.84,Scorpius
6755,HR 6755,271.5308,-8.3240,5.84,Serpens
6986,HR 6986,279.8095,-47.9098,5.84,Telescopium
7154,HR 7154,283.6964,48.8594,5.84,Draco
7344,Rho-2 Sgr,290.4621,-18.3084,5.84,Sagittarius
7391,HR 7391,291.6195,19.8915,5.84,Vulpecula
7397,HR 7397,292.0867,2.9300,5.84,Aquila
7715,Xi-2 Cap,303.1078,-12.6175,5.84,Capricornus
8223,HR 8223,322.2491,22.1794,5.84,Pegasus
8375,HR 8375,328.8791,65.3208,5.84,Cepheus
8618,40 Peg,339.7191,19.5223,5.84,Pegasus
8666,HR 8666,341.5425,44.5461,5.84,Lacerta
787,HR 787,40.7479,53.5261,5.85,Perseus
1232,HR 1232,59.7183,-5.4699,5.85,Eridanus
1363,HR 1363,65.1785,-7.5925,5.85,Eridanus
1471,HR 1471,69.5660,20.6847,5.85,Taurus
2568,Psi-9 Aur,104.1336,46.2740,5.85,Auriga
2706,48 Gem,108.1099,24.1286,5.85,Gemini
3599,HR 3599,135.6867,7.2983,5.85,Cancer
3672,HR 3672,138.5342,-44.1458,5.85,Vela
3677,HR 3677,138.7382,-37.6024,5.85,Vela
3926,HR 3926,149.1082,8.9332,5.85,Leo
4239,HR 4239,162.3519,-59.3238,5.85,Carina
4233,HR 4233,162.4312,-9.8527,5.85,Sextans
4548,HR 4548,177.9234,-30.8348,5.85,Hydra
4650,12 Vir,183.3581,10.2623,5.85,Virgo
5162,HR 5162,205.3744,64.8224,5.85,Draco
5549,HR 5549,223.6580,-33.3006,5.85,Centaurus
5625,HR 5625,227.1633,-42.8679,5.85,Lupus
5828,HR 5828,234.3834,54.5087,5.85,Draco
5887,HR 5887,236.9080,55.3766,5.85,Draco
6998,HR 6998,279.7225,-21.0519,5.85,Sagittarius
7293,HR 7293,288.0212,49.8558,5.85,Cygnus
7382,HR 7382,290.9854,43.3882,5.85,Lyra
8602,Sig-2 Gru,339.2452,-40.5910,5.85,Grus
8751,HR 8751,345.1788,3.0118,5.85,Pisces
8833,HR 8833,348.3604,11.0650,5.85,Pegasus
9037,HR 9037,358.1250,-14.2512,5.85,Aquarius
62,HR 62,4.2877,47.9474,5.86,Cassiopeia
212,HR 212,12.0373,72.6745,5.86,Cassiopeia
522,4 Ari,27.0456,16.9556,5.86,Aries
651,HR 651,33.2541,-21.0001,5.86,Cetus
842,HR 842,42.9239,46.8419,5.86,Perseus
1108,HR 1108,54.6219,-7.3919,5.86,Eridanus
1366,HR 1366,65.3627,-0.0982,5.86,Eridanus
1493,HR 1493,70.8400,49.9738,5.86,Perseus
1625,HR 1625,75.6891,-4.2101,5.86,Eridanus
1827,HR 1827,81.7722,-40.9435,5.86,Columba
1870,HR 1870,82.9000,-45.9253,5.86,Pictor
2214,HR 2214,93.6191,17.9064,5.86,Orion
2331,6 Lyn,97.6963,58.1626,5.86,Lynx
2635,HR 2635,105.6387,16.6744,5.86,Gemini
2789,HR 2789,109.5177,-43.9868,5.86,Puppis
2866,HR 2866,112.3568,-7.5512,5.86,Monoceros
3087,HR 3087,118.8810,8.8628,5.86,Canis Minor
3250,HR 3250,123.5995,-45.8345,5.86,Vela
3513,HR 3513,132.5093,-29.4630,5.86,Pyxis
3721,HR 3721,139.3651,-74.7346,5.86,Carina
3772,HR 3772,142.5937,-15.5774,5.86,Hydra
3790,HR 3790,142.8876,-35.7148,5.86,Antlia
3918,HR 3918,149.5953,72.8795,5.86,Ursa Major
3993,HR 3993,152.8033,37.4019,5.86,Leo Minor
4289,HR 4289,165.0487,-14.0834,5.86,Crater
4793,HR 4793,188.7840,21.8814,5.86,Coma Berenices
4810,HR 4810,189.7644,-30.4224,5.86,Hydra
5355,HR 5355,214.6594,-18.7160,5.86,Virgo
5427,HR 5427,218.3749,-52.6795,5.86,Lupus
5426,HR 5426,218.3851,-54.9986,5.86,Lupus
5534,HR 5534,222.5658,23.9118,5.86,Boötes
5853,ψ Ser,236.0076,2.5152,5.86,Serpens
5871,HR 5871,237.4896,-48.9124,5.86,Norma
6003,HR 6003,242.1822,-23.6854,5.86,Scorpius
6015,HR 6015,242.8238,-41.1198,5.86,Scorpius
6242,HR 6242,251.8323,42.2389,5.86,Hercules
6269,HR 6269,253.3551,-20.4156,5.86,Ophiuchus
6438,HR 6438,260.7301,-58.0103,5.86,Ara
6706,HR 6706,269.9032,-4.8211,5.86,Ophiuchus
6786,HR 6786,272.7731,-41.3591,5.86,Corona Australis
6731,HR 6731,272.8157,-75.8915,5.86,Apus
6751,HR 6751,273.1422,-73.6724,5.86,Apus
7257,HR 7257,287.4902,-41.8923,5.86,Corona Australis
7514,HR 7514,295.9379,41.7731,5.86,Cygnus
7748,4 Cap,304.5058,-21.8100,5.86,Capricornus
7801,HR 7801,306.3618,-28.6633,5.86,Sagittarius
7961,HR 7961,312.3234,-25.7812,5.86,Capricornus
8703,HR 8703,343.2594,16.8412,5.86,Pegasus
8952,HR 8952,353.7460,71.6420,5.86,Cepheus
9024,HR 9024,357.4207,36.4253,5.86,Andromeda
9094,HR 9094,0.6504,66.0990,5.87,Cassiopeia
365,HR 365,19.0496,71.7438,5.87,Cassiopeia
385,42 Cet,19.9512,-0.5090,5.87,Cetus
608,HR 608,30.7440,-15.3059,5.87,Cetus
1402,HR 1402,66.8699,11.2123,5.87,Taurus
1920,HR 1920,84.5047,7.5414,5.87,Orion
2026,HR 2026,87.4729,-22.9719,5.87,Lepus
2070,HR 2070,88.8757,-4.6165,5.87,Orion
2324,HR 2324,96.6649,-1.5073,5.87,Monoceros
2402,11 Lyn,99.4100,56.8575,5.87,Lynx
2519,33 Gem,102.4577,16.2029,5.87,Gemini
2753,64 Aur,109.5092,40.8834,5.87,Auriga
2802,HR 2802,110.2681,-25.8916,5.87,Canis Major
2884,HR 2884,112.4989,-52.6512,5.87,Carina
3022,HR 3022,116.5439,-37.9337,5.87,Puppis
3156,HR 3156,120.2081,-54.1513,5.87,Carina
3124,Ome-1 Cnc,120.2328,25.3928,5.87,Cancer
3764,7 LMi,142.6801,33.6557,5.87,Leo Minor
4225,HR 4225,162.0588,-31.6879,5.87,Hydra
4411,HR 4411,171.3879,-37.7476,5.87,Centaurus
4850,HR 4850,191.6926,-33.3155,5.87,Centaurus
4875,HR 4875,192.5448,37.5169,5.87,Canes Venatici
5217,HR 5217,208.4296,-53.3733,5.87,Centaurus
5356,HR 5356,214.7538,-25.8154,5.87,Hydra
5391,HR 5391,216.7796,-65.8216,5.87,Circinus
5912,3 Sco,238.6647,-25.2437,5.87,Scorpius
6368,HR 6368,258.3251,-67.1966,5.87,Ara
6606,HR 6606,264.2869,72.4558,5.87,Draco
6597,HR 6597,266.1750,-42.7293,5.87,Scorpius
6943,HR 6943,277.3988,23.8662,5.87,Hercules
7637,HR 7637,299.9473,-9.9582,5.87,Aquila
7756,HR 7756,304.0026,45.5795,5.87,Cygnus
7807,HR 7807,305.9349,37.4764,5.87,Cygnus
7976,HR 7976,312.6741,-12.5449,5.87,Aquarius
8160,16 Aqr,320.2680,-4.5601,5.87,Aquarius
8482,HR 8482,333.4112,28.6080,5.87,Pegasus
71,HR 71,4.6594,31.5172,5.88,Andromeda
122,HR 122,7.8568,33.5816,5.88,Andromeda
166,54 Psc,9.8409,21.2505,5.88,Pisces
263,HR 263,13.9267,-7.3471,5.88,Cetus
512,HR 512,24.4794,-82.9750,5.88,Octans
710,HR 710,36.5015,-15.3412,5.88,Cetus
728,HR 728,37.6348,25.2350,5.88,Aries
914,ε For,45.4067,-28.0916,5.88,Fornax
1241,HR 1241,61.5132,68.6800,5.88,Camelopardalis
1372,θ Ret,64.4178,-63.2554,5.88,Reticulum
1445,HR 1445,68.6583,28.9611,5.88,Taurus
1691,HR 1691,77.9390,1.0370,5.88,Orion
1968,12 Lep,85.5582,-22.3737,5.88,Lepus
2150,HR 2150,91.3626,-10.2426,5.88,Monoceros
2242,HR 2242,93.7850,-20.2722,5.88,Canis Major
2265,HR 2265,94.2899,-37.2535,5.88,Columba
2313,HR 2313,96.3189,-0.9459,5.88,Monoceros
2338,47 Aur,97.5124,46.6856,5.88,Auriga
2382,12 Mon,98.0800,4.8560,5.88,Monoceros
2396,HR 2396,100.1344,71.7488,5.88,Camelopardalis
2479,HR 2479,100.9110,3.9325,5.88,Monoceros
2573,HR 2573,104.2336,46.7054,5.88,Auriga
3200,HR 3200,123.4591,56.4522,5.88,Lynx
3291,HR 3291,125.7081,-26.3482,5.88,Puppis
3360,HR 3360,128.2292,38.0164,5.88,Lynx
3583,HR 3583,134.4815,-48.5729,5.88,Vela
3793,HR 3793,142.5977,-58.3618,5.88,Carina
4047,HR 4047,155.2641,68.7477,5.88,Ursa Major
4284,HR 4284,164.8789,-16.3537,5.88,Crater
4367,HR 4367,169.1745,49.4763,5.88,Ursa Major
4769,HR 4769,188.0413,-73.0011,5.88,Musca
4799,25 Vir,189.1973,-5.8319,5.88,Virgo
4859,HR 4859,191.8289,62.7812,5.88,Ursa Major
5047,65 Vir,200.8287,-4.9244,5.88,Virgo
5067,HR 5067,201.5691,46.0281,5.88,Canes Venatici
5179,HR 5179,206.5565,41.0887,5.88,Canes Venatici
5439,HR 5439,218.8812,-41.5174,5.88,Centaurus
5582,18 Lib,224.7233,-11.1440,5.88,Libra
5585,HR 5585,225.3045,-38.0584,5.88,Centaurus
5557,ω Oct,227.7867,-84.7878,5.88,Octans
5690,HR 5690,229.6089,-0.4612,5.88,Serpens
6308,HR 6308,254.9904,-25.0922,5.88,Ophiuchus
6647,HR 6647,268.0569,-34.7992,5.88,Scorpius
6966,HR 6966,278.1923,23.6168,5.88,Hercules
6899,HR 6899,278.2306,-73.9656,5.88,Pavo
7275,HR 7275,287.1076,52.4257,5.88,Cygnus
7302,HR 7302,288.8536,30.5264,5.88,Lyra
7561,57 Sgr,298.0500,-19.0450,5.88,Sagittarius
7656,HR 7656,300.4363,24.8004,5.88,Vulpecula
8099,HR 8099,316.5974,71.4318,5.88,Cepheus
8295,44 Cap,325.7683,-14.3997,5.88,Capricornus
8506,HR 8506,334.1106,57.2202,5.88,Cepheus
8588,HR 8588,338.1099,39.7797,5.88,Lacerta
8590,60 Aqr,338.5121,-1.5743,5.88,Aquarius
8623,HR 8623,340.0930,-30.6589,5.88,Piscis Austrinus
8813,HR 8813,347.4360,-28.0886,5.88,Sculptor
78,HR 78,5.1017,30.9356,5.89,Andromeda
155,53 Psc,9.1971,15.2317,5.89,Pisces
176,HR 176,10.1049,-59.4546,5.89,Tucana
556,HR 556,28.9770,37.2778,5.89,Andromeda
577,HR 577,29.8987,21.0586,5.89,Aries
582,112 Psc,30.0382,3.0970,5.89,Pisces
693,HR 693,35.5208,-17.6622,5.89,Cetus
713,HR 713,36.6467,-20.0426,5.89,Cetus
720,13 Tri,37.2021,29.9318,5.89,Triangulum
830,HR 830,42.1912,25.1881,5.89,Aries
886,HR 886,44.9161,41.0329,5.89,Perseus
922,HR 922,46.8292,64.0576,5.89,Cassiopeia
1238,HR 1238,60.2032,18.1940,5.89,Taurus
1280,HR 1280,61.9976,17.3399,5.89,Taurus
1687,HR 1687,77.8299,-2.4908,5.89,Orion
2076,HR 2076,89.2060,11.5211,5.89,Orion
2100,59 Ori,89.6018,1.8371,5.89,Orion
2918,HR 2918,114.1446,5.8622,5.89,Canis Minor
3011,HR 3011,116.1424,-37.9429,5.89,Puppis
3071,HR 3071,117.5994,-50.5095,5.89,Puppis
3254,30 Lyn,125.1085,57.7433,5.89,Lynx
3300,HR 3300,125.7299,-52.1237,5.89,Vela
3303,HR 3303,127.4427,67.2974,5.89,Ursa Major
3378,HR 3378,128.4312,4.7570,5.89,Hydra
3481,50 Cnc,131.7334,12.1100,5.89,Cancer
3610,HR 3610,135.2854,-68.6839,5.89,Volans
3587,66 Cnc,135.3505,32.2523,5.89,Cancer
4075,27 LMi,155.7764,33.9081,5.89,Leo Minor
4173,HR 4173,159.5110,-57.2563,5.89,Carina
4336,HR 4336,167.4105,43.2077,5.89,Ursa Major
4448,HR 4448,173.0833,-66.9618,5.89,Musca
4563,HR 4563,178.7501,-63.2792,5.89,Centaurus
4597,HR 4597,180.6572,-69.1923,5.89,Musca
4602,2 Com,181.0692,21.4592,5.89,Coma Berenices
4890,κ Cru,193.4538,-60.3762,5.89,Crux
4903,HR 4903,193.7440,-44.1520,5.89,Centaurus
5040,64 Vir,200.5404,5.1548,5.89,Virgo
5215,HR 5215,207.7884,34.6644,5.89,Canes Venatici
5317,HR 5317,213.4200,-0.8455,5.89,Virgo
5519,HR 5519,222.1585,-36.6347,5.89,Centaurus
5713,HR 5713,231.5608,-68.3092,5.89,Triangulum Australe
5880,HR 5880,237.1434,28.1567,5.89,Corona Borealis
6050,HR 6050,242.9483,42.3746,5.89,Hercules
6085,HR 6085,245.6211,-43.9121,5.89,Norma
6172,Eta-1 TrA,250.3463,-68.2961,5.89,Triangulum Australe
6414,HR 6414,259.1322,1.2105,5.89,Ophiuchus
6547,HR 6547,264.3638,-50.0597,5.89,Ara
6736,9 Sgr,270.9685,-24.3607,5.89,Sagittarius
7059,5 Aql,281.6191,-0.9617,5.89,Aquila
7086,HR 7086,282.2224,19.3287,5.89,Hercules
7174,HR 7174,284.5079,38.2662,5.89,Lyra
7161,HR 7161,285.8736,-68.7555,5.89,Pavo
7421,HR 7421,292.8401,26.6172,5.89,Vulpecula
7422,HR 7422,293.5354,-40.0346,5.89,Sagittarius
7484,HR 7484,294.6715,54.9738,5.89,Cygnus
7519,υ Aql,296.4164,7.6132,5.89,Aquila
7843,HR 7843,307.3629,56.0682,5.89,Cygnus
7812,HR 7812,309.5775,-81.2891,5.89,Octans
8018,HR 8018,314.4194,-16.0315,5.89,Capricornus
8157,HR 8157,319.8424,38.2375,5.89,Cygnus
8736,HR 8736,342.7623,85.3737,5.89,Cepheus
8844,HR 8844,348.6543,74.2313,5.89,Cepheus
8979,HR 8979,355.2871,-11.6807,5.89,Aquarius
8983,HR 8983,355.4862,7.2505,5.89,Pisces
9100,9 Cas,1.0569,62.2877,5.90,Cassiopeia
174,HR 174,10.1766,-4.3518,5.90,Cetus
195,Lam-2 Scl,11.0502,-38.4217,5.90,Sculptor
228,HR 228,12.3081,-24.1367,5.90,Cetus
446,HR 446,23.5692,37.2371,5.90,Andromeda
450,HR 450,23.7044,18.4605,5.90,Pisces
701,HR 701,35.7278,-51.0921,5.90,Eridanus
1262,39 Tau,61.3344,22.0089,5.90,Taurus
1408,76 Tau,67.0975,14.7410,5.90,Taurus
1697,HR 1697,78.2005,-6.0572,5.90,Orion
2046,HR 2046,88.7458,31.7015,5.90,Auriga
2081,HR 2081,89.8408,49.9245,5.90,Auriga
2132,39 Aur,91.2641,42.9816,5.90,Auriga
2589,HR 2589,104.1076,9.9566,5.90,Monoceros
2732,HR 2732,108.5647,-9.9475,5.90,Monoceros
2778,HR 2778,109.8432,2.7407,5.90,Canis Minor
2856,HR 2856,111.6769,-34.1407,5.90,Puppis
2883,HR 2883,113.0240,-8.8813,5.90,Monoceros
3023,HR 3023,116.8023,-22.5195,5.90,Puppis
3154,HR 3154,120.4064,-37.2837,5.90,Puppis
3453,HR 3453,130.2722,-48.9227,5.90,Vela
3546,HR 3546,134.1272,40.2015,5.90,Lynx
3783,HR 3783,142.1274,-66.7019,5.90,Carina
3850,HR 3850,145.3963,31.2778,5.90,Leo
3915,HR 3915,148.4289,5.9586,5.90,Sextans
4124,33 LMi,157.9641,32.3796,5.90,Leo Minor
4274,HR 4274,164.2827,-50.7650,5.90,Vela
4381,76 Leo,169.7290,1.6504,5.90,Leo
4531,HR 4531,177.1613,14.2842,5.90,Leo
4681,13 Vir,184.6680,-0.7872,5.90,Virgo
4985,HR 4985,198.3473,-50.6998,5.90,Centaurus
5244,92 Vir,209.1162,1.0506,5.90,Virgo
5462,HR 5462,219.5583,18.2984,5.90,Boötes
5508,HR 5508,221.7712,-38.2906,5.90,Centaurus
5567,HR 5567,224.0551,14.4463,5.90,Boötes
5654,HR 5654,228.0178,18.9760,5.90,Serpens
5755,HR 5755,231.9643,60.6702,5.90,Draco
5988,HR 5988,241.5266,-23.6063,5.90,Scorpius
6478,HR 6478,261.8019,-50.6304,5.90,Ara
6907,HR 6907,276.9562,-29.8169,5.90,Sagittarius
7545,HR 7545,296.0767,69.3371,5.90,Draco
7648,HR 7648,300.2457,8.5577,5.90,Aquila
7835,42 Cyg,307.3350,36.4547,5.90,Cygnus
8818,HR 8818,347.5405,-40.5915,5.90,Grus
HD218641,HD 218641,347.4796,-22.4574,5.90,Aquarius
527,HR 527,27.1084,3.6854,5.91,Pisces
659,HR 659,33.6331,-41.1668,5.91,Phoenix
744,Lam-1 For,38.2793,-34.6500,5.91,Fornax
756,HR 756,39.2382,38.7336,5.91,Andromeda
905,49 Ari,45.4756,26.4624,5.91,Aries
995,59 Ari,49.9825,27.0711,5.91,Aries
1074,HR 1074,53.1667,35.4617,5.91,Perseus
1159,HR 1159,56.5390,6.8035,5.91,Taurus
1171,σ For,56.6143,-29.3382,5.91,Fornax
1182,HR 1182,57.1623,0.2279,5.91,Eridanus
1342,HR 1342,65.4659,56.5063,5.91,Camelopardalis
1370,HR 1370,65.5947,20.8214,5.91,Taurus
1440,HR 1440,69.1009,64.2616,5.91,Camelopardalis
1618,HR 1618,75.4598,0.7221,5.91,Orion
2222,HR 2222,93.7853,13.8511,5.91,Orion
2586,HR 2586,104.2522,33.6810,5.91,Gemini
2718,26 CMa,108.0509,-25.9426,5.91,Canis Major
2779,HR 2779,109.9485,7.1429,5.91,Canis Minor
3175,HR 3175,122.5158,58.2482,5.91,Lynx
3395,HR 3395,128.9624,6.6202,5.91,Cancer
3408,HR 3408,129.8235,52.7116,5.91,Ursa Major
3776,HR 3776,142.1964,-62.2731,5.91,Carina
3789,Zet-2 Ant,142.8840,-31.8718,5.91,Antlia
3989,17 Sex,152.5314,-8.4082,5.91,Sextans
4015,HR 4015,153.4414,-40.3461,5.91,Antlia
4139,HR 4139,158.1401,-44.6185,5.91,Vela
4243,HR 4243,163.3798,69.8539,5.91,Ursa Major
4265,55 Leo,163.9267,0.7369,5.91,Leo
4267,56 Leo,164.0061,6.1854,5.91,Leo
4644,HR 4644,183.0916,-62.9508,5.91,Crux
4702,HR 4702,185.4893,-56.3744,5.91,Crux
4837,HR 4837,190.9085,-1.5770,5.91,Virgo
4885,HR 4885,193.2675,-54.9525,5.91,Centaurus
4962,HR 4962,197.4494,16.8486,5.91,Coma Berenices
4971,17 CVn,197.5134,38.4990,5.91,Canes Venatici
4977,HR 4977,198.2032,-66.2267,5.91,Musca
4988,HR 4988,198.5505,-58.6839,5.91,Centaurus
5121,HR 5121,204.3478,-46.4279,5.91,Centaurus
5184,HR 5184,205.6639,78.0644,5.91,Ursa Minor
5229,HR 5229,208.2929,28.6481,5.91,Canes Venatici
5434,26 Boo,218.1356,22.2601,5.91,Boötes
5500,HR 5500,222.1857,-66.5936,5.91,Circinus
5527,HR 5527,223.1469,-63.8098,5.91,Circinus
5584,HR 5584,224.8463,4.5678,5.91,Virgo
5608,HR 5608,225.3629,60.2045,5.91,Draco
5975,HR 5975,241.1535,-37.8630,5.91,Lupus
6044,HR 6044,243.5932,-33.0111,5.91,Scorpius
6246,HR 6246,252.3944,13.2611,5.91,Hercules
6251,HR 6251,253.5016,-57.9095,5.91,Ara
6341,HR 6341,255.9138,13.6053,5.91,Hercules
6327,HR 6327,255.9622,-38.1526,5.91,Scorpius
6426,HR 6426,259.7376,-34.9898,5.91,Scorpius
6456,HR 6456,260.7281,-37.2208,5.91,Scorpius
6667,HR 6667,268.1477,1.3050,5.91,Ophiuchus
7084,HR 7084,281.6795,52.9880,5.91,Draco
7128,HR 7128,284.0028,-23.1738,5.91,Sagittarius
7167,10 Aql,284.6955,13.9066,5.91,Aquila
7281,HR 7281,288.6648,-45.1935,5.91,Corona Australis
7356,HR 7356,290.0667,57.6451,5.91,Draco
7360,HR 7360,291.2668,-29.3094,5.91,Sagittarius
7537,HR 7537,297.5586,-47.5574,5.91,Telescopium
7591,HR 7591,298.0299,47.9318,5.91,Cygnus
7719,20 Vul,303.0029,26.4788,5.91,Vulpecula
7783,HR 7783,304.3788,66.8537,5.91,Draco
7895,HR 7895,309.6458,23.6805,5.91,Vulpecula
7944,HR 7944,311.0919,56.4884,5.91,Cepheus
7937,17 Cap,311.5416,-21.5140,5.91,Capricornus
8112,HR 8112,316.3717,78.1264,5.91,Cepheus
8690,14 Lac,342.5907,41.9534,5.91,Lacerta
8718,HR 8718,343.7610,37.0768,5.91,Lacerta
8825,6 And,347.6135,43.5442,5.91,Andromeda
8944,14 Psc,353.5376,-1.2476,5.91,Pisces
221,62 Psc,12.0725,7.2999,5.92,Pisces
292,HR 292,15.9042,61.0748,5.92,Cassiopeia
404,HR 404,21.0854,-6.9147,5.92,Cetus
420,HR 420,21.2720,-64.3695,5.92,Hydrus
436,HR 436,22.5954,-26.2079,5.92,Sculptor
534,HR 534,27.7165,11.0434,5.92,Aries
848,Eta-2 For,42.5616,-35.8436,5.92,Fornax
906,HR 906,47.9284,81.4707,5.92,Cepheus
968,HR 968,48.1072,-44.4197,5.92,Eridanus
1635,HR 1635,75.5950,-31.7713,5.92,Caelum
1795,HR 1795,81.7034,34.3918,5.92,Auriga
1874,HR 1874,83.5169,-1.4703,5.92,Orion
2052,57 Ori,88.7362,19.7496,5.92,Orion
2367,HR 2367,97.5470,-10.0815,5.92,Monoceros
2380,HR 2380,97.6929,-27.7696,5.92,Canis Major
2500,HR 2500,101.3457,-31.7937,5.92,Canis Major
2494,16 Mon,101.6351,8.5872,5.92,Monoceros
2960,HR 2960,115.0564,-19.6609,5.92,Puppis
3268,Piautos,125.1339,24.0223,5.92,Cancer
3288,HR 3288,125.7254,-7.5431,5.92,Hydra
3389,HR 3389,128.4101,-38.8488,5.92,Vela
3406,36 Cnc,129.2741,9.6556,5.92,Cancer
3539,HR 3539,133.1609,-48.3591,5.92,Vela
3670,HR 3670,138.3936,-47.3384,5.92,Vela
3810,HR 3810,143.3586,-22.8639,5.92,Hydra
4224,HR 4224,162.1690,-1.9589,5.92,Sextans
4892,HR 4892,192.2783,83.4178,5.92,Camelopardalis
4966,HR 4966,197.9642,-69.9420,5.92,Musca
5106,HR 5106,203.6685,-13.2143,5.92,Virgo
5203,HR 5203,205.5957,82.7524,5.92,Camelopardalis
5180,HR 5180,206.5795,38.5036,5.92,Canes Venatici
5175,HR 5175,206.8651,-50.2493,5.92,Centaurus
5251,HR 5251,209.8228,-50.3696,5.92,Centaurus
5547,HR 5547,225.0472,-77.1606,5.92,Apus
6170,HR 6170,248.1069,60.8233,5.92,Draco
6213,39 Her,250.4029,26.9169,5.92,Hercules
7646,HR 7646,299.8351,45.7725,5.92,Cygnus
8026,HR 8026,314.1079,49.1958,5.92,Cygnus
8168,HR 8168,318.9267,77.0123,5.92,Cepheus
8352,HR 8352,328.7973,-61.8866,5.92,Indus
8530,HR 8530,335.8840,-7.1944,5.92,Aquarius
8642,HR 8642,340.4894,14.5164,5.92,Pegasus
8846,HR 8846,349.1658,-44.4892,5.92,Grus
12,HR 12,1.9454,-22.5086,5.93,Cetus
135,HR 135,8.2932,54.8950,5.93,Cassiopeia
353,34 Cet,17.9313,-2.2511,5.93,Cetus
863,ψ For,43.3933,-38.4370,5.93,Fornax
862,HR 862,43.3972,-22.3763,5.93,Eridanus
902,HR 902,45.1839,10.8704,5.93,Aries
956,HR 956,48.3495,48.1770,5.93,Perseus
993,HR 993,49.5108,-28.7971,5.93,Fornax
1045,HR 1045,51.5938,-27.3175,5.93,Fornax
1067,HR 1067,52.6893,6.1887,5.93,Taurus
1216,HR 1216,58.3888,-46.8937,5.93,Horologium
1246,HR 1246,60.1694,-30.4907,5.93,Eridanus
1670,HR 1670,77.4379,28.0305,5.93,Taurus
1832,HR 1832,82.6090,15.3604,5.93,Orion
1955,HR 1955,85.2733,0.3378,5.93,Orion
1969,26 Cam,86.6266,56.1156,5.93,Camelopardalis
2072,HR 2072,88.0841,-57.1562,5.93,Pictor
2158,HR 2158,91.1672,-45.0789,5.93,Puppis
2169,HR 2169,92.3852,22.1903,5.93,Gemini
2406,HR 2406,98.8233,9.9883,5.93,Monoceros
2643,HR 2643,105.8769,29.3371,5.93,Gemini
2737,HR 2737,109.3905,52.1311,5.93,Lynx
2894,HR 2894,114.1960,55.7551,5.93,Lynx
2914,HR 2914,114.4744,48.7738,5.93,Lynx
2951,HR 2951,115.2438,23.0185,5.93,Gemini
2975,51 Cam,116.6669,65.4557,5.93,Camelopardalis
3645,HR 3645,138.9696,72.9463,5.93,Ursa Major
3960,HR 3960,150.5004,-60.4209,5.93,Carina
4082,25 Sex,155.8603,-4.0740,5.93,Sextans
4095,HR 4095,156.2477,-58.5763,5.93,Carina
4271,HR 4271,163.8218,-60.5170,5.93,Carina
4416,κ Crt,171.7897,-12.3567,5.93,Crater
4565,HR 4565,178.9172,-28.4771,5.93,Hydra
4907,HR 4907,194.1321,-72.1852,5.93,Musca
4930,HR 4930,195.7723,-71.4757,5.93,Musca
5266,HR 5266,210.8606,-56.2134,5.93,Centaurus
5357,HR 5357,214.8495,-37.0029,5.93,Centaurus
5473,HR 5473,220.1766,13.5343,5.93,Boötes
5804,Tau-5 Ser,234.1218,16.1191,5.93,Serpens
5846,HR 5846,236.0945,-41.8191,5.93,Lupus
5981,HR 5981,240.5232,52.9159,5.93,Draco
6011,HR 6011,242.2453,3.4545,5.93,Serpens
6014,HR 6014,242.2967,6.3787,5.93,Serpens
6090,HR 6090,244.7967,49.0382,5.93,Hercules
6178,HR 6178,249.7718,-37.2174,5.93,Scorpius
6366,HR 6366,257.1981,-30.4037,5.93,Scorpius
6408,HR 6408,259.8021,-59.6946,5.93,Ara
6487,HR 6487,262.1621,-55.1697,5.93,Ara
6620,HR 6620,266.9033,-14.7258,5.93,Serpens
6681,HR 6681,269.0793,-15.8125,5.93,Serpens
6957,61 Ser,277.9875,-1.0030,5.93,Serpens
6988,HR 6988,279.4768,-21.3977,5.93,Sagittarius
7100,Nu-1 Lyr,282.4413,32.8128,5.93,Lyra
7190,HR 7190,285.9898,-51.0186,5.93,Telescopium
7230,HR 7230,286.4216,-15.6604,5.93,Sagittarius
7283,19 Lyr,287.9417,31.2835,5.93,Lyra
7502,HR 7502,295.6858,32.4267,5.93,Cygnus
8046,HR 8046,315.6131,-38.5310,5.93,Microscopium
8078,HR 8078,315.9484,53.2859,5.93,Cygnus
8209,69 Cyg,321.4459,36.6674,5.93,Cygnus
8461,HR 8461,332.9639,16.0406,5.93,Pegasus
8643,HR 8643,340.4001,41.5491,5.93,Lacerta
8654,HR 8654,341.0217,39.4653,5.93,Lacerta
9027,HR 9027,357.5614,-9.9741,5.93,Aquarius
9041,24 Psc,358.2315,-3.1555,5.93,Pisces
42,HR 42,3.4260,-26.0223,5.94,Sculptor
113,HR 113,7.5830,59.9776,5.94,Cassiopeia
143,14 Cet,8.8868,-0.5056,5.94,Cetus
198,HR 198,11.2378,-42.6766,5.94,Phoenix
471,HR 471,24.6145,-36.5283,5.94,Sculptor
521,HR 521,27.1621,37.9529,5.94,Andromeda
541,HR 541,27.7269,-50.2061,5.94,Phoenix
639,63 Cet,32.8993,-1.8254,5.94,Cetus
829,HR 829,42.9948,68.8885,5.94,Cassiopeia
1001,HR 1001,50.4687,49.0709,5.94,Perseus
1284,HR 1284,62.2565,13.3983,5.94,Taurus
1416,HR 1416,66.2723,-61.2382,5.94,Reticulum
1401,HR 1401,68.3777,72.5286,5.94,Camelopardalis
1776,HR 1776,81.1605,31.1431,5.94,Auriga
2394,8 Lyn,99.4230,61.4812,5.94,Lynx
2558,HR 2558,102.9268,-36.2303,5.94,Puppis
2665,HR 2665,106.8433,34.0093,5.94,Gemini
2726,HR 2726,108.1076,-36.5444,5.94,Puppis
2837,61 Gem,111.7347,20.2576,5.94,Gemini
3049,HR 3049,117.3110,-35.2433,5.94,Puppis
3284,20 Cnc,125.8410,18.3322,5.94,Cancer
3333,29 Cnc,127.1556,14.2108,5.94,Cancer
3686,HR 3686,139.6080,35.3641,5.94,Lynx
4431,58 UMa,172.6298,43.1732,5.94,Ursa Major
4446,HR 4446,173.1981,-7.8275,5.94,Crater
4485,HR 4485,174.4519,-67.6204,5.94,Musca
4691,HR 4691,185.0449,-22.1757,5.94,Corvus
5388,HR 5388,216.0036,8.2440,5.94,Boötes
5878,HR 5878,236.6451,55.4748,5.94,Draco
6275,HR 6275,254.1199,-52.2837,5.94,Ara
6374,HR 6374,257.9112,-48.8734,5.94,Ara
6506,HR 6506,261.6923,34.6958,5.94,Hercules
6562,HR 6562,264.4009,-15.5710,5.94,Serpens
6643,HR 6643,267.8856,-40.7725,5.94,Scorpius
6748,HR 6748,271.5988,-36.0198,5.94,Sagittarius
7830,ο Cap,307.4746,-18.5832,5.94,Capricornus
8077,4 Equ,316.3613,5.9582,5.94,Equuleus
8327,HR 8327,326.2220,62.4606,5.94,Cepheus
8380,HR 8380,330.7657,-76.1184,5.94,Octans
8633,HR 8633,340.0767,53.8459,5.94,Lacerta
8759,HR 8759,345.3821,-4.7115,5.94,Aquarius
290,39 And,15.7261,41.3452,5.95,Andromeda
359,HR 359,18.1892,-37.8565,5.95,Sculptor
457,HR 457,23.9781,17.4338,5.95,Pisces
791,HR 791,41.2070,67.8246,5.95,Cassiopeia
1086,7 Tau,53.6109,24.4644,5.95,Taurus
1170,HR 1170,57.2838,43.9631,5.95,Perseus
1332,HR 1332,64.3301,-6.4722,5.95,Eridanus
1337,HR 1337,65.0601,41.8081,5.95,Perseus
1421,HR 1421,67.1626,-19.4589,5.95,Eridanus
1439,HR 1439,67.6680,-35.6535,5.95,Eridanus
1599,5 Aur,75.0764,39.3947,5.95,Auriga
1988,HR 1988,86.6455,1.1682,5.95,Orion
2039,HR 2039,88.0322,-9.0419,5.95,Orion
2086,HR 2086,89.0594,-22.8400,5.95,Lepus
2428,HR 2428,99.1942,-13.3210,5.95,Canis Major
2624,HR 2624,105.0990,-8.4068,5.95,Monoceros
2759,HR 2759,108.7381,-41.4264,5.95,Puppis
2752,HR 2752,108.9302,-10.5836,5.95,Monoceros
2870,HR 2870,112.2131,-31.8484,5.95,Puppis
2892,HR 2892,112.6288,-54.3994,5.95,Carina
2966,HR 2966,115.3965,3.6248,5.95,Canis Minor
3259,HR 3259,124.5998,-12.6322,5.95,Puppis
3346,HR 3346,126.4650,-64.6006,5.95,Volans
3402,HR 3402,128.8696,-26.8435,5.95,Pyxis
3564,HR 3564,134.1422,-16.7087,5.95,Hydra
3626,75 Cnc,137.1972,26.6291,5.95,Cancer
3625,HR 3625,137.2129,33.8822,5.95,Lynx
3802,HR 3802,143.2324,-13.5168,5.95,Hydra
3892,HR 3892,147.3671,-37.1868,5.95,Antlia
3924,HR 3924,148.4588,-51.1467,5.95,Vela
4030,35 Leo,154.1346,23.5031,5.95,Leo
4195,HR 4195,161.2668,67.4114,5.95,Ursa Major
4240,HR 4240,162.7725,-3.0927,5.95,Sextans
4266,HR 4266,163.6233,-61.8266,5.95,Carina
4306,62 Leo,165.9025,-0.0008,5.95,Leo
4456,90 Leo,173.6770,16.7969,5.95,Leo
4497,HR 4497,175.1770,-53.9686,5.95,Centaurus
4581,HR 4581,179.8231,33.1670,5.95,Ursa Major
4607,HR 4607,181.2385,-60.9683,5.95,Crux
4615,HR 4615,181.5961,-65.7095,5.95,Musca
4626,10 Vir,182.4221,1.8979,5.95,Virgo
4722,HR 4722,186.2990,-11.6106,5.95,Virgo
4845,10 CVn,191.2478,39.2789,5.95,Canes Venatici
4961,50 Vir,197.4387,-10.3293,5.95,Virgo
5188,HR 5188,208.9124,-82.6662,5.95,Chamaeleon
5803,HR 5803,234.9859,-59.9083,5.95,Norma
5786,HR 5786,235.4779,-76.0820,5.95,Apus
5915,47 Lib,238.7515,-19.3829,5.95,Libra
6037,HR 6037,244.2727,-67.9413,5.95,Triangulum Australe
6257,HR 6257,253.4268,-43.0510,5.95,Scorpius
6311,HR 6311,255.1541,-35.9341,5.95,Scorpius
6389,HR 6389,258.2440,-32.4383,5.95,Scorpius
6398,HR 6398,258.8999,-38.5939,5.95,Scorpius
6689,HR 6689,269.2680,0.0667,5.95,Ophiuchus
6837,HR 6837,277.3334,-80.2327,5.95,Octans
7223,HR 7223,286.7317,-48.2991,5.95,Telescopium
7629,HR 7629,300.0664,-37.7017,5.95,Sagittarius
7800,HR 7800,305.6887,41.0260,5.95,Cygnus
8024,HR 8024,314.6743,-14.4831,5.95,Aquarius
8563,HR 8563,337.4417,-27.1073,5.95,Piscis Austrinus
8946,HR 8946,353.7057,-15.2460,5.95,Aquarius
8971,HR 8971,354.7923,75.2929,5.95,Cepheus
9005,HR 9005,356.6530,66.7822,5.95,Cepheus
9025,79 Peg,357.4141,28.8424,5.95,Pegasus
9060,HR 9060,359.3326,-62.9566,5.95,Tucana
87,HR 87,5.3698,-77.4269,5.96,Hydrus
529,HR 529,27.7380,51.9334,5.96,Perseus
610,61 Cet,30.9507,-0.3403,5.96,Cetus
644,HR 644,33.1564,24.1678,5.96,Aries
1064,HR 1064,51.4011,-69.3364,5.96,Hydrus
1491,HR 1491,72.2095,75.9412,5.96,Camelopardalis
1747,HR 1747,79.7103,-18.1301,5.96,Lepus
1933,HR 1933,84.6582,-6.5740,5.96,Orion
2019,HR 2019,87.5544,4.4234,5.96,Orion
2030,HR 2030,88.0975,19.8678,5.96,Orion
2610,HR 2610,104.7376,3.6024,5.96,Monoceros
2631,HR 2631,105.6064,17.7555,5.96,Gemini
2647,HR 2647,105.8247,9.1384,5.96,Monoceros
2698,HR 2698,106.8054,-51.9683,5.96,Carina
2767,HR 2767,108.8385,-52.4992,5.96,Carina
3178,HR 3178,121.1767,-50.5904,5.96,Vela
3169,Mu-1 Cnc,121.5767,22.6355,5.96,Cancer
3293,HR 3293,125.3004,-57.9732,5.96,Carina
3320,HR 3320,126.4816,-14.9297,5.96,Puppis
3409,HR 3409,129.5791,32.8020,5.96,Cancer
3509,HR 3509,133.0490,45.3128,5.96,Lynx
3522,Copernicus,133.1494,28.3308,5.96,Cancer
3676,HR 3676,139.3799,46.8172,5.96,Ursa Major
3835,HR 3835,144.3684,-36.0960,5.96,Antlia
3824,HR 3824,144.8663,67.2722,5.96,Ursa Major
4179,HR 4179,159.7486,-58.8169,5.96,Carina
4458,HR 4458,173.6232,-32.8313,5.96,Hydra
4771,HR 4771,187.9839,-63.5058,5.96,Crux
5118,HR 5118,204.2751,-44.1432,5.96,Centaurus
5155,HR 5155,205.7293,-41.4010,5.96,Centaurus
5157,HR 5157,205.9170,-42.0675,5.96,Centaurus
5253,HR 5253,210.2189,-66.2689,5.96,Circinus
5296,HR 5296,212.3960,-51.5047,5.96,Centaurus
5418,HR 5418,217.4605,0.8289,5.96,Virgo
5663,HR 5663,228.9736,-48.0737,5.96,Lupus
6207,HR 6207,251.1656,-53.1523,5.96,Ara
6823,16 Sgr,273.8040,-20.3880,5.96,Sagittarius
6865,37 Dra,273.8211,68.7558,5.96,Draco
7203,HR 7203,285.7659,-19.2457,5.96,Sagittarius
7774,HR 7774,305.0008,13.5481,5.96,Delphinus
7908,74 Dra,307.3640,81.0913,5.96,Draco
8023,HR 8023,314.1449,44.9247,5.96,Cygnus
8262,HR 8262,324.0103,45.3746,5.96,Cygnus
8302,45 Cap,326.0040,-14.7494,5.96,Capricornus
8314,HR 8314,326.1305,14.7719,5.96,Pegasus
8388,HR 8388,329.7230,62.6980,5.96,Cepheus
8508,45 Aqr,334.7531,-13.3050,5.96,Aquarius
8869,HR 8869,349.8504,-18.0754,5.96,Aquarius
5728,η CrB,230.7995,30.2862,5.96,Corona Borealis
273,HR 273,14.6293,66.3518,5.97,Cassiopeia
347,33 Cet,17.6398,2.4457,5.97,Cetus
364,87 Psc,18.5318,16.1335,5.97,Pisces
397,HR 397,20.8540,20.4690,5.97,Pisces
485,HR 485,25.4135,30.0471,5.97,Triangulum
601,HR 601,30.6462,13.4767,5.97,Aries
870,HR 870,44.0574,8.3816,5.97,Cetus
948,HR 948,47.6616,11.8726,5.97,Aries
986,HR 986,49.4406,39.2834,5.97,Perseus
1111,21 Eri,54.7547,-5.6262,5.97,Eridanus
1201,HR 1201,58.2918,17.3271,5.97,Taurus
1385,HR 1385,66.2380,19.0420,5.97,Taurus
1489,HR 1489,70.4592,38.2802,5.97,Perseus
1554,HR 1554,73.1963,27.8975,5.97,Taurus
1665,HR 1665,76.8540,-12.4913,5.97,Lepus
1908,HR 1908,84.2683,11.0350,5.97,Orion
1967,HR 1967,85.7246,-6.7962,5.97,Orion
2007,HR 2007,87.1456,-4.0946,5.97,Orion
2024,HR 2024,87.6251,2.0247,5.97,Orion
2075,HR 2075,89.1168,9.5094,5.97,Orion
2249,HR 2249,94.0320,-16.6180,5.97,Canis Major
3322,HR 3322,126.2384,-42.7698,5.97,Puppis
3922,HR 3922,149.3066,57.4182,5.97,Ursa Major
4056,HR 4056,154.6177,-41.6685,5.97,Vela
4206,HR 4206,160.4649,-79.7833,5.97,Chamaeleon
4929,38 Com,195.2901,17.1231,5.97,Coma Berenices
5059,HR 5059,201.5476,-1.1925,5.97,Virgo
5182,3 Boo,206.6805,25.7022,5.97,Boötes
5213,HR 5213,207.4394,61.4893,5.97,Ursa Major
5619,HR 5619,226.6383,-30.9185,5.97,Lupus
5811,HR 5811,233.8175,53.9221,5.97,Draco
6078,HR 6078,244.7517,-14.8728,5.97,Scorpius
6444,HR 6444,259.5970,38.8114,5.97,Hercules
6590,HR 6590,265.3847,6.3132,5.97,Ophiuchus
6586,HR 6586,266.2327,-57.5455,5.97,Pavo
6817,HR 6817,272.6316,54.2866,5.97,Draco
7473,HR 7473,295.0299,-23.4291,5.97,Sagittarius
7690,64 Aql,302.0076,-0.6782,5.97,Aquila
7919,HR 7919,310.0132,43.4589,5.97,Cygnus
8108,HR 8108,318.3290,-36.4235,5.97,Microscopium
8149,HR 8149,319.7168,11.2034,5.97,Equuleus
8239,HR 8239,321.2059,80.5248,5.97,Cepheus
8230,6 PsA,323.0607,-33.9446,5.97,Piscis Austrinus
8408,HR 8408,331.1532,-26.8224,5.97,Piscis Austrinus
8466,HR 8466,333.0337,24.9506,5.97,Pegasus
8596,HR 8596,338.9016,-23.9911,5.97,Aquarius
8764,HR 8764,345.6844,-20.8707,5.97,Aquarius
8799,HR 8799,346.8696,21.1343,5.97,Pegasus
5,HR 5,1.5653,58.4367,5.98,Cassiopeia
216,60 Psc,11.8485,6.7410,5.98,Pisces
409,HR 409,21.5778,43.4577,5.98,Andromeda
475,105 Psc,24.9201,16.4059,5.98,Pisces
796,HR 796,40.3922,-14.5493,5.98,Cetus
978,HR 978,49.1466,32.1840,5.98,Perseus
1081,HR 1081,52.6539,-47.3751,5.98,Horologium
1073,HR 1073,53.4128,54.9749,5.98,Camelopardalis
1505,55 Eri,70.8948,-8.7943,5.98,Eridanus
1574,HR 1574,73.7113,0.4672,5.98,Orion
1758,HR 1758,79.8487,-27.3689,5.98,Columba
1924,HR 1924,84.8263,29.2152,5.98,Auriga
2105,HR 2105,90.4294,48.9594,5.98,Auriga
2833,HR 2833,111.4633,-5.7750,5.98,Monoceros
2860,HR 2860,111.9289,-22.8592,5.98,Puppis
3137,HR 3137,119.7575,-45.2158,5.98,Puppis
3363,HR 3363,127.4402,-46.3317,5.98,Vela
3511,HR 3511,133.0418,42.0027,5.98,Lynx
3664,HR 3664,138.8094,34.6335,5.98,Lynx
4001,HR 4001,152.6571,-41.7152,5.98,Vela
4144,HR 4144,158.1992,-58.6667,5.98,Carina
4228,HR 4228,162.0225,-59.9192,5.98,Carina
4508,HR 4508,175.8633,-37.1902,5.98,Centaurus
4944,HR 4944,196.8513,-59.8605,5.98,Centaurus
5161,HR 5161,205.6809,34.9890,5.98,Canes Venatici
5262,HR 5262,210.3351,8.8949,5.98,Boötes
5636,HR 5636,227.5305,-38.7925,5.98,Lupus
5674,HR 5674,228.5252,31.7878,5.98,Boötes
5874,HR 5874,237.0554,13.7891,5.98,Serpens
6300,HR 6300,255.1124,-48.6478,5.98,Ara
6344,HR 6344,256.5841,-37.2276,5.98,Scorpius
6365,HR 6365,257.0619,-17.6091,5.98,Ophiuchus
6404,HR 6404,258.8345,-14.5841,5.98,Ophiuchus
6494,HR 6494,261.9065,-29.7246,5.98,Ophiuchus
6501,HR 6501,262.2337,-36.7783,5.98,Scorpius
6739,HR 6739,271.2099,-35.9014,5.98,Sagittarius
6814,HR 6814,272.9380,33.4471,5.98,Hercules
7130,HR 7130,285.0148,-66.6536,5.98,Pavo
7383,HR 7383,292.7956,-68.4339,5.98,Pavo
7456,HR 7456,294.2185,11.2732,5.98,Aquila
7486,HR 7486,295.2730,13.8157,5.98,Aquila
8038,HR 8038,315.0166,7.5162,5.98,Equuleus
8297,HR 8297,325.5045,35.5102,5.98,Cygnus
8453,HR 8453,332.6406,-4.2669,5.98,Aquarius
8620,HR 8620,340.2037,-57.4223,5.98,Tucana
8864,9 And,349.5972,41.7737,5.98,Andromeda
8972,HR 8972,354.8382,74.0026,5.98,Cepheus
2322,HR 2322,95.9071,-52.1811,5.98,Carina
5343,HR 5343,214.0175,18.9119,5.98,Boötes
16,HR 16,2.0731,-8.8241,5.99,Cetus
102,HR 102,6.8113,-25.5472,5.99,Sculptor
186,HR 186,10.6741,-60.2628,5.99,Tucana
275,HR 275,14.5592,33.9509,5.99,Andromeda
298,HR 298,16.0099,52.5022,5.99,Cassiopeia
662,7 Per,34.5191,57.5163,5.99,Perseus
715,κ Hyi,35.7184,-73.6458,5.99,Hydrus
805,HR 805,40.5275,-38.3837,5.99,Fornax
1217,HR 1217,58.8172,-12.0991,5.99,Eridanus
1517,HR 1517,71.5701,18.7347,5.99,Taurus
1514,HR 1514,71.6853,40.3126,5.99,Perseus
1712,HR 1712,79.0756,34.3123,5.99,Auriga
1778,HR 1778,80.8271,-8.4156,5.99,Orion
1824,HR 1824,82.7027,41.4620,5.99,Auriga
1940,HR 1940,84.8798,-3.5647,5.99,Orion
2057,HR 2057,88.6835,0.9686,5.99,Orion
2243,HR 2243,93.8238,-18.4772,5.99,Canis Major
2234,HR 2234,93.8736,-4.9147,5.99,Monoceros
2449,HR 2449,99.9488,12.9828,5.99,Gemini
2730,HR 2730,108.3501,-22.6742,5.99,Canis Major
2801,HR 2801,110.5145,0.1771,5.99,Canis Minor
2968,HR 2968,114.9916,-37.5794,5.99,Puppis
3134,5 Cnc,120.3762,16.4553,5.99,Cancer
3742,HR 3742,141.0229,-61.6489,5.99,Carina
3868,HR 3868,145.4497,-55.2138,5.99,Vela
4262,HR 4262,163.4255,-70.7203,5.99,Carina
4278,HR 4278,164.8866,36.0931,5.99,Ursa Major
4384,HR 4384,169.8195,-64.5825,5.99,Carina
4834,HR 4834,190.7883,-56.1762,5.99,Crux
4879,HR 4879,192.9872,-39.6804,5.99,Centaurus
4925,46 Vir,195.1498,-3.3685,5.99,Virgo
5380,HR 5380,215.9525,-53.1762,5.99,Lupus
5419,HR 5419,217.7952,-38.8697,5.99,Centaurus
5731,HR 5731,230.6552,62.0471,5.99,Draco
6267,HR 6267,250.7757,77.5140,5.99,Ursa Minor
6218,HR 6218,251.2508,-28.5097,5.99,Scorpius
6286,HR 6286,253.3232,47.4167,5.99,Hercules
6253,HR 6253,253.8528,-63.2697,5.99,Ara
6419,HR 6419,258.9228,23.7428,5.99,Hercules
6505,HR 6505,262.8470,-56.9210,5.99,Ara
6692,HR 6692,269.6627,-28.7591,5.99,Sagittarius
6840,HR 6840,274.2213,-3.0074,5.99,Serpens
6883,HR 6883,275.6472,12.0297,5.99,Ophiuchus
7083,HR 7083,282.4206,-5.9129,5.99,Scutum
7140,HR 7140,283.7188,33.9686,5.99,Lyra
7503,16 Cyg,295.4542,50.5251,5.99,Cygnus
7662,HR 7662,300.8183,18.5010,5.99,Sagitta
7899,HR 7899,309.7707,15.8382,5.99,Delphinus
7863,Mu-1 Oct,310.5110,-76.1806,5.99,Octans
7982,4 Aqr,312.8573,-5.6266,5.99,Aquarius
8043,HR 8043,313.6846,75.9256,5.99,Cepheus
8175,17 Aqr,320.7344,-9.3193,5.99,Aquarius
8635,HR 8635,340.6537,-47.2108,5.99,Grus
8693,21 PsA,342.8373,-29.5363,5.99,Piscis Austrinus
8915,69 Peg,351.9183,25.1673,5.99,Pegasus
8957,HR 8957,354.5989,-76.8696,5.99,Octans
8970,HR 8970,354.9793,9.6773,5.99,Pegasus
171,HR 171,9.9664,-44.7963,6.00,Phoenix
586,52 Cas,30.7187,64.9015,6.00,Cassiopeia
638,HR 638,32.8426,-10.0522,6.00,Cetus
732,HR 732,37.6883,0.2557,6.00,Cetus
741,29 Ari,38.2256,15.0346,6.00,Aries
1345,HR 1345,64.5670,-20.7153,6.00,Eridanus
1375,HR 1375,65.8849,20.9820,6.00,Taurus
1624,HR 1624,76.6237,61.1698,6.00,Camelopardalis
1985,129 Tau,86.6896,15.8225,6.00,Taurus
2262,HR 2262,94.1483,-39.2644,6.00,Columba
2287,HR 2287,95.6516,12.5702,6.00,Orion
2659,44 Gem,106.3265,22.6375,6.00,Gemini
2699,HR 2699,107.3890,-16.2345,6.00,Canis Major
2800,HR 2800,110.2288,-26.9638,6.00,Canis Major
3234,HR 3234,123.1283,-46.2643,6.00,Vela
3236,HR 3236,125.1680,72.4072,6.00,Ursa Major
3525,HR 3525,132.5876,-42.0898,6.00,Vela
4046,HR 4046,154.8618,48.3968,6.00,Ursa Major
4115,HR 4115,156.8556,-65.7047,6.00,Carina
4096,HR 4096,156.8669,41.6010,6.00,Ursa Major
4639,HR 4639,182.7503,81.7098,6.00,Camelopardalis
4755,HR 4755,187.4912,-41.7359,6.00,Centaurus
4809,HR 4809,189.6859,-18.2501,6.00,Corvus
4901,HR 4901,193.5778,-11.6486,6.00,Virgo
4927,HR 4927,194.6971,75.4725,6.00,Draco
4946,39 Com,196.5885,21.1534,6.00,Coma Berenices
5027,HR 5027,200.2014,-55.8007,6.00,Centaurus
5124,HR 5124,204.7040,-57.6227,6.00,Centaurus
5151,HR 5151,205.7338,-56.7680,6.00,Centaurus
5205,HR 5205,207.6028,5.4972,6.00,Virgo
5236,HR 5236,209.1373,-54.7047,6.00,Centaurus
5433,HR 5433,218.0843,26.6773,6.00,Boötes
5553,HR 5553,223.3491,19.1528,6.00,Boötes
5840,Tau-6 Ser,235.2462,16.0246,6.00,Serpens
5882,HR 5882,237.8810,-47.0608,6.00,Norma
5970,HR 5970,240.8932,-32.0005,6.00,Lupus
6349,HR 6349,256.3201,0.7026,6.00,Ophiuchus
6432,HR 6432,259.5206,17.3179,6.00,Hercules
6607,HR 6607,265.3408,51.8182,6.00,Draco
6662,HR 6662,268.4782,-34.7527,6.00,Scorpius
7028,HR 7028,279.9701,52.1961,6.00,Draco
7239,HR 7239,286.7172,-16.2293,6.00,Sagittarius
7442,HR 7442,293.4234,49.2623,6.00,Cygnus
7540,HR 7540,296.9522,25.3841,6.00,Vulpecula
7541,HR 7541,297.2592,-10.8708,6.00,Aquila
8150,HR 8150,319.3093,55.7980,6.00,Cepheus
8318,47 Cap,326.5678,-9.2759,6.00,Capricornus
8385,18 Peg,330.0330,6.7174,6.00,Pegasus
8555,HR 8555,336.9427,31.8400,6.00,Pegasus
20,HR 20,2.3329,79.7145,6.01,Cepheus
190,HR 190,10.9587,-12.0118,6.01,Cetus
432,97 Psc,22.4703,18.3557,6.01,Pisces
526,HR 526,27.3148,47.8969,6.01,Perseus
560,HR 560,28.9743,1.8500,6.01,Cetus
615,11 Ari,31.7051,25.7046,6.01,Aries
633,16 Ari,32.8002,25.9369,6.01,Aries
1060,HR 1060,52.4131,-6.8045,6.01,Eridanus
1114,τ For,54.6986,-27.9431,6.01,Fornax
1432,85 Tau,67.9656,15.8516,6.01,Taurus
1446,HR 1446,68.4507,9.4136,6.01,Taurus
1459,HR 1459,69.1214,23.3409,6.01,Taurus
2146,HR 2146,91.5935,29.5124,6.01,Auriga
2448,HR 2448,99.6476,-16.8735,6.01,Canis Major
2661,HR 2661,105.2714,-58.9399,6.01,Carina
2651,HR 2651,105.9650,12.5942,6.01,Gemini
2958,HR 2958,115.1480,-8.1854,6.01,Monoceros
3148,HR 3148,120.0612,-48.9815,6.01,Puppis
3316,HR 3316,126.3292,-21.0460,6.01,Puppis
3342,HR 3342,127.2125,-9.7486,6.01,Hydra
3538,HR 3538,133.5748,-5.4345,6.01,Hydra
3741,HR 3741,141.5930,-1.4641,6.01,Hydra
3899,6 Sex,147.8085,-4.2434,6.01,Sextans
4055,HR 4055,154.8203,-12.5281,6.01,Hydra
4052,HR 4052,155.1298,54.2168,6.01,Ursa Major
4101,45 Leo,156.9125,9.7624,6.01,Leo
4156,Phi-2 Hya,159.0694,-16.3443,6.01,Hydra
4309,51 UMa,166.1302,38.2414,6.01,Ursa Major
4633,HR 4633,182.6921,27.2815,6.01,Coma Berenices
4922,HR 4922,195.1361,-33.5053,6.01,Centaurus
4934,HR 4934,195.4461,63.6102,6.01,Draco
4964,HR 4964,197.4111,37.4231,6.01,Canes Venatici
5025,HR 5025,199.7677,35.1280,6.01,Canes Venatici
5094,73 Vir,203.0117,-18.7289,6.01,Virgo
5254,HR 5254,209.6663,14.6493,6.01,Boötes
5424,HR 5424,217.6891,4.7723,6.01,Virgo
5745,HR 5745,231.9120,25.1016,6.01,Serpens
5864,HR 5864,236.8715,-37.9163,6.01,Lupus
6497,HR 6497,261.5792,7.5957,6.01,Ophiuchus
HD160371,HD 160371,265.2439,-32.2145,6.01,Scorpius
6673,HR 6673,268.0197,39.9821,6.01,Hercules
6726,HR 6726,270.1516,33.2137,6.01,Hercules
6867,HR 6867,274.9670,29.6664,6.01,Hercules
7643,HR 7643,300.3494,-22.7373,6.01,Sagittarius
7726,HR 7726,303.1322,51.4636,6.01,Cygnus
7918,10 Del,310.3175,14.5829,6.01,Delphinus
7973,15 Del,312.4074,12.5451,6.01,Delphinus
8051,HR 8051,315.3036,36.0260,6.01,Cygnus
8218,HR 8218,321.6873,52.8985,6.01,Cygnus
8595,HR 8595,338.2615,69.9135,6.01,Cepheus
8707,HR 8707,343.2657,60.1010,6.01,Cepheus
9053,HR 9053,358.8895,47.3558,6.01,Andromeda
9057,HR 9057,359.2651,42.6582,6.01,Andromeda
50,35 Psc,3.7452,8.8210,6.02,Pisces
561,HR 561,29.6384,61.6978,6.02,Cassiopeia
946,HR 946,47.6127,26.8962,6.02,Aries
1279,HR 1279,61.9249,15.1628,6.02,Taurus
1631,HR 1631,75.3939,-39.7180,6.02,Caelum
1669,HR 1669,77.5784,37.3019,6.02,Auriga
1859,HR 1859,81.7492,-68.6225,6.02,Dorado
2438,54 Aur,99.8880,28.2631,6.02,Auriga
2600,62 Aur,104.7619,38.0523,6.02,Auriga
2739,HR 2739,108.6177,-10.3162,6.02,Monoceros
HD56578,HD 56578,109.1598,-23.3109,6.02,Canis Major
3020,HR 3020,116.3252,-43.7526,6.02,Puppis
3101,HR 3101,118.9441,-43.8451,6.02,Puppis
3109,53 Cam,120.4270,60.3244,6.02,Camelopardalis
3287,HR 3287,126.1782,42.0052,6.02,Lynx
3549,HR 3549,133.2658,-56.6495,6.02,Carina
3691,HR 3691,138.8235,-58.3884,6.02,Carina
3688,HR 3688,139.0168,-44.8987,6.02,Vela
3906,7 Sex,148.0507,2.4541,6.02,Sextans
4012,HR 4012,153.6240,21.1681,6.02,Leo
4184,HR 4184,160.5470,31.6970,6.02,Leo Minor
4391,HR 4391,170.7135,64.3305,6.02,Ursa Major
4512,HR 4512,176.0549,25.2183,6.02,Leo
4736,HR 4736,186.8535,-63.7890,6.02,Crux
4833,76 UMa,190.3914,62.7130,6.02,Ursa Major
4827,HR 4827,190.4558,-19.7591,6.02,Corvus
4878,37 Vir,192.9037,3.0568,6.02,Virgo
5169,HR 5169,205.9783,52.0644,6.02,Ursa Major
5279,HR 5279,212.1149,-74.8503,6.02,Apus
5448,HR 5448,218.6604,36.6261,6.02,Boötes
5628,HR 5628,228.1417,-72.7706,6.02,Apus
5832,HR 5832,235.6551,-49.4896,6.02,Norma
6088,HR 6088,243.6394,73.3949,6.02,Ursa Minor
6182,HR 6182,250.8422,-67.4324,6.02,Triangulum Australe
6222,HR 6222,250.9654,34.0388,6.02,Hercules
6224,16 Oph,251.3736,1.0202,6.02,Ophiuchus
6932,HR 6932,277.4448,-14.5820,6.02,Scutum
6931,HR 6931,277.7623,-41.9138,6.02,Corona Australis
7009,HR 7009,279.5270,39.6683,6.02,Lyra
7075,HR 7075,281.0761,61.0481,6.02,Draco
7286,HR 7286,288.1531,21.5546,6.02,Vulpecula
7322,HR 7322,289.2141,46.9991,6.02,Cygnus
7925,HR 7925,310.0745,60.5053,6.02,Cepheus
7917,HR 7917,310.1511,29.8056,6.02,Cygnus
8237,HR 8237,322.5847,52.9580,6.02,Cygnus
8286,HR 8286,326.3701,-71.0088,6.02,Indus
8381,HR 8381,330.1010,-55.8835,6.02,Indus
8929,HR 8929,352.8623,-44.8436,6.02,Phoenix
2950,HR 2950,115.0292,16.9386,6.02,Canis Minor
205,HR 205,11.5450,44.8615,6.03,Andromeda
307,73 Psc,16.2193,5.6563,6.03,Pisces
460,HR 460,23.8120,-58.1395,6.03,Hydrus
866,HR 866,43.0791,-62.9096,6.03,Horologium
1014,HR 1014,49.4959,-66.9269,6.03,Reticulum
1028,HR 1028,51.0422,12.6296,6.03,Taurus
1048,66 Ari,52.1107,22.8040,6.03,Aries
1593,HR 1593,75.4001,61.0780,6.03,Camelopardalis
1727,HR 1727,78.4722,-52.0308,6.03,Pictor
1918,HR 1918,84.3640,-5.9384,6.03,Orion
1997,HR 1997,87.0932,20.8695,6.03,Taurus
2074,HR 2074,89.2338,24.2497,6.03,Taurus
2285,HR 2285,97.0603,70.5353,6.03,Camelopardalis
2444,HR 2444,99.2579,-38.1465,6.03,Columba
2542,HR 2542,103.2647,35.7880,6.03,Auriga
2582,HR 2582,103.7455,-2.8036,6.03,Monoceros
2561,HR 2561,104.3047,57.5633,6.03,Lynx
2754,HR 2754,108.0083,-63.1901,6.03,Carina
3028,HR 3028,117.7739,54.1292,6.03,Lynx
3053,HR 3053,117.9866,19.3251,6.03,Gemini
3097,HR 3097,119.3162,8.6412,6.03,Canis Minor
3222,HR 3222,123.2489,16.5143,6.03,Cancer
3295,HR 3295,126.1518,-4.7170,6.03,Hydra
3495,HR 3495,131.1250,-65.8254,6.03,Volans
4264,HR 4264,164.0605,42.0082,6.03,Ursa Major
4285,HR 4285,165.0863,42.9117,6.03,Ursa Major
4715,4 CVn,185.9460,42.5427,6.03,Canes Venatici
4725,HR 4725,186.3129,23.9262,6.03,Coma Berenices
5377,HR 5377,215.8344,-50.7723,6.03,Lupus
5443,HR 5443,219.4441,-67.9320,6.03,Circinus
5633,HR 5633,226.8349,18.4418,6.03,Boötes
6022,HR 6022,243.3207,-53.6712,6.03,Norma
6235,HR 6235,252.1124,-14.9094,6.03,Ophiuchus
6435,HR 6435,259.9723,-17.7565,6.03,Ophiuchus
6653,HR 6653,268.2400,-35.6243,6.03,Scorpius
6711,HR 6711,269.6763,36.2878,6.03,Hercules
6833,HR 6833,274.4010,-34.1073,6.03,Sagittarius
7299,HR 7299,288.7612,20.2031,6.03,Sagitta
7332,Ome-2 Aql,289.9711,11.5350,6.03,Aquila
7355,HR 7355,291.1257,-27.8659,6.03,Sagittarius
7457,11 Cyg,293.9513,36.9445,6.03,Cygnus
7620,HR 7620,299.1839,36.2506,6.03,Cygnus
7836,1 Del,307.5748,10.8959,6.03,Delphinus
8626,HR 8626,339.8930,37.5928,6.03,Lacerta
8700,Tau-1 Gru,343.4078,-48.5983,6.03,Grus
9046,HR 9046,358.6607,-40.3001,6.03,Phoenix
9052,HR 9052,358.8910,57.4122,6.03,Cassiopeia
148,HR 148,8.8889,-54.8219,6.04,Phoenix
237,HR 237,12.8183,61.8055,6.04,Cassiopeia
367,88 Psc,18.6766,6.9951,6.04,Pisces
371,HR 371,19.0788,33.1147,6.04,Pisces
572,HR 572,30.7377,77.9163,6.04,Cepheus
816,HR 816,41.3371,4.7116,6.04,Cetus
1526,HR 1526,71.4811,-39.3566,6.04,Caelum
1534,HR 1534,72.1859,3.5885,6.04,Orion
1646,HR 1646,76.2272,-3.0397,6.04,Orion
1661,HR 1661,76.6531,-13.1226,6.04,Lepus
1991,ι Men,83.9006,-78.8208,6.04,Mensa
1938,HR 1938,85.1496,31.3582,6.04,Auriga
2001,HR 2001,86.8620,-10.5330,6.04,Orion
2028,HR 2028,88.1670,33.9175,6.04,Auriga
2111,HR 2111,90.2519,27.5724,6.04,Gemini
2129,HR 2129,90.3046,-25.4178,6.04,Lepus
2112,HR 2112,90.7025,49.9057,6.04,Auriga
2191,HR 2191,92.8663,13.6386,6.04,Orion
2268,HR 2268,94.7033,-15.0250,6.04,Canis Major
2495,HR 2495,101.3474,-23.4624,6.04,Canis Major
2839,HR 2839,111.3332,-21.9826,6.04,Canis Major
3269,HR 3269,124.9578,3.9480,6.04,Hydra
3380,HR 3380,128.5556,8.4523,6.04,Cancer
3593,HR 3593,135.0927,-43.1740,6.04,Vela
3640,79 Cnc,137.5869,21.9964,6.04,Cancer
3639,HR 3639,137.6617,30.9631,6.04,Cancer
3716,HR 3716,140.1236,-37.5817,6.04,Vela
4130,HR 4130,157.9528,-28.2371,6.04,Hydra
4136,HR 4136,157.9860,-45.0697,6.04,Vela
4172,HR 4172,159.7101,-12.4436,6.04,Hydra
4582,HR 4582,179.7953,-51.6968,6.04,Centaurus
5012,HR 5012,199.8291,-72.0356,6.04,Musca
5178,HR 5178,206.8059,-9.7095,6.04,Virgo
5456,HR 5456,219.5807,-38.7942,6.04,Centaurus
5796,HR 5796,233.9724,11.2657,6.04,Serpens
5918,HR 5918,239.0285,-39.8644,6.04,Lupus
5964,HR 5964,239.7683,49.8810,6.04,Hercules
6087,HR 6087,245.0178,21.1326,6.04,Hercules
6330,HR 6330,254.8397,56.6886,6.04,Draco
6513,HR 6513,262.9546,-46.0368,6.04,Ara
6570,HR 6570,264.1531,30.7852,6.04,Hercules
6826,HR 6826,273.2701,38.7735,6.04,Hercules
7043,Xihe,280.9004,36.5566,6.04,Lyra
7015,HR 7015,281.2980,-61.0952,6.04,Pavo
7027,HR 7027,282.4320,-72.9957,6.04,Pavo
7204,HR 7204,285.2300,33.8022,6.04,Lyra
7512,HR 7512,295.9644,34.1627,6.04,Cygnus
7538,HR 7538,297.2983,-28.7890,6.04,Sagittarius
7524,HR 7524,297.7548,-65.6051,6.04,Pavo
8010,HR 8010,313.9195,4.5327,6.04,Delphinus
8045,HR 8045,315.4387,-26.8810,6.04,Capricornus
8462,39 Aqr,333.1073,-14.1940,6.04,Aquarius
8537,HR 8537,335.7521,62.4194,6.04,Cepheus
8701,ρ Ind,343.6647,-70.0737,6.04,Indus
8877,HR 8877,350.2090,-50.3066,6.04,Grus
106,48 Psc,7.0529,16.4451,6.05,Pisces
107,HR 107,7.0835,10.1898,6.05,Pisces
185,Lam-1 Scl,10.6787,-38.4635,6.05,Sculptor
550,Tau-2 Hyi,26.9444,-80.1763,6.05,Hydrus
597,HR 597,32.3559,81.2959,6.05,Cepheus
647,HR 647,33.5103,47.4842,6.05,Andromeda
640,55 Cas,33.6213,66.5244,6.05,Cassiopeia
857,HR 857,43.1338,-12.7697,6.05,Eridanus
865,HR 865,44.1388,47.1640,6.05,Perseus
926,HR 926,46.1586,1.8636,6.05,Cetus
1185,HR 1185,57.4795,22.2442,6.05,Taurus
1221,33 Tau,59.2659,23.1756,6.05,Taurus
1245,HR 1245,59.6787,-57.1024,6.05,Reticulum
1281,HR 1281,63.4367,72.1261,6.05,Camelopardalis
1531,HR 1531,69.5906,-77.6560,6.05,Mensa
1572,HR 1572,75.5825,74.2694,6.05,Camelopardalis
1772,HR 1772,80.3203,-34.3451,6.05,Columba
1941,24 Cam,85.7570,56.5815,6.05,Camelopardalis
2254,HR 2254,94.2650,-22.7152,6.05,Canis Major
2257,4 Lyn,95.5148,59.3721,6.05,Lynx
2304,HR 2304,96.3872,23.3272,6.05,Gemini
2349,HR 2349,96.7974,-25.8565,6.05,Canis Major
2422,HR 2422,99.3502,6.1354,6.05,Monoceros
2455,HR 2455,99.9009,-23.6957,6.05,Canis Major
2576,HR 2576,103.3913,-28.5398,6.05,Canis Major
2868,HR 2868,112.3411,-14.9987,6.05,Puppis
2962,HR 2962,115.6815,34.0002,6.05,Gemini
3078,HR 3078,117.9182,-42.8882,6.05,Puppis
3104,HR 3104,119.6311,16.5187,6.05,Cancer
3115,HR 3115,119.8961,13.2422,6.05,Cancer
3341,HR 3341,126.6051,-52.8075,6.05,Vela
3329,28 Cnc,127.1533,24.1449,6.05,Cancer
3524,HR 3524,130.8012,-79.0701,6.05,Chamaeleon
3656,HR 3656,137.9206,-39.2588,6.05,Vela
3739,HR 3739,140.9972,-51.7371,6.05,Vela
3737,HR 3737,141.0678,-39.4255,6.05,Vela
3761,HR 3761,141.6839,-64.9297,6.05,Carina
3895,HR 3895,147.1668,-56.4119,6.05,Vela
3938,HR 3938,149.5318,8.3140,6.05,Leo
4006,HR 4006,153.4571,27.1358,6.05,Leo
4109,HR 4109,157.1832,-3.7424,6.05,Sextans
4230,44 LMi,162.4739,27.9739,6.05,Leo Minor
4394,HR 4394,170.8248,0.1321,6.05,Leo
4451,HR 4451,173.3118,-16.2804,6.05,Crater
4510,HR 4510,175.9797,-6.6772,6.05,Virgo
4535,HR 4535,177.3116,16.2429,6.05,Leo
4556,HR 4556,178.5479,-57.4102,6.05,Centaurus
4595,HR 4595,180.5860,-85.6318,6.05,Octans
4645,HR 4645,183.1959,-70.1518,6.05,Musca
4670,HR 4670,184.2639,-16.6937,6.05,Corvus
4744,HR 4744,187.0804,-64.3410,6.05,Crux
4770,HR 4770,187.8392,7.6043,6.05,Virgo
4965,HR 4965,197.7435,-52.5669,6.05,Centaurus
5228,HR 5228,208.5694,-28.5696,6.05,Hydra
5513,HR 5513,221.8069,-21.3249,6.05,Libra
5668,HR 5668,229.0436,-43.4850,6.05,Lupus
5807,HR 5807,234.6757,-39.1277,6.05,Lupus
5865,HR 5865,237.2101,-52.4383,6.05,Norma
6179,HR 6179,249.5065,-6.5380,6.05,Ophiuchus
6210,HR 6210,250.9483,-38.1563,6.05,Scorpius
6298,HR 6298,254.7177,-37.6205,6.05,Scorpius
6139,HR 6139,255.2435,-86.3643,6.05,Octans
6520,HR 6520,262.9349,-26.2697,6.05,Ophiuchus
6584,HR 6584,264.9897,31.2025,6.05,Hercules
6651,HR 6651,268.2051,-34.1148,6.05,Scorpius
6671,HR 6671,268.7835,-36.4756,6.05,Scorpius
6825,HR 6825,273.8782,-18.6616,6.05,Sagittarius
7240,HR 7240,286.8785,-28.6368,6.05,Sagittarius
7768,HR 7768,304.9303,-1.0785,6.05,Aquila
8086,61 Cyg,316.7274,38.7421,6.05,Cygnus
8122,HR 8122,318.7776,-17.3451,6.05,Capricornus
8169,HR 8169,320.3414,32.6127,6.05,Cygnus
151,HR 151,9.0286,-22.8423,6.06,Cetus
178,HR 178,10.4001,24.6290,6.06,Andromeda
199,HR 199,11.1316,-62.4976,6.06,Tucana
301,26 Cet,15.9543,1.3668,6.06,Cetus
876,HR 876,44.5097,38.6149,6.06,Perseus
923,HR 923,46.3376,40.5822,6.06,Perseus
1127,HR 1127,56.0268,48.5237,6.06,Perseus
1296,HR 1296,63.7575,57.4604,6.06,Camelopardalis
1397,HR 1397,66.5879,8.5903,6.06,Taurus
1447,HR 1447,68.3420,-10.7853,6.06,Eridanus
1557,HR 1557,72.5674,-41.3208,6.06,Caelum
1558,HR 1558,73.7135,44.0609,6.06,Auriga
2785,HR 2785,109.7580,-19.2803,6.06,Canis Major
2971,HR 2971,114.7513,-53.2734,6.06,Carina
3010,2 Pup,116.3714,-14.6905,6.06,Puppis
3040,HR 3040,117.7598,33.2337,6.06,Gemini
3943,HR 3943,149.4275,-48.4141,6.06,Vela
4077,43 Leo,155.7519,6.5426,6.06,Leo
4298,HR 4298,165.1700,-31.8394,6.06,Hydra
4379,HR 4379,169.3293,-67.8235,6.06,Carina
4669,HR 4669,184.2764,-65.6930,6.06,Musca
4832,HR 4832,190.7074,-55.9470,6.06,Crux
5000,HR 5000,199.1874,-65.1383,6.06,Musca
5030,HR 5030,200.7192,-72.1467,6.06,Musca
5389,HR 5389,217.4044,-76.7291,6.06,Apus
5422,HR 5422,217.4570,31.7912,6.06,Boötes
5457,HR 5457,219.7954,-46.5845,6.06,Lupus
5496,HR 5496,221.2988,-1.4175,6.06,Virgo
5562,HR 5562,224.1286,-32.6368,6.06,Centaurus
6054,HR 6054,243.7226,-25.4770,6.06,Scorpius
6124,HR 6124,246.7086,2.3479,6.06,Ophiuchus
6292,56 Her,253.7590,25.7307,6.06,Hercules
6342,HR 6342,255.9918,13.5674,6.06,Hercules
6367,HR 6367,257.0569,-1.0795,6.06,Ophiuchus
6821,HR 6821,274.2538,-51.0683,6.06,Telescopium
7073,HR 7073,281.5542,41.4418,6.06,Lyra
7081,HR 7081,281.9891,31.7568,6.06,Lyra
7423,HR 7423,290.4177,79.6028,6.06,Draco
7450,HR 7450,292.7512,70.9893,6.06,Draco
7611,HR 7611,298.3975,59.7087,6.06,Cygnus
7979,β Mic,312.9948,-33.1780,6.06,Microscopium
8017,HR 8017,314.2941,0.4638,6.06,Aquarius
8292,HR 8292,325.6373,10.8243,6.06,Pegasus
8378,HR 8378,329.6825,-21.1829,6.06,Capricornus
8639,HR 8639,340.6795,-44.2480,6.06,Grus
8994,HR 8994,356.1048,-70.4902,6.06,Tucana
8,HR 8,1.6531,29.0215,6.07,Andromeda
69,HR 69,4.5719,11.2062,6.07,Pisces
249,HR 249,13.3676,37.4182,6.07,Andromeda
344,HR 344,17.5477,15.6739,6.07,Pisces
386,HR 386,20.9451,78.7261,6.07,Cepheus
571,HR 571,28.9436,-60.8610,6.07,Hydrus
625,HR 625,32.1903,-17.7792,6.07,Cetus
757,HR 757,39.1793,31.6077,6.07,Triangulum
795,HR 795,40.4514,-3.2138,6.07,Cetus
966,HR 966,48.7357,42.5036,6.07,Perseus
1027,65 Ari,51.1088,20.8035,6.07,Aries
1277,49 Per,62.0642,37.7275,6.07,Perseus
2188,HR 2188,93.4389,51.1725,6.07,Auriga
2231,HR 2231,93.9174,6.0662,6.07,Orion
2509,12 CMa,101.7562,-21.0154,6.07,Canis Major
2710,HR 2710,107.9641,5.6547,6.07,Canis Minor
3030,HR 3030,117.2577,13.3719,6.07,Gemini
3239,HR 3239,123.5460,-32.1407,6.07,Puppis
3327,HR 3327,126.5739,-39.0590,6.07,Puppis
3483,HR 3483,131.4554,-25.3881,6.07,Pyxis
3552,17 Hya,133.8734,-7.9712,6.07,Hydra
3589,67 Cnc,135.4535,27.9026,6.07,Cancer
4007,HR 4007,152.8978,-58.8278,6.07,Carina
4018,HR 4018,153.2548,-59.9181,6.07,Carina
4108,HR 4108,157.6109,64.2577,6.07,Ursa Major
4323,HR 4323,166.6221,-58.6750,6.07,Carina
4330,HR 4330,167.4161,67.2102,6.07,Ursa Major
4631,HR 4631,182.6409,-37.8703,6.07,Centaurus
4762,75 UMa,187.5177,58.7678,6.07,Ursa Major
5096,HR 5096,202.8158,42.1062,6.07,Canes Venatici
5293,HR 5293,212.6288,-70.3055,6.07,Circinus
5295,HR 5295,212.7580,-69.7193,6.07,Circinus
5428,HR 5428,218.2902,-30.7151,6.07,Centaurus
5498,HR 5498,221.8024,-52.2053,6.07,Lupus
5656,Iot-2 Lib,228.3300,-19.6476,6.07,Libra
5732,HR 5732,231.0213,45.2710,6.07,Boötes
5911,39 Ser,238.3004,13.1966,6.07,Serpens
5965,HR 5965,240.6642,-29.1358,6.07,Scorpius
5976,43 Ser,240.9404,4.9868,6.07,Serpens
6145,HR 6145,247.8452,-26.5376,6.07,Scorpius
6208,HR 6208,250.2524,24.8587,6.07,Hercules
6193,HR 6193,250.4008,-24.4680,6.07,Ophiuchus
6230,HR 6230,251.2992,43.2172,6.07,Hercules
6232,19 Oph,251.7906,2.0645,6.07,Ophiuchus
HD152248,HD 152248,253.5419,-41.8250,6.07,Scorpius
6323,HR 6323,255.9237,-47.1606,6.07,Ara
6778,HR 6778,272.7684,-47.5131,6.07,Telescopium
6925,HR 6925,276.9597,3.7486,6.07,Ophiuchus
7013,HR 7013,279.0552,65.4887,6.07,Draco
7238,HR 7238,286.2429,30.7334,6.07,Lyra
7644,HR 7644,301.3832,-67.3209,6.07,Pavo
7911,HR 7911,309.8888,40.5797,6.07,Cygnus
HD199947,21 Cap,315.2157,-17.5309,6.07,Capricornus
8098,6 Equ,317.6305,10.0489,6.07,Equuleus
8120,HR 8120,318.3601,36.6333,6.07,Cygnus
8182,HR 8182,320.6752,30.3099,6.07,Cygnus
8273,HR 8273,324.8671,-10.5769,6.07,Capricornus
8291,76 Cyg,325.3927,40.8052,6.07,Cygnus
8683,HR 8683,342.1844,62.9384,6.07,Cepheus
8927,HR 8927,352.6648,38.6623,6.07,Andromeda
8966,θ Phe,354.8664,-46.6378,6.07,Phoenix
94,HR 94,6.1235,-2.2191,6.08,Pisces
262,67 Psc,13.9938,27.2094,6.08,Pisces
955,HR 955,47.8282,-3.8116,6.08,Eridanus
1365,HR 1365,64.6667,-52.8601,6.08,Dorado
1374,HR 1374,65.3805,-25.7286,6.08,Eridanus
1623,12 Cam,76.5506,59.0213,6.08,Camelopardalis
1701,HR 1701,78.3815,1.9677,6.08,Orion
1823,HR 1823,81.9021,-21.3757,6.08,Lepus
1884,HR 1884,84.2184,40.1824,6.08,Auriga
2119,38 Aur,90.8247,42.9116,6.08,Auriga
2206,HR 2206,92.8069,-26.4821,6.08,Lepus
2378,HR 2378,98.0970,11.6735,6.08,Monoceros
3201,HR 3201,122.8192,9.8212,6.08,Cancer
3292,HR 3292,126.2704,35.0114,6.08,Lynx
3590,HR 3590,135.3808,5.6410,6.08,Hydra
3908,HR 3908,147.9981,-16.5348,6.08,Hydra
4034,HR 4034,154.0375,-11.2034,6.08,Sextans
4186,HR 4186,159.8164,-74.4934,6.08,Carina
4263,HR 4263,163.7542,-42.2511,6.08,Vela
4634,HR 4634,182.7716,-61.2774,6.08,Crux
5269,HR 5269,210.8645,-41.4233,6.08,Centaurus
5583,HR 5583,224.7199,-4.9893,6.08,Libra
6203,HR 6203,250.2139,12.3950,6.08,Hercules
6351,HR 6351,255.9733,34.7902,6.08,Hercules
6384,HR 6384,258.5559,-56.8885,6.08,Ara
6413,HR 6413,259.1781,-6.2450,6.08,Ophiuchus
6578,HR 6578,265.0498,-2.1523,6.08,Ophiuchus
6635,HR 6635,269.4237,-76.1779,6.08,Apus
7101,8 Aql,282.8423,-3.3179,6.08,Aquila
7260,HR 7260,286.9888,16.8534,6.08,Sagitta
7412,HR 7412,292.5439,2.9041,6.08,Aquila
7455,HR 7455,295.4052,-65.8544,6.08,Pavo
7505,HR 7505,295.7900,30.6779,6.08,Cygnus
7799,HR 7799,306.4498,-40.7962,6.08,Sagittarius
7903,HR 7903,309.7944,21.8174,6.08,Vulpecula
8210,HR 8210,321.6111,19.3756,6.08,Pegasus
8441,HR 8441,332.0718,25.5435,6.08,Pegasus
8889,HR 8889,350.7364,-60.0558,6.08,Tucana
8993,HR 8993,356.0052,-45.0831,6.08,Phoenix
9011,HR 9011,356.8877,46.8326,6.08,Andromeda
9107,HR 9107,1.2236,34.6598,6.09,Andromeda
315,27 Cet,16.4037,-9.9793,6.09,Cetus
554,HR 554,28.3465,-38.5946,6.09,Fornax
578,HR 578,29.8579,12.2949,6.09,Aries
600,HR 600,29.9213,-66.0666,6.09,Hydrus
628,59 And,32.7201,39.0395,6.09,Andromeda
725,HR 725,37.3973,9.5656,6.09,Cetus
807,HR 807,40.5352,-46.5244,6.09,Eridanus
1029,HR 1029,51.4891,49.1208,6.09,Perseus
1137,HR 1137,56.1175,20.9287,6.09,Taurus
1147,HR 1147,56.8839,55.9220,6.09,Camelopardalis
1224,HR 1224,59.2572,6.0400,6.09,Taurus
1295,HR 1295,63.1306,17.2775,6.09,Taurus
1353,HR 1353,64.6562,-22.9697,6.09,Eridanus
1434,57 Per,68.3538,43.0639,6.09,Perseus
1450,HR 1450,68.5591,-6.8378,6.09,Eridanus
1500,HR 1500,71.0542,40.7865,6.09,Perseus
1537,96 Tau,72.4337,15.9042,6.09,Taurus
1588,8 Cam,74.9431,53.1555,6.09,Camelopardalis
1774,110 Tau,80.9071,16.6993,6.09,Taurus
1813,HR 1813,81.2316,-44.2257,6.09,Pictor
1978,HR 1978,86.2575,4.0081,6.09,Orion
2133,HR 2133,90.8532,11.6811,6.09,Orion
2237,HR 2237,93.8589,-9.0358,6.09,Monoceros
2230,8 Gem,94.0794,23.9700,6.09,Gemini
2436,HR 2436,99.7721,22.0309,6.09,Gemini
2664,HR 2664,106.1960,-22.0317,6.09,Canis Major
2685,HR 2685,106.5094,-38.3829,6.09,Puppis
2686,HR 2686,106.7187,-24.9606,6.09,Canis Major
2929,23 Lyn,115.2064,57.0829,6.09,Lynx
3111,HR 3111,119.2409,-42.4065,6.09,Puppis
3112,HR 3112,120.6284,63.0903,6.09,Camelopardalis
3493,HR 3493,132.0203,-6.5588,6.09,Hydra
3847,HR 3847,146.8255,79.1367,6.09,Draco
3959,HR 3959,150.9208,-9.5738,6.09,Sextans
4147,HR 4147,158.3558,-58.1901,6.09,Carina
4154,HR 4154,158.7934,-43.6646,6.09,Vela
4315,HR 4315,166.3916,-11.0889,6.09,Crater
4425,HR 4425,172.0769,-72.4740,6.09,Musca
4480,60 UMa,174.6397,46.8342,6.09,Ursa Major
4723,HR 4723,186.3267,-27.7490,6.09,Hydra
5069,HR 5069,202.2831,-64.6758,6.09,Musca
5240,HR 5240,210.1369,-78.5900,6.09,Apus
5311,HR 5311,213.4160,-54.6256,6.09,Centaurus
5539,ζ Cir,223.6774,-65.9911,6.09,Circinus
5653,HR 5653,228.2819,-36.0914,6.09,Lupus
6035,HR 6035,242.8697,16.6657,6.09,Hercules
6061,HR 6061,243.9646,-14.8491,6.09,Scorpius
6120,HR 6120,247.4384,-57.7563,6.09,Norma
6405,HR 6405,259.0901,-35.7503,6.09,Scorpius
6495,HR 6495,261.4765,16.9176,6.09,Hercules
6530,HR 6530,263.8329,-53.3529,6.09,Ara
6558,HR 6558,264.5352,-42.8803,6.09,Scorpius
6614,HR 6614,267.1586,-55.4017,6.09,Ara
6632,HR 6632,267.7960,-53.1303,6.09,Ara
6640,HR 6640,267.9357,-45.6007,6.09,Ara
6699,HR 6699,268.8485,55.9714,6.09,Draco
6803,HR 6803,272.5364,16.4766,6.09,Hercules
7151,HR 7151,284.5887,-31.0360,6.09,Sagittarius
7317,HR 7317,289.7504,-15.5366,6.09,Sagittarius
7359,HR 7359,290.6390,33.5182,6.09,Lyra
7415,HR 7415,292.6380,3.4444,6.09,Aquila
7707,HR 7707,303.6122,-63.4158,6.09,Pavo
7775,HR 7775,305.1939,-14.7849,6.09,Capricornus
7797,HR 7797,305.6555,31.2650,6.09,Cygnus
7817,HR 7817,307.1947,-35.5959,6.09,Microscopium
7838,HR 7838,308.9654,-69.6106,6.09,Pavo
8159,HR 8159,321.3251,-71.7991,6.09,Pavo
8719,HR 8719,343.9647,-31.6332,6.09,Piscis Austrinus
9014,HR 9014,357.1353,-6.3804,6.09,Aquarius
9049,HR 9049,358.8191,-31.9215,6.09,Sculptor
8310,Mu-2 Cyg,326.0326,28.7431,6.09,Cygnus
70,26 And,4.6757,43.7911,6.10,Andromeda
272,HR 272,14.4152,45.8394,6.10,Andromeda
573,HR 573,29.2494,-51.7662,6.10,Eridanus
920,HR 920,46.4173,56.0690,6.10,Perseus
1130,HR 1130,56.1705,46.0998,6.10,Perseus
1418,HR 1418,66.7748,-46.9475,6.10,Caelum
1573,HR 1573,74.0837,36.1685,6.10,Auriga
1589,HR 1589,76.1652,74.0670,6.10,Camelopardalis
1648,HR 1648,76.3488,1.1776,6.10,Orion
1801,κ Pic,80.5923,-56.1344,6.10,Pictor
1927,HR 1927,84.0119,-47.3137,6.10,Pictor
1869,HR 1869,84.0665,47.7153,6.10,Auriga
1919,HR 1919,84.2865,-11.7755,6.10,Lepus
2536,HR 2536,101.2319,-70.4338,6.10,Volans
2539,59 Aur,103.2559,38.8692,6.10,Auriga
2676,HR 2676,106.7770,4.9106,6.10,Monoceros
2720,HR 2720,108.0171,-30.8214,6.10,Canis Major
3031,HR 3031,116.3980,-56.7226,6.10,Carina
3473,HR 3473,131.2298,-21.1678,6.10,Pyxis
3544,HR 3544,132.4589,-72.5512,6.10,Volans
3629,HR 3629,136.6418,-55.8024,6.10,Vela
3655,21 Hya,138.1085,-7.1098,6.10,Hydra
3889,20 Leo,147.4587,21.1794,6.10,Leo
4111,HR 4111,157.0087,-49.4058,6.10,Vela
4149,HR 4149,158.7404,-23.1762,6.10,Hydra
4175,HR 4175,159.7096,-42.7534,6.10,Vela
4393,HR 4393,170.5963,-44.6459,6.10,Centaurus
4513,HR 4513,175.9701,-62.8783,6.10,Centaurus
4721,HR 4721,186.2856,-42.5143,6.10,Centaurus
4992,HR 4992,198.3017,18.7270,6.10,Coma Berenices
5052,HR 5052,200.9747,37.0339,6.10,Canes Venatici
5088,72 Vir,202.6072,-6.4703,6.10,Virgo
5220,HR 5220,208.0767,12.1651,6.10,Boötes
5324,HR 5324,213.7552,-29.2819,6.10,Hydra
5375,HR 5375,215.6613,-48.3199,6.10,Lupus
5436,HR 5436,217.6925,63.1858,6.10,Draco
5486,HR 5486,221.2313,-58.4775,6.10,Circinus
5488,HR 5488,221.2957,-55.6016,6.10,Circinus
5580,HR 5580,224.8633,-43.1598,6.10,Lupus
5738,HR 5738,232.1134,-51.5979,6.10,Lupus
5795,Tau-3 Ser,233.8885,17.6556,6.10,Serpens
5937,HR 5937,239.9756,-54.0209,6.10,Norma
5974,HR 5974,241.0743,-33.2137,6.10,Lupus
6244,HR 6244,252.7502,-37.5145,6.10,Scorpius
6668,HR 6668,268.6130,-34.4667,6.10,Scorpius
6834,HR 6834,274.0232,2.3775,6.10,Ophiuchus
6984,HR 6984,278.8063,34.4580,6.10,Lyra
7042,HR 7042,280.2350,62.7495,6.10,Draco
7115,HR 7115,282.9022,36.5391,6.10,Lyra
7481,HR 7481,294.9372,33.9789,6.10,Cygnus
7626,HR 7626,298.8419,58.2502,6.10,Cygnus
7809,HR 7809,306.4272,-2.8004,6.10,Aquila
7837,HR 7837,307.7679,-15.0562,6.10,Capricornus
8031,HR 8031,314.9987,-36.1296,6.10,Microscopium
8063,HR 8063,315.7701,38.6574,6.10,Cygnus
8188,γ Ind,321.5643,-54.6605,6.10,Indus
8231,HR 8231,322.7901,12.1375,6.10,Pegasus
8256,7 PsA,324.2033,-33.0479,6.10,Piscis Austrinus
8304,HR 8304,325.6617,49.6003,6.10,Cygnus
8312,HR 8312,325.6890,59.2708,6.10,Cepheus
8338,HR 8338,327.1223,38.6486,6.10,Cygnus
8457,HR 8457,332.7599,-21.2328,6.10,Aquarius
8484,HR 8484,333.8960,-44.4515,6.10,Grus
8942,HR 8942,353.4812,20.8409,6.10,Pegasus
9105,HR 9105,1.1524,42.0925,6.11,Andromeda
18,HR 18,2.1396,-17.5782,6.11,Cetus
65,HR 65,4.4294,51.4331,6.11,Cassiopeia
139,θ Tuc,8.3469,-71.2662,6.11,Tucana
214,59 Psc,11.8068,19.5787,6.11,Pisces
268,HR 268,13.9814,-27.7758,6.11,Sculptor
372,HR 372,19.2711,44.9020,6.11,Andromeda
467,HR 467,23.4135,-78.5048,6.11,Hydrus
453,HR 453,23.7116,-31.8923,6.11,Sculptor
727,HR 727,37.1477,-31.1024,6.11,Fornax
894,HR 894,45.0495,38.1317,6.11,Perseus
904,7 Eri,45.2120,-2.8786,6.11,Eridanus
960,HR 960,47.6135,-48.7342,6.11,Horologium
952,HR 952,47.8413,13.0478,6.11,Aries
1118,11 Tau,55.1930,25.3295,6.11,Taurus
1354,HR 1354,65.1046,18.7426,6.11,Taurus
1410,HR 1410,66.7372,-24.0813,6.11,Eridanus
1488,HR 1488,69.9468,-1.0525,6.11,Eridanus
1553,HR 1553,72.9308,9.9751,6.11,Orion
1597,HR 1597,73.7208,-58.5477,6.11,Dorado
1584,HR 1584,73.7284,-39.6286,6.11,Caelum
1615,HR 1615,75.8277,41.4416,6.11,Auriga
1681,HR 1681,77.5136,-0.5653,6.11,Orion
1913,HR 1913,84.3305,8.9519,6.11,Orion
2089,HR 2089,88.6713,-49.6270,6.11,Pictor
2301,HR 2301,95.8997,-9.8747,6.11,Monoceros
2437,HR 2437,99.4200,-12.9851,6.11,Canis Major
2562,HR 2562,102.5042,-60.2491,6.11,Pictor
2913,HR 2913,113.5535,-33.4634,6.11,Puppis
3051,HR 3051,117.5236,-19.5235,6.11,Puppis
3241,HR 3241,123.4946,-36.3408,6.11,Puppis
3298,HR 3298,125.2818,-64.1060,6.11,Carina
3290,21 Cnc,125.9800,10.6321,6.11,Cancer
3299,25 Cnc,126.4578,17.0463,6.11,Cancer
3417,HR 3417,128.1744,-73.3568,6.11,Volans
3794,HR 3794,143.1725,1.8642,6.11,Hydra
3946,HR 3946,149.7763,-23.9508,6.11,Hydra
3964,HR 3964,150.8358,-46.6362,6.11,Vela
4316,HR 4316,166.2672,-49.3923,6.11,Vela
4347,ψ Crt,168.1266,-18.4999,6.11,Crater
4369,HR 4369,169.2424,-7.1347,6.11,Crater
4657,HR 4657,183.7940,-10.3124,6.11,Virgo
HD109372,HD 109372,188.7269,-67.7569,6.11,Musca
4855,34 Vir,191.8068,11.9581,6.11,Virgo
4891,38 Vir,193.2965,-3.5531,6.11,Virgo
4919,HR 4919,194.2825,46.1768,6.11,Canes Venatici
5102,HR 5102,203.2009,24.3467,6.11,Coma Berenices
5119,HR 5119,204.6908,-70.4448,6.11,Musca
5212,HR 5212,208.0041,-31.6192,6.11,Centaurus
5721,8 Ser,230.9321,-1.0224,6.11,Serpens
5872,HR 5872,237.5679,-45.4017,6.11,Norma
5930,HR 5930,239.1391,-14.8294,6.11,Libra
6080,HR 6080,245.1359,-39.4303,6.11,Scorpius
6121,HR 6121,246.5474,11.4075,6.11,Hercules
6360,HR 6360,255.5657,64.6007,6.11,Draco
6363,HR 6363,256.2073,48.8040,6.11,Hercules
6559,HR 6559,263.9982,20.9962,6.11,Hercules
6809,40 Dra,270.0142,80.0008,6.11,Draco
7216,HR 7216,285.7192,19.6610,6.11,Sagitta
7265,HR 7265,287.4506,-19.8037,6.11,Sagittarius
7410,HR 7410,292.7252,-21.3122,6.11,Sagittarius
7532,HR 7532,297.0126,-13.7036,6.11,Sagittarius
7627,HR 7627,300.1103,-43.0433,6.11,Sagittarius
7746,18 Sge,304.0824,21.5987,6.11,Sagitta
7855,HR 7855,308.5487,-13.7211,6.11,Capricornus
8179,HR 8179,320.1395,60.7564,6.11,Cepheus
8224,HR 8224,321.8554,59.7501,6.11,Cepheus
8298,HR 8298,325.5348,45.7657,6.11,Cygnus
8448,HR 8448,332.1701,45.7423,6.11,Lacerta
8493,HR 8493,333.2197,73.3072,6.11,Cepheus
8604,HR 8604,339.0329,35.5775,6.11,Pegasus
8715,1 Psc,343.7479,1.0649,6.11,Pisces
8786,HR 8786,347.0983,-79.4807,6.11,Octans
56,HR 56,4.0897,43.5950,6.12,Andromeda
59,36 Psc,4.1418,8.2402,6.12,Pisces
295,ω Phe,15.5076,-57.0024,6.12,Phoenix
320,HR 320,16.5321,-23.9925,6.12,Cetus
579,HR 579,30.7937,73.8506,6.12,Cassiopeia
637,HR 637,32.6051,-50.8237,6.12,Eridanus
959,HR 959,46.9541,-69.2649,6.12,Hydrus
1076,HR 1076,52.5566,-41.3699,6.12,Eridanus
1119,HR 1119,54.9982,-1.1212,6.12,Taurus
1267,HR 1267,61.1704,-20.3819,6.12,Eridanus
1461,HR 1461,68.7529,-19.9214,6.12,Eridanus
1741,HR 1741,79.8112,20.1346,6.12,Taurus
2141,HR 2141,91.5356,35.3877,6.12,Auriga
2253,HR 2253,94.5234,14.3829,6.12,Orion
2309,HR 2309,96.0857,-12.9619,6.12,Canis Major
2734,HR 2734,108.4019,-27.3564,6.12,Canis Major
3157,HR 3157,120.3460,-54.5155,6.12,Carina
3168,14 Pup,121.1726,-19.7281,6.12,Puppis
3272,HR 3272,125.0709,-5.3299,6.12,Hydra
3276,HR 3276,125.1140,-22.9247,6.12,Puppis
3434,HR 3434,129.8422,-36.6067,6.12,Pyxis
3464,46 Cnc,131.3393,30.6978,6.12,Cancer
3529,HR 3529,133.1282,-13.2329,6.12,Hydra
3701,HR 3701,140.2474,38.1883,6.12,Lynx
3745,HR 3745,141.6871,-28.7877,6.12,Pyxis
3788,HR 3788,142.9821,-10.3703,6.12,Hydra
3801,HR 3801,143.2582,-8.5054,6.12,Hydra
3857,13 LMi,145.6781,35.0934,6.12,Leo Minor
4076,HR 4076,155.5539,-19.8666,6.12,Hydra
4249,HR 4249,163.3540,-2.2552,6.12,Leo
4303,HR 4303,165.8106,-0.7523,6.12,Leo
4353,HR 4353,168.2364,-49.7361,6.12,Centaurus
4429,HR 4429,172.9625,81.1273,6.12,Camelopardalis
5164,HR 5164,205.9382,22.7004,6.12,Boötes
5259,HR 5259,210.3294,-40.2219,6.12,Centaurus
5569,HR 5569,223.9942,32.3001,6.12,Boötes
5677,HR 5677,228.5429,42.1714,6.12,Boötes
5827,HR 5827,234.7036,34.6750,6.12,Corona Borealis
5946,HR 5946,240.2770,-54.5779,6.12,Norma
6233,HR 6233,252.9745,-65.3755,6.12,Triangulum Australe
6399,HR 6399,257.9178,49.7464,6.12,Hercules
6387,HR 6387,258.1044,-27.7621,6.12,Ophiuchus
6577,HR 6577,264.7411,13.3293,6.12,Ophiuchus
6853,HR 6853,274.2785,40.9367,6.12,Lyra
7096,HR 7096,282.0670,48.7676,6.12,Draco
7104,HR 7104,283.1544,-29.3797,6.12,Sagittarius
7271,HR 7271,288.1922,-50.4864,6.12,Telescopium
7555,HR 7555,297.3646,38.7101,6.12,Cygnus
7559,HR 7559,297.7962,-2.4610,6.12,Aquila
7699,HR 7699,301.9227,34.4229,6.12,Cygnus
7821,68 Aql,307.1038,-3.3578,6.12,Aquila
8174,HR 8174,318.3400,81.2310,6.12,Cepheus
8147,HR 8147,319.2585,53.9977,6.12,Cygnus
8205,HR 8205,321.6169,1.1034,6.12,Aquarius
8526,HR 8526,336.4627,-75.0157,6.12,Octans
8637,19 PsA,340.5920,-29.3610,6.12,Piscis Austrinus
8741,HR 8741,344.8986,-13.0709,6.12,Aquarius
8801,HR 8801,346.7919,52.8166,6.12,Andromeda
8829,HR 8829,348.5261,-62.7000,6.12,Tucana
8896,HR 8896,350.9393,-43.1244,6.12,Grus
234,HR 234,12.5760,45.0023,6.13,Andromeda
355,HR 355,18.1420,45.3375,6.13,Andromeda
425,HR 425,21.9439,-10.9016,6.13,Cetus
938,53 Ari,46.8570,17.8800,6.13,Aries
1132,14 Tau,55.9467,19.6650,6.13,Taurus
1433,HR 1433,67.3336,-46.5153,6.13,Caelum
1719,15 Cam,79.8661,58.1174,6.13,Camelopardalis
1782,HR 1782,80.9639,-0.8666,6.13,Orion
2048,HR 2048,88.5556,10.5864,6.13,Orion
2566,HR 2566,103.3410,-18.9328,6.13,Canis Major
3151,HR 3151,120.1207,-48.8718,6.13,Puppis
3289,22 Pup,125.6952,-13.0548,6.13,Puppis
3469,10 Hya,131.2553,5.6806,6.13,Hydra
3557,HR 3557,134.1543,4.2366,6.13,Hydra
3695,HR 3695,138.0512,-76.6630,6.13,Chamaeleon
3785,HR 3785,142.9125,-10.5520,6.13,Hydra
3941,HR 3941,149.2956,-52.6388,6.13,Vela
4099,HR 4099,156.5411,-42.7385,6.13,Vela
4403,HR 4403,171.0919,-42.6691,6.13,Centaurus
4539,HR 4539,177.5817,-15.8637,6.13,Crater
4568,HR 4568,178.9782,-39.6895,6.13,Centaurus
5446,HR 5446,219.1005,-39.5974,6.13,Centaurus
5472,HR 5472,220.0911,21.9759,6.13,Boötes
5620,HR 5620,226.6131,-22.0318,6.13,Libra
6013,8 Her,242.1943,17.2056,6.13,Hercules
6563,HR 6563,263.9265,37.3016,6.13,Hercules
6642,HR 6642,267.1995,19.2550,6.13,Hercules
6759,HR 6759,272.1255,-45.7670,6.13,Ara
6788,HR 6788,272.7306,-33.8001,6.13,Sagittarius
6871,HR 6871,276.3818,-63.0215,6.13,Pavo
7024,HR 7024,280.6505,-7.0737,6.13,Scutum
7350,HR 7350,291.0895,-43.7221,6.13,Sagittarius
7439,HR 7439,294.1086,-18.8529,6.13,Sagittarius
7568,HR 7568,297.6953,37.8263,6.13,Cygnus
7583,HR 7583,298.0684,36.4323,6.13,Cygnus
7733,HR 7733,303.4284,43.3790,6.13,Cygnus
7749,HR 7749,304.8241,-47.5803,6.13,Telescopium
7825,HR 7825,307.3806,-22.3916,6.13,Capricornus
8082,HR 8082,316.5978,26.9244,6.13,Vulpecula
8124,HR 8124,318.9449,-36.2107,6.13,Microscopium
8369,Kap-1 Ind,329.6253,-59.0121,6.13,Indus
8432,HR 8432,332.9796,-76.1160,6.13,Octans
8490,HR 8490,333.4571,63.1623,6.13,Cepheus
8798,HR 8798,346.8655,32.8253,6.13,Pegasus
8836,HR 8836,348.6674,-10.6887,6.13,Aquarius
8895,HR 8895,350.9771,-53.8087,6.13,Grus
9035,HR 9035,358.0975,21.6711,6.13,Pegasus
1982,HR 1982,86.1089,-22.4202,6.13,Lepus
43,HR 43,3.4349,-26.2850,6.14,Sculptor
173,HR 173,10.1366,-23.8049,6.14,Cetus
284,HR 284,14.9570,6.4832,6.14,Pisces
319,75 Psc,16.6401,12.9560,6.14,Pisces
537,HR 537,27.5839,-47.8164,6.14,Phoenix
711,HR 711,36.7802,27.0124,6.14,Aries
729,26 Ari,37.6601,19.8553,6.14,Aries
844,Gam-1 For,42.4624,-24.5603,6.14,Fornax
895,HR 895,44.6971,-9.7765,6.14,Eridanus
900,HR 900,44.7771,-28.9072,6.14,Fornax
988,14 Eri,49.1490,-9.1547,6.14,Eridanus
1000,60 Ari,50.1066,25.6627,6.14,Aries
1053,HR 1053,51.0095,-69.6246,6.14,Hydrus
1043,HR 1043,52.5456,59.3659,6.14,Camelopardalis
1085,HR 1085,53.5349,17.8328,6.14,Taurus
1236,HR 1236,59.0164,-63.4637,6.14,Reticulum
1248,HR 1248,61.6618,65.5208,6.14,Camelopardalis
1297,HR 1297,63.2135,22.4135,6.14,Taurus
1413,HR 1413,67.0152,1.8586,6.14,Taurus
1600,HR 1600,74.7476,14.5432,6.14,Orion
1626,HR 1626,76.0607,30.4946,6.14,Auriga
2006,30 Cam,88.0719,58.9641,6.14,Camelopardalis
2080,HR 2080,89.9498,54.5470,6.14,Auriga
2432,HR 2432,99.4696,4.9567,6.14,Monoceros
2440,HR 2440,99.5852,-2.5439,6.14,Monoceros
2842,HR 2842,111.1973,-37.2912,6.14,Puppis
3041,HR 3041,117.0356,-40.6524,6.14,Puppis
3092,HR 3092,118.6663,-34.8467,6.14,Puppis
3139,HR 3139,119.3032,-63.2968,6.14,Carina
3285,HR 3285,125.6257,-6.1792,6.14,Hydra
3528,HR 3528,133.4820,35.5383,6.14,Lynx
3651,HR 3651,138.0537,3.8670,6.14,Hydra
3713,HR 3713,139.4653,-67.0509,6.14,Carina
3697,HR 3697,140.1824,51.2661,6.14,Ursa Major
3760,HR 3760,142.3518,-2.2052,6.14,Hydra
3971,HR 3971,150.8922,-61.8840,6.14,Carina
3992,HR 3992,152.3826,-35.8568,6.14,Antlia
4474,HR 4474,174.4709,50.6182,6.14,Ursa Major
4610,HR 4610,181.4156,62.9331,6.14,Ursa Major
4881,HR 4881,192.9913,-26.7383,6.14,Hydra
5092,HR 5092,203.0225,-38.3988,6.14,Centaurus
5234,HR 5234,209.0832,-54.1324,6.14,Centaurus
5246,HR 5246,209.3655,-23.0226,6.14,Hydra
5310,HR 5310,212.8130,32.2959,6.14,Boötes
5716,HR 5716,230.1736,44.4344,6.14,Boötes
5703,ο Lib,230.2557,-15.5483,6.14,Libra
5898,HR 5898,238.7193,-60.7437,6.14,Triangulum Australe
6049,HR 6049,243.8498,-42.8994,6.14,Norma
6068,HR 6068,243.9472,27.4221,6.14,Corona Borealis
6089,HR 6089,246.3423,-63.1252,6.14,Triangulum Australe
6209,HR 6209,250.9753,-41.1133,6.14,Scorpius
6470,HR 6470,261.2611,-34.6961,6.14,Scorpius
6655,HR 6655,267.7016,22.3163,6.14,Hercules
6657,HR 6657,268.3316,-34.7308,6.14,Scorpius
6747,HR 6747,271.1557,1.9190,6.14,Ophiuchus
6820,HR 6820,273.3190,21.8803,6.14,Hercules
6873,HR 6873,275.3683,5.4357,6.14,Serpens
6889,HR 6889,276.3403,-35.9920,6.14,Sagittarius
7144,HR 7144,284.1067,2.4712,6.14,Serpens
7159,HR 7159,284.6035,-22.5295,6.14,Sagittarius
7388,HR 7388,292.4692,-55.4418,6.14,Telescopium
7491,HR 7491,295.9067,-37.5388,6.14,Sagittarius
7530,HR 7530,296.4640,35.0128,6.14,Cygnus
7547,HR 7547,296.8618,47.9076,6.14,Cygnus
7598,HR 7598,298.6675,7.1404,6.14,Aquila
7651,HR 7651,299.8139,52.0557,6.14,Cygnus
7687,HR 7687,301.2781,51.8394,6.14,Cygnus
7803,HR 7803,306.1562,1.0684,6.14,Aquila
7860,HR 7860,307.9438,56.7799,6.14,Cygnus
8090,HR 8090,317.1173,6.9894,6.14,Equuleus
8226,HR 8226,322.2197,55.4187,6.14,Cepheus
8359,HR 8359,328.4907,6.8648,6.14,Pegasus
8492,HR 8492,334.1561,-25.8982,6.14,Piscis Austrinus
8648,HR 8648,340.5867,53.9087,6.14,Lacerta
8682,HR 8682,342.1995,54.4149,6.14,Lacerta
8689,HR 8689,343.0416,-63.1887,6.14,Tucana
115,HR 115,7.4662,-14.8641,6.15,Cetus
202,HR 202,11.2494,-53.7149,6.15,Phoenix
201,HR 201,11.3505,-4.6292,6.15,Cetus
203,18 Cet,11.3695,-12.8808,6.15,Cetus
255,21 Cet,13.5733,-8.7407,6.15,Cetus
428,HR 428,22.7169,66.0981,6.15,Cassiopeia
593,σ Hyi,28.9596,-78.3485,6.15,Hydrus
821,HR 821,41.0441,-52.5706,6.15,Horologium
877,HR 877,44.2691,4.5010,6.15,Cetus
950,HR 950,48.0398,42.3759,6.15,Perseus
973,HR 973,49.0185,45.3461,6.15,Perseus
1362,HR 1362,65.1610,-6.2460,6.15,Eridanus
1358,HR 1358,65.2197,13.8644,6.15,Taurus
1595,HR 1595,74.4362,-14.2319,6.15,Eridanus
1662,13 Ori,76.9096,9.4718,6.15,Orion
1688,HR 1688,78.7975,59.4057,6.15,Camelopardalis
1717,HR 1717,78.8271,-1.4090,6.15,Orion
1728,17 Aur,79.5787,33.7673,6.15,Auriga
HD36558,HD 36558,83.1582,0.0119,6.15,Orion
1857,19 Cam,84.3128,64.1547,6.15,Camelopardalis
1926,Nu-1 Col,84.3188,-27.8714,6.15,Columba
1965,HR 1965,85.5603,-17.5304,6.15,Lepus
2107,1 Mon,89.7545,-9.3822,6.15,Monoceros
2171,Pi-1 Col,91.6710,-42.2988,6.15,Columba
2147,HR 2147,91.8615,41.8543,6.15,Auriga
2195,HR 2195,92.7551,-6.7542,6.15,Monoceros
2410,HR 2410,97.7944,-61.8795,6.15,Pictor
2468,HR 2468,99.5016,-61.5334,6.15,Pictor
2677,HR 2677,106.3834,-34.7777,6.15,Puppis
2713,HR 2713,108.0312,5.4743,6.15,Canis Minor
3177,HR 3177,121.4370,-33.5694,6.15,Puppis
3253,HR 3253,123.9951,-35.9032,6.15,Puppis
3286,HR 3286,125.3508,-39.6207,6.15,Puppis
3637,HR 3637,137.1814,-26.7676,6.15,Pyxis
3766,HR 3766,142.3175,-38.4035,6.15,Antlia
3872,HR 3872,145.8650,-51.2281,6.15,Vela
4097,HR 4097,156.7520,19.3645,6.15,Leo
4223,43 LMi,162.2385,29.4161,6.15,Leo Minor
4296,HR 4296,165.0346,-51.8178,6.15,Vela
4445,HR 4445,173.0970,-26.7468,6.15,Hydra
4533,HR 4533,177.2553,-0.3187,6.15,Virgo
4675,HR 4675,184.4470,-36.0940,6.15,Centaurus
4749,HR 4749,187.1404,-56.4078,6.15,Crux
4953,HR 4953,196.5953,62.0419,6.15,Ursa Major
5342,HR 5342,214.1257,-3.1963,6.15,Virgo
5507,HR 5507,221.3358,18.8850,6.15,Boötes
5524,HR 5524,222.0973,24.3669,6.15,Boötes
5522,HR 5522,222.2254,-0.8477,6.15,Libra
5529,HR 5529,222.2783,37.8112,6.15,Boötes
5752,HR 5752,232.1850,47.2015,6.15,Boötes
5858,Tau-8 Ser,236.1756,17.2642,6.15,Serpens
5910,HR 5910,238.6255,-27.3386,6.15,Scorpius
6005,HR 6005,241.8424,21.8226,6.15,Serpens
6296,HR 6296,254.3583,-10.9634,6.15,Ophiuchus
6347,HR 6347,256.6182,-35.4510,6.15,Scorpius
6560,HR 6560,263.3817,57.5587,6.15,Draco
6864,HR 6864,275.5006,-28.4300,6.15,Sagittarius
6898,HR 6898,276.2384,-1.5794,6.15,Serpens
7232,HR 7232,286.7187,-37.8107,6.15,Corona Australis
7654,HR 7654,299.6197,63.5341,6.15,Draco
7698,HR 7698,306.2284,-83.3106,6.15,Octans
8155,HR 8155,319.7305,41.0405,6.15,Cygnus
8145,HR 8145,320.0395,-45.0219,6.15,Indus
8581,HR 8581,337.8263,-6.5552,6.15,Aquarius
8580,HR 8580,337.8267,-2.9113,6.15,Aquarius
8577,HR 8577,338.8600,-78.7716,6.15,Octans
8732,HR 8732,344.6459,-35.5232,6.15,Piscis Austrinus
8783,HR 8783,346.3036,-17.0792,6.15,Aquarius
8855,HR 8855,349.5834,-67.4712,6.15,Indus
101,10 Cet,6.6559,-0.0495,6.16,Cetus
388,HR 388,20.1159,-11.2390,6.16,Cetus
709,66 And,36.9657,50.5700,6.16,Andromeda
1344,HR 1344,65.0415,31.9532,6.16,Perseus
1692,HR 1692,78.6845,53.2139,6.16,Auriga
1923,HR 1923,84.4724,-4.8140,6.16,Orion
2036,HR 2036,87.8692,-22.9269,6.16,Lepus
2179,HR 2179,92.4010,-5.7114,6.16,Monoceros
2325,HR 2325,96.6435,-4.5974,6.16,Monoceros
2342,HR 2342,97.0784,10.3039,6.16,Monoceros
2373,HR 2373,97.6453,-13.1482,6.16,Canis Major
2475,HR 2475,100.3090,-40.3498,6.16,Puppis
2517,HR 2517,102.2652,1.0021,6.16,Monoceros
2557,HR 2557,103.8111,43.9100,6.16,Auriga
2936,HR 2936,114.9754,32.0097,6.16,Gemini
2976,HR 2976,115.3480,-22.3367,6.16,Puppis
3038,HR 3038,116.0545,-69.8216,6.16,Volans
3054,HR 3054,117.7302,-11.1286,6.16,Monoceros
3093,HR 3093,119.0996,4.4856,6.16,Canis Minor
3379,HR 3379,129.9276,73.6297,6.16,Camelopardalis
3618,HR 3618,136.7498,1.4627,6.16,Hydra
3707,HR 3707,140.3632,32.9022,6.16,Cancer
4010,HR 4010,153.0956,-52.1632,6.16,Vela
4038,HR 4038,153.8194,-54.9742,6.16,Vela
4070,42 Leo,155.4596,14.9758,6.16,Leo
4279,HR 4279,164.3158,-75.0998,6.16,Carina
4290,HR 4290,164.8084,-61.3207,6.16,Carina
HD96088,HD 96088,166.0010,-57.9553,6.16,Carina
4524,HR 4524,176.7793,-35.9069,6.16,Centaurus
4592,HR 4592,180.3718,-57.5038,6.16,Crux
4628,HR 4628,182.5106,-34.7047,6.16,Hydra
4694,HR 4694,185.0740,26.0019,6.16,Coma Berenices
4841,HR 4841,191.2586,-68.8308,6.16,Musca
4991,HR 4991,198.4905,-43.1391,6.16,Centaurus
5156,HR 5156,205.5532,8.3884,6.16,Boötes
5243,HR 5243,208.9583,14.0565,6.16,Boötes
5280,HR 5280,210.7490,50.9718,6.16,Ursa Major
5631,HR 5631,226.9180,5.4980,6.16,Virgo
5639,HR 5639,227.2230,13.2352,6.16,Boötes
5701,28 Lib,230.2237,-18.1587,6.16,Libra
5979,HR 5979,241.8504,-56.1910,6.16,Norma
6167,HR 6167,249.7196,-60.9904,6.16,Ara
6259,HR 6259,252.6798,32.5537,6.16,Hercules
6348,HR 6348,255.3206,60.6488,6.16,Draco
6522,HR 6522,263.1026,-34.2794,6.16,Scorpius
6609,61 Oph,266.1421,2.5794,6.16,Ophiuchus
7025,HR 7025,276.0383,83.1754,6.16,Draco
7569,HR 7569,298.0143,11.6283,6.16,Aquila
7634,HR 7634,299.0793,56.6870,6.16,Cygnus
7684,HR 7684,301.1200,48.2297,6.16,Cygnus
7793,HR 7793,305.7182,14.5511,6.16,Delphinus
8275,HR 8275,324.4117,54.0422,6.16,Cygnus
8290,HR 8290,325.1804,54.8721,6.16,Cygnus
8421,HR 8421,331.3188,46.7448,6.16,Lacerta
8495,HR 8495,334.1402,-1.5964,6.16,Aquarius
8553,HR 8553,336.8604,39.8100,6.16,Lacerta
8788,HR 8788,346.5756,18.5178,6.16,Pegasus
54,HR 54,3.7427,-34.9042,6.17,Sculptor
405,HR 405,21.1664,-15.6605,6.17,Cetus
406,HR 406,21.2028,-2.8486,6.17,Cetus
443,HR 443,22.9125,-45.5757,6.17,Phoenix
679,HR 679,35.1730,47.3108,6.17,Andromeda
706,HR 706,36.1410,-40.8405,6.17,Phoenix
735,HR 735,37.6366,-22.5453,6.17,Cetus
751,HR 751,38.7672,7.4710,6.17,Cetus
861,HR 861,44.1027,64.3324,6.17,Cassiopeia
974,HR 974,48.4081,-29.8041,6.17,Fornax
983,HR 983,49.0036,-5.9187,6.17,Eridanus
1183,HR 1183,57.4314,23.7119,6.17,Taurus
1675,HR 1675,78.2618,61.8500,6.17,Camelopardalis
1794,HR 1794,81.7263,35.4573,6.17,Auriga
1943,23 Cam,86.0352,61.4765,6.17,Camelopardalis
1885,HR 1885,90.3341,85.1821,6.17,Cepheus
2355,HR 2355,97.3117,2.6462,6.17,Monoceros
2370,HR 2370,97.7898,11.2514,6.17,Monoceros
2430,HR 2430,99.4180,2.7042,6.17,Monoceros
2644,HR 2644,106.4159,52.7586,6.17,Lynx
2810,58 Gem,110.8672,22.9453,6.17,Gemini
2982,HR 2982,115.7726,0.1893,6.17,Canis Minor
3050,HR 3050,117.6975,3.2773,6.17,Canis Minor
3516,HR 3516,132.5902,-28.6176,6.17,Pyxis
3558,HR 3558,134.2845,17.1438,6.17,Cancer
4029,HR 4029,153.8370,-36.5177,6.17,Antlia
4269,HR 4269,164.0702,22.3517,6.17,Leo
4491,HR 4491,174.9597,-16.6202,6.17,Crater
4553,HR 4553,178.3617,-35.0666,6.17,Hydra
4999,HR 4999,198.7894,-36.3714,6.17,Centaurus
5043,HR 5043,200.7860,-33.1899,6.17,Centaurus
5066,HR 5066,202.1951,-69.6272,6.17,Musca
5224,HR 5224,208.4671,-35.3144,6.17,Centaurus
5572,HR 5572,224.6523,-39.9072,6.17,Centaurus
6198,HR 6198,249.2291,63.0728,6.17,Draco
6177,HR 6177,250.2102,-60.4464,6.17,Ara
6379,HR 6379,255.4170,75.2975,6.17,Ursa Minor
6412,HR 6412,259.0594,2.1862,6.17,Ophiuchus
6474,HR 6474,261.2760,-24.2437,6.17,Ophiuchus
6475,HR 6475,261.7348,-51.9488,6.17,Ara
6666,HR 6666,268.2647,-10.8996,6.17,Serpens
6828,HR 6828,274.9171,-63.8866,6.17,Pavo
7097,HR 7097,283.2496,-46.5863,6.17,Telescopium
7095,HR 7095,283.2598,-48.3609,6.17,Telescopium
7492,HR 7492,295.1715,43.0778,6.17,Cygnus
7636,HR 7636,299.8443,1.3777,6.17,Aquila
7778,HR 7778,305.0855,14.5693,6.17,Delphinus
7938,HR 7938,310.6654,60.6013,6.17,Cepheus
8036,HR 8036,314.6290,41.9399,6.17,Cygnus
8144,HR 8144,319.3466,42.6836,6.17,Cygnus
8242,HR 8242,322.8644,52.6199,6.17,Cygnus
8259,HR 8259,323.6144,51.6985,6.17,Cygnus
8234,HR 8234,324.7341,-79.4426,6.17,Octans
8332,HR 8332,326.9093,-5.9168,6.17,Aquarius
8374,HR 8374,328.8358,61.5418,6.17,Cepheus
8362,π Ind,329.0585,-57.8996,6.17,Indus
8443,HR 8443,331.8566,53.3074,6.17,Lacerta
8497,HR 8497,334.2493,-23.1402,6.17,Aquarius
8733,HR 8733,344.4197,39.3088,6.17,Lacerta
8734,HR 8734,344.5648,-2.3954,6.17,Pisces
8879,HR 8879,350.1704,-5.9080,6.17,Aquarius
9079,HR 9079,0.1289,59.5597,6.18,Cassiopeia
14,HR 14,2.0504,-2.4477,6.18,Pisces
36,HR 36,2.9961,48.1524,6.18,Andromeda
119,HR 119,7.6159,-40.9396,6.18,Phoenix
112,HR 112,7.7266,77.0194,6.18,Cassiopeia
121,13 Cas,7.8550,66.5196,6.18,Cassiopeia
156,HR 156,9.2800,24.0141,6.18,Andromeda
181,HR 181,10.6293,58.7534,6.18,Cassiopeia
407,HR 407,21.3987,23.5115,6.18,Pisces
468,HR 468,24.1866,-58.2710,6.18,Hydrus
499,HR 499,26.0748,57.5366,6.18,Cassiopeia
524,HR 524,26.8196,-41.7599,6.18,Phoenix
943,HR 943,46.9619,-27.8312,6.18,Fornax
1110,HR 1110,54.8573,16.5367,6.18,Taurus
1160,HR 1160,57.0753,50.7368,6.18,Perseus
1225,HR 1225,59.1581,-9.7508,6.18,Eridanus
1352,HR 1352,65.7414,59.6162,6.18,Camelopardalis
1419,HR 1419,67.6600,32.4578,6.18,Perseus
1499,95 Tau,70.8073,24.0889,6.18,Taurus
1525,HR 1525,71.6073,-28.0874,6.18,Eridanus
1803,HR 1803,81.4459,0.5202,6.18,Orion
1796,HR 1796,81.7137,33.2623,6.18,Auriga
1809,HR 1809,81.8079,15.2576,6.18,Orion
2059,HR 2059,82.5580,-84.7851,6.18,Mensa
1972,HR 1972,85.5483,-30.5354,6.18,Columba
2000,HR 2000,86.7825,-16.2381,6.18,Lepus
1976,HR 1976,87.2694,62.8082,6.18,Camelopardalis
2110,HR 2110,90.2919,31.0345,6.18,Auriga
2202,HR 2202,92.9322,-4.6654,6.18,Monoceros
2416,HR 2416,98.3596,-52.3292,6.18,Carina
2474,HR 2474,100.7776,3.0338,6.18,Monoceros
2931,HR 2931,114.8000,24.2225,6.18,Gemini
3021,82 Gem,117.1402,23.1410,6.18,Gemini
3179,HR 3179,121.3346,-46.9784,6.18,Vela
3271,HR 3271,125.0542,-0.9093,6.18,Hydra
3348,HR 3348,127.8332,37.2649,6.18,Lynx
3411,HR 3411,129.3632,-4.9340,6.18,Hydra
3831,HR 3831,144.1059,-48.7512,6.18,Vela
3837,HR 3837,144.1931,-52.9437,6.18,Vela
3859,HR 3859,146.1525,64.9841,6.18,Ursa Major
3949,HR 3949,149.2493,-69.1018,6.18,Carina
3966,HR 3966,150.7498,-60.1787,6.18,Carina
4008,HR 4008,153.7819,59.9855,6.18,Ursa Major
4105,HR 4105,156.1856,-73.9717,6.18,Carina
4093,HR 4093,156.3217,-42.4674,6.18,Vela
4272,HR 4272,164.9874,77.7702,6.18,Draco
4478,HR 4478,174.5410,8.8838,6.18,Virgo
4580,HR 4580,179.7639,0.5307,6.18,Virgo
4654,HR 4654,183.6809,53.4346,6.18,Ursa Major
4911,HR 4911,193.9719,-15.3270,6.18,Corvus
4980,HR 4980,198.2321,-59.8166,6.18,Centaurus
5016,HR 5016,199.6453,-51.2858,6.18,Centaurus
5038,HR 5038,200.7188,-47.9432,6.18,Centaurus
5086,HR 5086,202.5003,7.1789,6.18,Virgo
5170,85 Vir,206.3961,-15.7675,6.18,Virgo
5270,HR 5270,210.6327,9.6861,6.18,Boötes
5268,HR 5268,210.7572,-31.6840,6.18,Centaurus
5286,HR 5286,211.5455,-43.0917,6.18,Centaurus
5368,HR 5368,214.9206,0.3843,6.18,Virgo
5406,104 Vir,216.8516,-6.1203,6.18,Virgo
5536,HR 5536,222.7504,-0.2575,6.18,Virgo
5611,HR 5611,226.9865,-65.2754,6.18,Triangulum Australe
5672,HR 5672,227.6850,67.7810,6.18,Ursa Minor
5662,26 Lib,228.6407,-17.7686,6.18,Libra
5688,HR 5688,229.6721,-31.2093,6.18,Lupus
6006,HR 6006,242.3823,-32.6490,6.18,Scorpius
6067,HR 6067,244.2304,-3.9533,6.18,Ophiuchus
6226,HR 6226,250.7435,55.6901,6.18,Draco
6240,HR 6240,252.3653,-15.6680,6.18,Ophiuchus
6256,HR 6256,252.4190,43.4304,6.18,Hercules
6283,HR 6283,254.1499,-40.8235,6.18,Scorpius
6338,HR 6338,256.4520,-44.1050,6.18,Scorpius
6611,HR 6611,266.0719,14.4101,6.18,Hercules
6617,HR 6617,266.9400,-22.4778,6.18,Sagittarius
6661,HR 6661,268.1613,-6.1436,6.18,Ophiuchus
6672,HR 6672,268.7252,-24.8871,6.18,Sagittarius
6737,HR 6737,270.3996,33.3113,6.18,Hercules
6763,HR 6763,271.3756,21.6466,6.18,Hercules
6835,HR 6835,274.3504,-28.6521,6.18,Sagittarius
7060,HR 7060,280.8709,53.8718,6.18,Draco
7067,HR 7067,281.6723,18.7059,6.18,Hercules
7308,HR 7308,288.9979,27.9263,6.18,Lyra
7535,HR 7535,296.6459,32.8886,6.18,Cygnus
7621,HR 7621,300.1056,-49.3509,6.18,Telescopium
7683,HR 7683,301.2906,38.4785,6.18,Cygnus
7694,HR 7694,302.1303,-10.0626,6.18,Capricornus
8062,HR 8062,315.6008,44.7910,6.18,Cygnus
8083,HR 8083,316.9362,-17.4559,6.18,Capricornus
8081,HR 8081,317.8370,-72.5444,6.18,Pavo
8126,HR 8126,318.5428,29.9010,6.18,Cygnus
8274,HR 8274,324.6882,25.4988,6.18,Pegasus
8330,HR 8330,326.7698,17.1940,6.18,Pegasus
8347,HR 8347,327.3292,61.2728,6.18,Cepheus
8367,HR 8367,329.2590,-37.7468,6.18,Grus
8455,HR 8455,332.5792,19.6163,6.18,Pegasus
8514,HR 8514,335.2325,8.1867,6.18,Pegasus
8535,HR 8535,335.7507,57.2846,6.18,Cepheus
8536,HR 8536,335.9759,38.5736,6.18,Lacerta
8763,82 Aqr,345.6357,-6.5740,6.18,Aquarius
8794,HR 8794,347.1482,-73.5861,6.18,Indus
8900,HR 8900,351.0327,-18.6880,6.18,Aquarius
8950,HR 8950,353.6947,38.0240,6.18,Andromeda
9055,HR 9055,359.1729,22.6481,6.18,Pegasus
9,HR 9,1.7087,-23.1075,6.19,Cetus
67,HR 67,4.4487,1.6887,6.19,Pisces
259,HR 259,13.8111,24.5571,6.19,Pisces
745,HR 745,38.4176,-20.0019,6.19,Cetus
768,HR 768,39.5743,37.7267,6.19,Andromeda
1117,HR 1117,54.8559,-10.4373,6.19,Eridanus
1222,HR 1222,59.3599,24.4619,6.19,Taurus
1882,HR 1882,82.5661,-63.9277,6.19,Dorado
1860,HR 1860,83.4118,20.4742,6.19,Taurus
1844,HR 1844,84.9322,75.0439,6.19,Camelopardalis
2023,HR 2023,86.8055,-54.3607,6.19,Pictor
2390,HR 2390,97.7496,-40.9163,6.19,Columba
2458,HR 2458,100.3218,11.0032,6.19,Monoceros
2510,HR 2510,101.5506,-37.7753,6.19,Puppis
2675,HR 2675,107.1510,37.4451,6.19,Auriga
2757,HR 2757,109.5170,30.9559,6.19,Gemini
3381,HR 3381,128.2702,-24.6070,6.19,Pyxis
3567,HR 3567,134.4251,9.3878,6.19,Cancer
3584,HR 3584,134.9163,-19.2080,6.19,Hydra
HD79091,HD 79091,137.4879,-52.0829,6.19,Vela
3746,HR 3746,141.6186,-40.5017,6.19,Vela
3791,9 LMi,143.3765,36.4869,6.19,Leo Minor
4129,HR 4129,157.5367,-66.9847,6.19,Carina
4254,48 LMi,163.6757,25.4907,6.19,Leo Minor
4312,η Oct,164.8089,-84.5939,6.19,Octans
4772,HR 4772,187.9113,-5.0526,6.19,Virgo
4982,HR 4982,198.2118,-42.6997,6.19,Centaurus
5197,HR 5197,207.5271,-29.0813,6.19,Hydra
5233,HR 5233,208.7425,-8.0589,6.19,Virgo
5294,HR 5294,212.2162,-43.4708,6.19,Centaurus
5360,HR 5360,214.3381,51.3074,6.19,Boötes
5394,HR 5394,216.0761,8.0846,6.19,Boötes
5673,HR 5673,228.3983,38.2647,6.19,Boötes
5689,HR 5689,229.8822,-37.0972,6.19,Lupus
5801,HR 5801,234.3687,-26.2799,6.19,Libra
5757,HR 5757,234.8274,-77.9180,6.19,Apus
5995,HR 5995,240.7890,59.4107,6.19,Draco
6346,61 Her,255.8759,35.4140,6.19,Hercules
6352,HR 6352,256.1723,19.5991,6.19,Hercules
HD160042,HD 160042,264.6869,-21.9127,6.19,Ophiuchus
6650,HR 6650,267.6817,11.9465,6.19,Ophiuchus
6649,HR 6649,268.2190,-41.9965,6.19,Scorpius
6861,HR 6861,275.3807,-24.9153,6.19,Sagittarius
6919,HR 6919,276.9853,-17.8004,6.19,Sagittarius
7079,HR 7079,282.0683,23.5147,6.19,Hercules
7109,HR 7109,283.0080,13.9656,6.19,Hercules
7313,HR 7313,289.4508,2.0317,6.19,Aquila
7386,HR 7386,291.3574,24.9128,6.19,Vulpecula
7434,HR 7434,294.6081,-57.9833,6.19,Pavo
7692,HR 7692,301.3396,56.3414,6.19,Cygnus
7930,HR 7930,307.2618,83.6254,6.19,Draco
7876,HR 7876,308.7100,51.8542,6.19,Cygnus
7865,HR 7865,308.8844,-16.5259,6.19,Capricornus
8272,HR 8272,324.3662,44.6966,6.19,Cygnus
8265,3 Peg,324.4318,6.6184,6.19,Pegasus
8346,HR 8346,327.9239,-18.6229,6.19,Capricornus
8429,HR 8429,331.5511,45.2487,6.19,Lacerta
8464,HR 8464,333.2395,-26.3278,6.19,Piscis Austrinus
8510,HR 8510,334.7342,37.7693,6.19,Lacerta
8676,70 Aqr,342.1259,-10.5555,6.19,Aquarius
8687,HR 8687,342.2531,68.5702,6.19,Cepheus
8827,60 Peg,347.9550,26.8473,6.19,Pegasus
8925,HR 8925,352.5309,49.1331,6.19,Andromeda
10,HR 10,1.8261,-17.3870,6.20,Cetus
260,HR 260,14.0540,57.9966,6.20,Cassiopeia
303,HR 303,16.1151,29.6588,6.20,Pisces
306,HR 306,19.0526,87.1455,6.20,Cepheus
454,HR 454,24.1134,48.7228,6.20,Andromeda
484,HR 484,25.3265,25.7457,6.20,Pisces
494,HR 494,25.3638,-38.1328,6.20,Sculptor
507,HR 507,25.9783,-4.7655,6.20,Cetus
723,HR 723,37.3070,23.4690,6.20,Aries
913,HR 913,45.5386,-6.4945,6.20,Eridanus
1024,HR 1024,50.8238,-7.7941,6.20,Eridanus
1093,HR 1093,53.4866,-31.0801,6.20,Fornax
1594,HR 1594,75.7099,66.8230,6.20,Camelopardalis
1633,HR 1633,76.0899,21.2779,6.20,Taurus
1644,HR 1644,76.7065,43.1747,6.20,Auriga
1755,HR 1755,80.2359,19.8143,6.20,Taurus
1822,HR 1822,82.4194,29.1865,6.20,Auriga
2136,HR 2136,90.6409,-14.4972,6.20,Lepus
2577,HR 2577,103.6752,-1.7565,6.20,Monoceros
2601,39 Gem,104.6976,26.0811,6.20,Gemini
2636,HR 2636,105.4705,-1.3459,6.20,Monoceros
2826,HR 2826,111.0718,-22.9128,6.20,Canis Major
2955,HR 2955,114.6356,-38.7815,6.20,Puppis
3012,HR 3012,115.7223,-58.2301,6.20,Carina
3365,32 Lyn,128.3406,36.4364,6.20,Lynx
3489,HR 3489,131.2731,-58.7243,6.20,Carina
3470,HR 3470,132.2053,66.7081,6.20,Ursa Major
3597,HR 3597,135.2976,-26.6637,6.20,Pyxis
3719,HR 3719,141.9651,75.0983,6.20,Draco
3955,HR 3955,150.4197,-53.3641,6.20,Vela
3957,HR 3957,150.4920,-57.3498,6.20,Carina
3973,14 Sex,151.6976,5.6115,6.20,Sextans
4045,HR 4045,154.1673,-51.2046,6.20,Vela
4122,HR 4122,157.7448,-7.6376,6.20,Sextans
4383,HR 4383,170.2239,67.1007,6.20,Ursa Major
4571,HR 4571,179.2656,-33.3155,6.20,Hydra
4653,HR 4653,183.5705,-64.4085,6.20,Crux
4692,HR 4692,185.1177,-65.8427,6.20,Musca
4767,HR 4767,187.7089,53.0766,6.20,Ursa Major
4797,HR 4797,188.9950,-20.5275,6.20,Corvus
4926,HR 4926,195.1613,18.3730,6.20,Coma Berenices
4956,HR 4956,196.9735,27.5560,6.20,Coma Berenices
5018,HR 5018,199.1194,68.4080,6.20,Draco
5024,HR 5024,200.1460,-59.7728,6.20,Centaurus
5242,HR 5242,209.6303,-65.8007,6.20,Circinus
5278,HR 5278,211.4437,-54.6694,6.20,Centaurus
5455,HR 5455,219.2491,-12.3053,6.20,Libra
5555,HR 5555,224.9824,-75.0327,6.20,Apus
5749,HR 5749,232.6510,-20.7286,6.20,Libra
5896,HR 5896,237.9100,-14.1336,6.20,Libra
6391,63 Her,257.7632,24.2377,6.20,Hercules
6403,HR 6403,258.9640,-30.2107,6.20,Scorpius
6496,HR 6496,261.7590,-12.5125,6.20,Serpens
7076,HR 7076,282.0111,4.2414,6.20,Serpens
7143,HR 7143,284.0944,-1.7999,6.20,Aquila
7179,HR 7179,284.6941,40.6792,6.20,Lyra
7284,HR 7284,287.8465,40.4291,6.20,Lyra
7686,69 Dra,299.9028,76.4814,6.20,Draco
7706,HR 7706,303.0994,-42.7801,6.20,Sagittarius
7771,HR 7771,304.8721,13.2168,6.20,Delphinus
7802,HR 7802,305.7313,42.9835,6.20,Cygnus
7824,HR 7824,307.0700,2.9372,6.20,Delphinus
7854,HR 7854,307.8381,52.3095,6.20,Cygnus
7964,HR 7964,312.3356,-18.0359,6.20,Capricornus
7975,HR 7975,312.4962,5.5446,6.20,Delphinus
8117,HR 8117,318.8099,-40.5061,6.20,Microscopium
8194,HR 8194,321.0310,25.3124,6.20,Vulpecula
8269,HR 8269,324.9989,-52.3590,6.20,Indus
8349,HR 8349,327.7707,39.5367,6.20,Cygnus
8532,33 Peg,335.9148,20.8482,6.20,Pegasus
8710,78 Aqr,343.6422,-7.2046,6.20,Aquarius
8921,HR 8921,352.2528,-9.2661,6.20,Aquarius
2366,HR 2366,97.7921,17.4664,6.20,Gemini
17,HR 17,2.1707,36.6271,6.21,Andromeda
392,HR 392,20.6540,1.7263,6.21,Cetus
401,44 Cet,21.0106,-8.0074,6.21,Cetus
671,HR 671,34.7951,46.4723,6.21,Andromeda
731,27 Ari,37.7266,17.7039,6.21,Aries
775,HR 775,39.6534,3.4432,6.21,Cetus
817,HR 817,41.0856,-32.5247,6.21,Fornax
1047,HR 1047,52.3595,46.9379,6.21,Perseus
1186,HR 1186,56.9567,-36.1058,6.21,Eridanus
1206,HR 1206,58.3039,-18.4344,6.21,Eridanus
1477,HR 1477,69.8465,25.2183,6.21,Taurus
1587,HR 1587,76.0532,73.7639,6.21,Camelopardalis
1837,HR 1837,82.5830,4.2048,6.21,Orion
1925,HR 1925,85.3347,53.4811,6.21,Auriga
2097,HR 2097,89.5488,-0.9940,6.21,Orion
2118,HR 2118,90.0736,-12.9000,6.21,Lepus
2096,HR 2096,90.0788,44.5920,6.21,Auriga
2464,HR 2464,100.8072,37.1474,6.21,Auriga
2897,HR 2897,113.3424,-14.3383,6.21,Puppis
3118,HR 3118,119.3336,-47.8907,6.21,Puppis
3158,HR 3158,121.1888,18.8420,6.21,Cancer
3164,HR 3164,121.4044,27.5297,6.21,Cancer
3199,HR 3199,122.2925,-35.4550,6.21,Puppis
3423,HR 3423,130.0762,31.9419,6.21,Cancer
3436,HR 3436,130.7507,46.9008,6.21,Ursa Major
3488,HR 3488,131.5990,-41.1254,6.21,Vela
3580,HR 3580,135.1283,37.6044,6.21,Lynx
HD81369,HD 81369,140.9157,-46.9087,6.21,Vela
4302,HR 4302,165.6019,-26.8315,6.21,Hydra
4490,HR 4490,174.9630,-14.4685,6.21,Crater
4506,HR 4506,175.5147,-20.2942,6.21,Crater
4586,HR 4586,180.0784,80.8532,6.21,Camelopardalis
4664,HR 4664,184.0994,-72.6145,6.21,Musca
4705,HR 4705,185.5451,24.7739,6.21,Coma Berenices
4747,HR 4747,187.1071,-61.7948,6.21,Crux
4761,7 CVn,187.5122,51.5356,6.21,Canes Venatici
5033,HR 5033,200.3740,-19.4893,6.21,Virgo
5143,HR 5143,205.0649,31.0120,6.21,Canes Venatici
5166,HR 5166,206.1903,-25.5009,6.21,Hydra
5465,HR 5465,220.4832,-58.6158,6.21,Circinus
5515,HR 5515,222.2796,-56.6678,6.21,Circinus
5587,HR 5587,225.4920,-34.3589,6.21,Centaurus
5696,HR 5696,230.3971,-40.7495,6.21,Lupus
5821,HR 5821,235.2427,-47.7361,6.21,Lupus
5913,HR 5913,238.3953,16.0749,6.21,Serpens
5916,HR 5916,238.8772,-31.0836,6.21,Lupus
5952,HR 5952,240.2238,-40.4355,6.21,Lupus
6069,HR 6069,243.1057,67.1442,6.21,Draco
6206,HR 6206,250.9404,-41.1192,6.21,Scorpius
6357,HR 6357,258.0828,-70.7211,6.21,Apus
6954,HR 6954,278.6297,-52.8915,6.21,Telescopium
6981,HR 6981,278.9718,16.9757,6.21,Hercules
7003,HR 7003,279.1898,43.2218,6.21,Lyra
7177,HR 7177,285.5355,-41.9105,6.21,Corona Australis
7527,HR 7527,297.5906,-61.0611,6.21,Pavo
7558,HR 7558,298.6685,-61.1708,6.21,Pavo
7839,HR 7839,307.7423,20.6061,6.21,Delphinus
7847,44 Cyg,307.7468,36.9358,6.21,Cygnus
7878,HR 7878,309.3266,0.0970,6.21,Aquila
7888,HR 7888,309.3483,38.3287,6.21,Cygnus
8041,11 Aqr,315.1410,-4.7303,6.21,Aquarius
8491,HR 8491,333.9993,8.5496,6.21,Pegasus
8811,HR 8811,346.9883,64.2225,6.21,Cepheus
9021,HR 9021,357.3817,-15.8613,6.21,Aquarius
8545,53 Aqr,336.6446,-16.7424,6.21,Aquarius
4210,η Car,161.2650,-59.6842,6.21,Carina
9083,HR 9083,0.3302,49.9816,6.22,Cassiopeia
44,HR 44,3.5095,33.2060,6.22,Andromeda
241,HR 241,12.8908,51.5714,6.22,Cassiopeia
426,HR 426,22.0955,7.9614,6.22,Pisces
697,HR 697,35.7401,-18.3550,6.22,Cetus
871,HR 871,43.5270,-50.8714,6.22,Horologium
864,HR 864,44.2111,51.2613,6.22,Perseus
1116,HR 1116,54.9098,-3.3930,6.22,Eridanus
1197,HR 1197,58.0185,31.1686,6.22,Perseus
1328,HR 1328,64.5338,42.1412,6.22,Perseus
1431,HR 1431,67.5417,-13.5924,6.22,Eridanus
1614,HR 1614,75.2042,-5.7537,6.22,Eridanus
1710,HR 1710,78.4998,-14.6069,6.22,Lepus
1725,HR 1725,79.6680,40.4651,6.22,Auriga
1950,HR 1950,85.1554,-2.8252,6.22,Orion
1962,HR 1962,85.4230,-16.7258,6.22,Lepus
2005,HR 2005,86.7691,-28.6389,6.22,Columba
1994,HR 1994,88.2312,68.4715,6.22,Camelopardalis
2093,HR 2093,89.4771,1.2243,6.22,Orion
2270,HR 2270,94.7831,-8.5860,6.22,Monoceros
2330,16 Gem,96.9861,20.4963,6.22,Gemini
2611,HR 2611,104.4276,-27.5375,6.22,Canis Major
3144,HR 3144,120.4614,8.9140,6.22,Canis Minor
3198,HR 3198,122.7454,14.6295,6.22,Cancer
3251,HR 3251,123.9689,-30.9259,6.22,Puppis
3480,HR 3480,131.5286,-11.0068,6.22,Hydra
3499,HR 3499,132.6343,33.2851,6.22,Lynx
3887,HR 3887,146.4823,-58.7938,6.22,Carina
4043,HR 4043,154.0135,-59.9034,6.22,Carina
4275,HR 4275,164.8245,51.8824,6.22,Ursa Major
4364,HR 4364,168.7255,-43.7337,6.22,Centaurus
4484,HR 4484,174.6003,-2.4359,6.22,Virgo
4569,HR 4569,179.2219,61.5492,6.22,Ursa Major
4622,HR 4622,182.1031,-60.8471,6.22,Crux
4790,HR 4790,188.8734,-61.8416,6.22,Crux
4806,HR 4806,189.7182,-67.1930,6.22,Musca
4824,27 Vir,190.3933,10.4263,6.22,Virgo
5145,HR 5145,205.1628,28.0652,6.22,Canes Venatici
5344,HR 5344,214.2658,-18.5857,6.22,Virgo
5387,HR 5387,215.7785,25.3382,6.22,Boötes
5383,2 Lib,215.8568,-11.7140,6.22,Libra
5416,HR 5416,217.0685,36.1970,6.22,Boötes
5629,HR 5629,225.9906,65.9197,6.22,Ursa Minor
5770,Tau-2 Ser,233.0403,16.0562,6.22,Serpens
5831,HR 5831,235.0431,12.0529,6.22,Serpens
5884,HR 5884,238.3456,-62.6066,6.22,Triangulum Australe
5973,HR 5973,240.9779,-24.7263,6.22,Scorpius
6197,HR 6197,250.7649,-46.0703,6.22,Ara
6471,HR 6471,262.0328,-63.0362,6.22,Ara
6540,HR 6540,262.6815,57.8768,6.22,Draco
6604,HR 6604,265.8418,14.2952,6.22,Hercules
6619,HR 6619,266.4176,31.5047,6.22,Hercules
6633,HR 6633,267.0843,3.8042,6.22,Ophiuchus
6702,HR 6702,269.2022,45.3509,6.22,Hercules
6704,HR 6704,270.0003,-20.3395,6.22,Sagittarius
6741,97 Her,270.6256,22.9232,6.22,Hercules
6762,HR 6762,271.7973,-21.4439,6.22,Sagittarius
6887,HR 6887,275.7622,16.6880,6.22,Hercules
6948,HR 6948,278.2537,-39.8920,6.22,Corona Australis
7011,26 Sgr,280.4651,-23.8334,6.22,Sagittarius
7022,HR 7022,281.3496,-56.8820,6.22,Pavo
7112,HR 7112,282.8996,28.7837,6.22,Lyra
7163,HR 7163,284.5988,6.2399,6.22,Aquila
7263,HR 7263,287.0147,21.6989,6.22,Vulpecula
HD183556,HD 183556,290.3981,76.5596,6.22,Draco
7499,HR 7499,295.4901,40.2541,6.22,Cygnus
7577,HR 7577,297.8307,47.3772,6.22,Cygnus
7578,HR 7578,298.5740,-23.9411,6.22,Sagittarius
7784,HR 7784,305.0634,39.4032,6.22,Cygnus
7886,HR 7886,309.4780,18.2686,6.22,Delphinus
7872,HR 7872,309.9656,-62.9078,6.22,Pavo
8258,HR 8258,323.8626,24.4522,6.22,Pegasus
8263,HR 8263,324.3907,-0.3906,6.22,Aquarius
8249,HR 8249,324.5118,-64.8242,6.22,Indus
8593,HR 8593,338.9704,-57.8838,6.22,Tucana
8750,3 Psc,345.1579,0.1859,6.22,Pisces
8910,HR 8910,351.7879,-50.1572,6.22,Phoenix
9048,26 Psc,358.7825,7.0710,6.22,Pisces
281,HR 281,14.5925,-60.6962,6.23,Tucana
327,78 Psc,17.0055,32.0121,6.23,Pisces
380,HR 380,19.2655,-66.3979,6.23,Tucana
455,101 Psc,23.9435,14.6614,6.23,Pisces
761,HR 761,39.2773,32.8911,6.23,Triangulum
823,HR 823,40.8605,-66.7143,6.23,Horologium
849,HR 849,43.3378,48.5700,6.23,Perseus
1400,HR 1400,66.7529,2.0794,6.23,Taurus
1798,113 Tau,81.5238,16.7002,6.23,Taurus
1848,HR 1848,82.8371,-6.7084,6.23,Orion
1939,HR 1939,85.1752,31.9206,6.23,Auriga
1961,HR 1961,85.8313,23.2044,6.23,Taurus
2122,HR 2122,90.7299,32.6357,6.23,Auriga
2139,HR 2139,91.3912,33.5990,6.23,Auriga
2442,HR 2442,99.6591,1.6135,6.23,Monoceros
2578,HR 2578,103.4811,-24.5388,6.23,Canis Major
2612,HR 2612,104.3233,-35.5072,6.23,Puppis
2626,HR 2626,104.6739,-45.7676,6.23,Puppis
2694,HR 2694,107.3344,-10.3466,6.23,Monoceros
2705,HR 2705,107.5390,-18.6856,6.23,Canis Major
2807,HR 2807,110.5775,-2.9792,6.23,Monoceros
2858,HR 2858,112.1969,15.1098,6.23,Gemini
2953,HR 2953,115.1966,13.7713,6.23,Gemini
3042,HR 3042,117.3700,-13.3529,6.23,Puppis
3083,HR 3083,118.9201,35.4127,6.23,Lynx
3351,HR 3351,128.1393,53.1148,6.23,Lynx
3921,HR 3921,148.6326,-22.4875,6.23,Hydra
HD87652,HD 87652,151.2577,-51.3136,6.23,Vela
3979,HR 3979,152.0662,31.6041,6.23,Leo Minor
4000,HR 4000,152.8240,-7.3166,6.23,Sextans
4011,HR 4011,153.3310,-27.0289,6.23,Hydra
4419,HR 4419,171.9738,-1.6999,6.23,Leo
HD100826,HD 100826,173.9264,-61.2879,6.23,Centaurus
4612,HR 4612,181.4861,-35.6939,6.23,Hydra
4614,HR 4614,181.5830,-68.6514,6.23,Musca
4637,HR 4637,182.8815,-51.3593,6.23,Centaurus
4680,HR 4680,184.6317,30.2490,6.23,Coma Berenices
4746,HR 4746,186.9648,-4.6153,6.23,Virgo
5263,11 Boo,210.2937,27.3866,6.23,Boötes
5314,HR 5314,213.3052,-26.6123,6.23,Hydra
5335,HR 5335,213.5981,41.5188,6.23,Boötes
HD137919,HD 137919,232.5887,-41.9190,6.23,Lupus
5751,HR 5751,233.0175,-38.6225,6.23,Lupus
HD150097,HD 150097,250.7018,-62.5539,6.23,Triangulum Australe
7351,HR 7351,289.9018,54.3760,6.23,Cygnus
7655,HR 7655,300.3138,37.0990,6.23,Cygnus
7791,HR 7791,305.1277,53.5957,6.23,Cygnus
7816,HR 7816,306.5965,17.3156,6.23,Delphinus
7820,HR 7820,307.0314,8.4374,6.23,Delphinus
7868,HR 7868,307.5030,72.5317,6.23,Draco
7890,HR 7890,309.8052,-2.4130,6.23,Aquarius
7992,HR 7992,313.6463,-50.7273,6.23,Indus
8029,HR 8029,314.0709,56.8875,6.23,Cepheus
8138,HR 8138,319.1234,42.2518,6.23,Cygnus
8293,HR 8293,325.8064,-19.6210,6.23,Capricornus
8477,HR 8477,333.6606,-41.3817,6.23,Grus
8612,HR 8612,339.5923,-7.8976,6.23,Aquarius
8692,HR 8692,342.5421,50.6769,6.23,Lacerta
8757,81 Aqr,345.3485,-7.0612,6.23,Aquarius
8999,HR 8999,356.1211,-26.2466,6.23,Sculptor
9043,HR 9043,358.3368,-24.2293,6.23,Aquarius
9097,HR 9097,0.8571,63.6405,6.24,Cassiopeia
19,HR 19,2.2172,25.4630,6.24,Pegasus
40,HR 40,3.3497,26.9875,6.24,Andromeda
HD2268,HD 2268,6.5906,-18.6936,6.24,Cetus
312,HR 312,17.3011,80.0116,6.24,Cepheus
356,HR 356,18.2478,30.0642,6.24,Pisces
466,HR 466,24.4071,-9.4038,6.24,Cetus
609,HR 609,30.9275,18.2532,6.24,Aries
634,5 Tri,32.8542,31.5264,6.24,Triangulum
755,HR 755,38.4776,-51.0935,6.24,Horologium
908,HR 908,45.4679,5.3362,6.24,Cetus
940,54 Ari,47.0880,18.7951,6.24,Aries
1307,HR 1307,63.3940,10.2125,6.24,Taurus
1442,HR 1442,68.3877,18.0167,6.24,Taurus
1518,HR 1518,70.9345,-41.0648,6.24,Caelum
1685,HR 1685,77.7418,-2.2541,6.24,Orion
1806,HR 1806,81.5099,-5.5185,6.24,Orion
1873,HR 1873,83.5162,-1.0357,6.24,Orion
1891,HR 1891,83.8430,-4.4243,6.24,Orion
1986,HR 1986,86.5119,-4.2685,6.24,Orion
2041,HR 2041,89.3957,66.0961,6.24,Camelopardalis
2240,9 Gem,94.2446,23.7409,6.24,Gemini
2259,HR 2259,94.6681,9.0472,6.24,Orion
2300,HR 2300,96.0095,8.8850,6.24,Monoceros
2329,HR 2329,96.3750,-35.0642,6.24,Columba
2340,HR 2340,97.1169,16.2384,6.24,Gemini
2532,HR 2532,103.2816,44.8399,6.24,Auriga
2594,HR 2594,103.5095,-50.6116,6.24,Puppis
2831,HR 2831,111.2120,-19.0123,6.24,Canis Major
2876,HR 2876,112.7131,-5.2265,6.24,Monoceros
3585,HR 3585,134.8159,-28.8060,6.24,Pyxis
3722,HR 3722,141.4341,63.9409,6.24,Ursa Major
3893,4 Sex,147.6253,4.3437,6.24,Sextans
3988,HR 3988,152.4854,-12.0953,6.24,Hydra
4087,HR 4087,155.9194,-41.9532,6.24,Vela
4190,HR 4190,160.6307,-13.9745,6.24,Hydra
HD97451,HD 97451,168.0149,-58.4234,6.24,Carina
4372,HR 4372,169.3001,-38.0144,6.24,Centaurus
4440,HR 4440,172.9482,-20.7765,6.24,Crater
4529,HR 4529,177.0979,-10.3131,6.24,Crater
4598,HR 4598,180.7153,-7.6836,6.24,Virgo
4658,HR 4658,183.8772,-41.9133,6.24,Centaurus
4718,HR 4718,186.1864,-41.3843,6.24,Centaurus
4784,HR 4784,188.4475,33.3847,6.24,Canes Venatici
4938,HR 4938,196.2010,-41.1963,6.24,Centaurus
5275,HR 5275,210.9823,4.9010,6.24,Virgo
5492,HR 5492,220.5133,61.2619,6.24,Draco
5866,HR 5866,236.6893,-6.1204,6.24,Libra
6096,HR 6096,245.6621,-2.0799,6.24,Ophiuchus
6373,HR 6373,259.1487,-74.5330,6.24,Apus
6676,HR 6676,268.5590,11.1306,6.24,Ophiuchus
6852,HR 6852,274.5321,18.1317,6.24,Hercules
HD173047,HD 173047,281.4833,-50.8727,6.24,Telescopium
7085,HR 7085,282.4050,0.8362,6.24,Aquila
7153,HR 7153,283.4429,57.4866,6.24,Draco
7461,HR 7461,294.9241,-45.2786,6.24,Telescopium
7459,HR 7459,295.0779,-54.4178,6.24,Telescopium
7574,9 Sge,298.0907,18.6719,6.24,Sagitta
7695,HR 7695,301.1855,63.8902,6.24,Draco
7713,HR 7713,302.7648,21.1346,6.24,Sagitta
7716,HR 7716,302.8376,21.8749,6.24,Vulpecula
7760,HR 7760,304.3814,29.1476,6.24,Vulpecula
7808,HR 7808,306.7208,-37.4029,6.24,Sagittarius
7923,HR 7923,310.4923,17.5215,6.24,Delphinus
HD198272,HD 198272,312.3218,-0.5633,6.24,Aquarius
8056,HR 8056,315.7626,1.5321,6.24,Aquarius
8363,HR 8363,328.6496,-3.3013,6.24,Aquarius
8382,HR 8382,329.7291,-4.3731,6.24,Aquarius
8761,HR 8761,345.3780,57.1055,6.24,Cassiopeia
HD219580,HD 219580,349.2865,-28.4383,6.24,Sculptor
8932,100 Aqr,352.9252,-21.3695,6.24,Aquarius
8977,HR 8977,355.1692,36.7208,6.24,Andromeda
8985,HR 8985,355.4773,57.2600,6.24,Cassiopeia
9086,HR 9086,0.4327,42.3671,6.25,Andromeda
9095,HR 9095,0.7395,-20.0459,6.25,Cetus
9109,HR 9109,1.2333,26.6488,6.25,Pegasus
49,HR 49,3.7329,22.2842,6.25,Pegasus
86,42 Psc,5.6062,13.4825,6.25,Pisces
304,HR 304,15.6788,-65.4561,6.25,Tucana
435,HR 435,22.3772,-46.7564,6.25,Phoenix
502,HR 502,26.1923,57.0892,6.25,Cassiopeia
551,HR 551,28.7241,40.7020,6.25,Andromeda
626,HR 626,33.3378,74.0277,6.25,Cassiopeia
696,10 Per,36.3168,56.6098,6.25,Perseus
825,HR 825,42.3781,57.0843,6.25,Perseus
957,HR 957,47.8197,-16.0250,6.25,Eridanus
980,HR 980,48.7511,-26.1005,6.25,Fornax
976,HR 976,49.0077,34.6885,6.25,Perseus
1091,HR 1091,53.6561,-9.8683,6.25,Eridanus
1080,HR 1080,54.8545,75.7396,6.25,Cassiopeia
1276,HR 1276,62.3425,54.8289,6.25,Camelopardalis
1310,HR 1310,63.4576,12.7537,6.25,Taurus
1371,HR 1371,65.8992,42.4279,6.25,Perseus
1424,HR 1424,67.8504,40.0102,6.25,Perseus
1438,HR 1438,67.8577,-13.6442,6.25,Eridanus
1591,HR 1591,74.3216,-1.0673,6.25,Orion
HD36840,HD 36840,83.6220,-0.0123,6.25,Orion
1981,HR 1981,85.8757,-39.4069,6.25,Columba
2606,HR 2606,104.6621,7.6223,6.25,Monoceros
2978,HR 2978,115.8424,22.3995,6.25,Gemini
3065,25 Lyn,118.6219,47.3860,6.25,Lynx
3186,HR 3186,121.1789,-62.8363,6.25,Carina
3174,HR 3174,121.6142,-9.2445,6.25,Monoceros
3184,12 Cnc,122.1769,13.6409,6.25,Cancer
3390,HR 3390,128.3761,-46.9707,6.25,Vela
3521,53 Cnc,133.1191,28.2592,6.25,Cancer
3563,61 Cnc,134.4944,30.2338,6.25,Cancer
3602,HR 3602,135.5266,-39.4022,6.25,Vela
3680,HR 3680,138.8110,-45.5555,6.25,Vela
3762,HR 3762,142.3851,-4.2466,6.25,Hydra
3805,HR 3805,143.3329,-7.1902,6.25,Hydra
3843,HR 3843,146.3790,78.1347,6.25,Draco
3986,HR 3986,152.1476,-15.6119,6.25,Hydra
4083,HR 4083,155.8047,-30.1623,6.25,Antlia
4151,HR 4151,158.5530,-60.9876,6.25,Carina
4182,33 Sex,160.3508,-1.7415,6.25,Sextans
4211,HR 4211,161.0837,-70.8597,6.25,Carina
4545,HR 4545,177.7896,33.3750,6.25,Ursa Major
4734,HR 4734,186.7014,-48.9132,6.25,Centaurus
4866,11 CVn,192.1743,48.4668,6.25,Canes Venatici
4900,41 Vir,193.4571,12.4184,6.25,Virgo
4904,HR 4904,193.5546,33.5345,6.25,Canes Venatici
4967,15 CVn,197.4251,38.5339,6.25,Canes Venatici
5009,HR 5009,198.1061,80.4713,6.25,Camelopardalis
5274,HR 5274,210.9032,7.5462,6.25,Boötes
5346,HR 5346,214.1369,20.1218,6.25,Boötes
5384,HR 5384,215.8137,1.2416,6.25,Virgo
5623,HR 5623,227.3564,-63.6429,6.25,Circinus
5951,HR 5951,240.7188,-62.5416,6.25,Triangulum Australe
6009,Marsic B,242.0206,17.0544,6.25,Hercules
6157,HR 6157,247.7616,35.2251,6.25,Hercules
6190,HR 6190,250.1438,-20.4086,6.25,Ophiuchus
6201,HR 6201,250.2981,-1.0003,6.25,Ophiuchus
6277,HR 6277,253.5442,-1.6123,6.25,Ophiuchus
6430,HR 6430,259.3994,23.0906,6.25,Hercules
6491,HR 6491,261.1130,36.9519,6.25,Hercules
6575,HR 6575,264.7854,2.0280,6.25,Ophiuchus
6717,HR 6717,267.5421,78.3065,6.25,Draco
7017,HR 7017,279.8876,40.9351,6.25,Lyra
7182,HR 7182,285.4072,-22.6954,6.25,Sagittarius
7208,HR 7208,285.5899,8.3735,6.25,Aquila
7291,Gumala,288.8884,-24.1794,6.25,Sagittarius
7274,τ Pav,289.1192,-69.1908,6.25,Pavo
7338,HR 7338,289.7548,37.4453,6.25,Lyra
7339,HR 7339,290.4046,-19.2344,6.25,Sagittarius
7404,HR 7404,292.3251,0.2461,6.25,Aquila
7487,HR 7487,294.8939,45.9574,6.25,Cygnus
7504,HR 7504,295.4667,50.5175,6.25,Cygnus
7511,ψ Aql,296.1425,13.3028,6.25,Aquila
7562,HR 7562,297.8239,9.6299,6.25,Aquila
7717,HR 7717,303.1464,0.8671,6.25,Aquila
HD196748,HD 196748,310.2318,-42.3967,6.25,Microscopium
8050,HR 8050,315.7925,-27.7316,6.25,Microscopium
8091,27 Cap,317.3875,-20.5567,6.25,Capricornus
8257,HR 8257,323.8296,28.1976,6.25,Pegasus
8336,HR 8336,327.0350,36.5804,6.25,Cygnus
8808,HR 8808,346.9489,63.6335,6.25,Cepheus
8884,HR 8884,350.1837,44.1162,6.25,Andromeda
8941,HR 8941,353.4291,45.0581,6.25,Andromeda
111,HR 111,7.1795,-50.5329,6.26,Phoenix
134,HR 134,8.2045,28.2802,6.26,Andromeda
387,HR 387,20.1441,-3.2470,6.26,Cetus
411,HR 411,21.1747,-44.5286,6.26,Phoenix
726,HR 726,37.5692,33.8337,6.26,Triangulum
783,HR 783,40.0654,6.1119,6.26,Cetus
815,HR 815,42.2313,69.6343,6.26,Cassiopeia
HD24188,HD 24188,56.3488,-71.6581,6.26,Hydrus
1164,HR 1164,56.9543,32.1954,6.26,Perseus
1667,HR 1667,76.2525,-54.4074,6.26,Pictor
1700,HR 1700,76.5386,-73.0377,6.26,Mensa
1711,108 Tau,78.8652,22.2849,6.26,Taurus
1818,θ Pic,81.1929,-52.3162,6.26,Pictor
1915,HR 1915,84.0429,-28.7080,6.26,Columba
1853,HR 1853,84.3168,66.6967,6.26,Camelopardalis
2187,HR 2187,92.1443,-44.3562,6.26,Puppis
2360,HR 2360,96.2325,-63.8281,6.26,Pictor
2310,HR 2310,96.3042,7.0857,6.26,Monoceros
2393,HR 2393,97.8956,-36.9400,6.26,Columba
HD46136,20 Gem,98.0773,17.7843,6.26,Gemini
2365,HR 2365,99.4798,73.6956,6.26,Camelopardalis
2481,HR 2481,100.6919,-22.4486,6.26,Canis Major
2597,HR 2597,104.3566,11.9076,6.26,Gemini
2634,HR 2634,104.6657,-55.7291,6.26,Carina
2623,HR 2623,104.9136,-21.6029,6.26,Canis Major
HD59235,HD 59235,112.0080,-26.8390,6.26,Puppis
3181,HR 3181,122.3461,42.4306,6.26,Lynx
3246,HR 3246,124.5658,54.1437,6.26,Lynx
3376,HR 3376,128.4377,13.2573,6.26,Cancer
3471,HR 3471,130.5869,-55.7746,6.26,Carina
3562,HR 3562,133.8300,-45.0417,6.26,Vela
3767,HR 3767,142.4578,-23.3453,6.26,Hydra
3804,HR 3804,143.4964,23.4539,6.26,Leo
3853,13 Leo,145.4104,25.9129,6.26,Leo
4213,HR 4213,161.1132,-72.4435,6.26,Carina
4217,HR 4217,161.5712,-60.6029,6.26,Carina
HD94491,HD 94491,163.3382,-58.8935,6.26,Carina
4387,HR 4387,169.9024,-75.1425,6.26,Musca
4516,HR 4516,176.3027,-49.0698,6.26,Centaurus
4570,HR 4570,179.1831,-47.0724,6.26,Centaurus
4685,8 Com,184.8300,23.0347,6.26,Coma Berenices
4778,HR 4778,188.3427,-19.7925,6.26,Corvus
4814,HR 4814,189.9828,-66.5111,6.26,Musca
4871,HR 4871,192.5812,-48.4595,6.26,Centaurus
4882,HR 4882,193.1025,-53.8299,6.26,Centaurus
4990,54 Vir,198.3618,-18.8264,6.26,Virgo
5031,HR 5031,200.1732,2.9423,6.26,Virgo
5437,HR 5437,217.9285,60.2256,6.26,Draco
5740,HR 5740,231.4720,19.4807,6.26,Serpens
5765,HR 5765,233.2897,-24.4904,6.26,Libra
5790,HR 5790,234.0474,-33.0928,6.26,Lupus
5931,HR 5931,238.9161,18.6207,6.26,Serpens
6041,HR 6041,243.2358,-4.2208,6.26,Ophiuchus
6304,HR 6304,255.4475,-58.9582,6.26,Ara
6354,HR 6354,256.7218,-26.5130,6.26,Ophiuchus
6525,HR 6525,263.8958,-59.8461,6.26,Ara
6557,HR 6557,264.3622,-38.0664,6.26,Scorpius
HD163071,HD 163071,269.4281,-56.8963,6.26,Ara
6753,HR 6753,270.7870,48.4643,6.26,Hercules
7010,HR 7010,279.9650,7.3586,6.26,Ophiuchus
7071,HR 7071,281.2308,54.8972,6.26,Draco
7290,55 Dra,287.4408,65.9785,6.26,Draco
7419,HR 7419,292.6951,36.2285,6.26,Cygnus
7674,HR 7674,301.8962,-55.0160,6.26,Telescopium
7766,HR 7766,305.4215,-49.9994,6.26,Telescopium
7978,HR 7978,312.1781,51.9103,6.26,Cygnus
8033,20 Cap,314.9006,-19.0353,6.26,Capricornus
HD199642,HD 199642,315.1809,-53.7391,6.26,Indus
8427,HR 8427,331.4634,48.2315,6.26,Lacerta
8543,HR 8543,336.4196,18.4443,6.26,Pegasus
8598,HR 8598,338.3199,70.3737,6.26,Cepheus
8912,9 Psc,351.8116,1.1226,6.26,Pisces
8924,HR 8924,352.3837,-4.5327,6.26,Aquarius
8960,74 Peg,354.4156,16.8255,6.26,Pegasus
8981,HR 8981,355.3616,49.5124,6.26,Cassiopeia
9058,HR 9058,359.2840,-26.6234,6.26,Sculptor
232,HR 232,12.3893,-23.3621,6.27,Cetus
250,HR 250,13.4482,52.6893,6.27,Cassiopeia
357,HR 357,19.1292,79.9100,6.27,Cepheus
415,HR 415,21.7763,34.3776,6.27,Andromeda
447,HR 447,23.1516,-49.7277,6.27,Phoenix
508,109 Psc,26.2326,20.0831,6.27,Pisces
614,HR 614,31.5511,8.2481,6.27,Pisces
819,HR 819,41.7430,35.9835,6.27,Perseus
1272,HR 1272,61.4855,-8.8561,6.27,Eridanus
1545,HR 1545,72.4260,-13.7697,6.27,Eridanus
1854,HR 1854,83.4092,34.7256,6.27,Auriga
1878,HR 1878,83.9813,27.6623,6.27,Taurus
2192,HR 2192,92.4464,-26.7011,6.27,Lepus
2258,HR 2258,94.7577,17.3253,6.27,Orion
2303,HR 2303,95.9423,-15.0713,6.27,Canis Major
2604,HR 2604,104.1904,-35.3413,6.27,Puppis
2907,HR 2907,113.3048,-40.0585,6.27,Puppis
2920,HR 2920,114.0696,-8.3113,6.27,Monoceros
3205,HR 3205,122.4487,-42.6408,6.27,Puppis
3668,HR 3668,138.3278,-42.2733,6.27,Vela
HD81347,HD 81347,140.8557,-48.2869,6.27,Vela
3758,HR 3758,142.2596,-1.2569,6.27,Hydra
3813,HR 3813,142.8877,-66.7190,6.27,Carina
3885,HR 3885,147.5985,65.5932,6.27,Ursa Major
3931,HR 3931,149.1952,-26.5497,6.27,Hydra
3972,HR 3972,151.3137,-36.3844,6.27,Antlia
4197,HR 4197,161.0606,19.7588,6.27,Leo
4201,36 Sex,161.2894,2.4880,6.27,Sextans
HD97413,HD 97413,168.0426,-46.2668,6.27,Centaurus
4437,88 Leo,172.9373,14.3645,6.27,Leo
4606,HR 4606,181.1187,85.5871,6.27,Camelopardalis
4686,HR 4686,183.8361,87.7001,6.27,Ursa Minor
4856,HR 4856,191.8893,-6.3018,6.27,Virgo
5063,HR 5063,201.8361,-49.3813,6.27,Centaurus
5273,HR 5273,210.8848,10.7868,6.27,Boötes
5479,HR 5479,218.4107,79.6604,6.27,Ursa Minor
5510,HR 5510,221.3071,32.7883,6.27,Boötes
HD131027,10 Lib,222.9638,-18.3553,6.27,Libra
5615,HR 5615,226.5581,-36.2646,6.27,Lupus
5645,HR 5645,228.2543,-61.7438,6.27,Circinus
5684,HR 5684,230.1690,-67.4815,6.27,Triangulum Australe
5992,HR 5992,241.4081,8.0962,6.27,Serpens
6180,HR 6180,247.8678,72.6123,6.27,Draco
6294,HR 6294,254.2666,-19.5399,6.27,Ophiuchus
6305,57 Her,254.3794,25.3528,6.27,Hercules
6326,HR 6326,255.3877,14.9497,6.27,Hercules
6423,HR 6423,259.8771,-50.0638,6.27,Ara
6715,6 Sgr,270.3463,-17.1569,6.27,Sagittarius
6904,HR 6904,276.2436,27.3948,6.27,Hercules
6940,HR 6940,277.5596,-5.7242,6.27,Scutum
6912,HR 6912,280.5599,-81.8081,6.27,Octans
7110,HR 7110,283.2575,-9.5755,6.27,Scutum
HD175395,HD 175395,284.3096,-43.9170,6.27,Corona Australis
7311,HR 7311,288.8299,50.0711,6.27,Cygnus
7369,2 Sge,291.0920,16.9377,6.27,Sagitta
7433,HR 7433,293.8894,-12.2531,6.27,Sagittarius
7508,HR 7508,295.9832,27.1354,6.27,Vulpecula
7521,HR 7521,297.2295,-52.8881,6.27,Telescopium
7617,HR 7617,299.7351,-30.5384,6.27,Sagittarius
7682,65 Dra,300.5841,64.6344,6.27,Draco
7732,HR 7732,304.7625,-63.2307,6.27,Pavo
7758,HR 7758,305.1346,-55.0509,6.27,Telescopium
8088,HR 8088,316.8902,15.6587,6.27,Delphinus
8096,HR 8096,317.6956,-9.3541,6.27,Aquarius
8116,HR 8116,318.3699,15.9824,6.27,Pegasus
8248,HR 8248,323.3245,45.8540,6.27,Cygnus
8341,HR 8341,327.3619,20.4624,6.27,Pegasus
8350,HR 8350,328.0758,21.2732,6.27,Pegasus
8660,45 Peg,341.3674,19.3666,6.27,Pegasus
8756,HR 8756,345.3460,-22.7909,6.27,Aquarius
9077,HR 9077,0.0795,-44.2906,6.28,Phoenix
110,HR 110,7.2361,36.8997,6.28,Andromeda
229,HR 229,12.2364,-46.6976,6.28,Phoenix
256,HR 256,13.7717,48.6785,6.28,Cassiopeia
300,HR 300,15.8238,-29.5258,6.28,Sculptor
HD6476,76 Psc,16.5467,32.1815,6.28,Pisces
396,HR 396,20.9060,34.2459,6.28,Andromeda
538,HR 538,28.2114,51.4748,6.28,Perseus
552,HR 552,28.7402,37.1283,6.28,Andromeda
742,HR 742,38.0615,-36.4273,6.28,Fornax
820,HR 820,41.7649,35.5547,6.28,Perseus
942,HR 942,47.1616,8.4711,6.28,Cetus
1405,HR 1405,66.0511,-57.0713,6.28,Dorado
1382,HR 1382,66.7536,57.5853,6.28,Camelopardalis
HD28595,84 Tau,67.7800,15.1050,6.28,Taurus
1476,HR 1476,69.2122,-30.7168,6.28,Eridanus
1606,HR 1606,73.2738,-72.4077,6.28,Mensa
1960,HR 1960,84.2291,-66.5603,6.28,Dorado
2018,HR 2018,87.8573,32.1247,6.28,Auriga
2071,HR 2071,88.8974,-4.7886,6.28,Orion
2078,HR 2078,91.2889,75.5859,6.28,Camelopardalis
2211,HR 2211,92.6664,-45.2820,6.28,Puppis
2172,HR 2172,92.9413,52.6472,6.28,Auriga
2408,HR 2408,97.5125,-65.5682,6.28,Dorado
2457,HR 2457,100.3414,16.3976,6.28,Gemini
2482,HR 2482,100.5683,-38.3988,6.28,Puppis
2463,HR 2463,101.0479,53.2959,6.28,Lynx
2584,HR 2584,103.8942,8.3243,6.28,Monoceros
2637,HR 2637,105.1771,-28.4896,6.28,Canis Major
2893,HR 2893,113.5207,10.5681,6.28,Canis Minor
3099,HR 3099,119.0947,-30.2846,6.28,Puppis
3161,HR 3161,120.3816,-55.4547,6.28,Carina
3166,HR 3166,120.8734,-42.9483,6.28,Puppis
3252,HR 3252,124.3819,8.8663,6.28,Cancer
3296,HR 3296,125.8206,-38.2861,6.28,Puppis
3197,HR 3197,126.1379,82.4308,6.28,Camelopardalis
3399,HR 3399,128.6219,-37.6112,6.28,Vela
3541,HR 3541,133.8453,17.2313,6.28,Cancer
3717,HR 3717,139.8853,-55.1865,6.28,Vela
3916,HR 3916,148.2419,-27.3322,6.28,Antlia
4003,HR 4003,153.0119,-28.6060,6.28,Antlia
4318,HR 4318,166.5239,-51.2129,6.28,Centaurus
4438,HR 4438,172.8127,-61.2785,6.28,Centaurus
4500,HR 4500,175.4313,55.1720,6.28,Ursa Major
4588,HR 4588,180.1759,-21.8375,6.28,Corvus
4780,22 Com,188.3926,24.2830,6.28,Coma Berenices
5153,HR 5153,205.0892,57.2076,6.28,Ursa Major
5271,HR 5271,210.5508,45.7535,6.28,Canes Venatici
5283,HR 5283,211.1559,2.2975,6.28,Virgo
5402,HR 5402,216.3715,38.3931,6.28,Boötes
5565,HR 5565,224.3071,-29.1577,6.28,Hydra
5669,HR 5669,228.7108,-5.5026,6.28,Libra
5756,HR 5756,232.9309,-20.1649,6.28,Libra
5919,40 Ser,238.6678,8.5803,6.28,Serpens
6261,HR 6261,253.4952,-41.9943,6.28,Scorpius
6321,29 Oph,255.4636,-18.8855,6.28,Ophiuchus
6331,HR 6331,256.2724,-45.5021,6.28,Scorpius
6428,HR 6428,259.5803,-16.3119,6.28,Ophiuchus
6465,HR 6465,260.7137,-2.3882,6.28,Ophiuchus
6576,HR 6576,265.5151,-50.5107,6.28,Ara
6690,HR 6690,269.2332,6.4877,6.28,Ophiuchus
6683,HR 6683,269.4908,-39.1365,6.28,Scorpius
6722,HR 6722,270.2386,15.0936,6.28,Hercules
6892,HR 6892,276.1755,-7.0759,6.28,Scutum
6914,HR 6914,277.0257,-26.7572,6.28,Sagittarius
7082,HR 7082,280.7931,70.7928,6.28,Draco
7118,HR 7118,283.0302,41.3832,6.28,Lyra
7103,HR 7103,283.1180,-26.6508,6.28,Sagittarius
7183,HR 7183,284.9921,22.8145,6.28,Vulpecula
7241,HR 7241,286.7847,-18.7382,6.28,Sagittarius
7270,HR 7270,287.8284,-29.5023,6.28,Sagittarius
7526,HR 7526,295.9146,57.0427,6.28,Cygnus
7752,HR 7752,304.0143,38.8980,6.28,Cygnus
7745,HR 7745,304.7332,-47.7108,6.28,Telescopium
HD196829,HD 196829,310.3527,-42.1338,6.28,Microscopium
7946,HR 7946,311.7648,-2.4869,6.28,Aquarius
8156,HR 8156,321.0697,-69.7339,6.28,Pavo
8268,HR 8268,324.7755,-33.6789,6.28,Piscis Austrinus
8299,HR 8299,326.1227,-38.5525,6.28,Grus
8325,HR 8325,326.5997,25.5635,6.28,Pegasus
8394,HR 8394,330.5494,-17.9035,6.28,Aquarius
8451,HR 8451,332.5879,-3.8941,6.28,Aquarius
8600,Sig-1 Gru,339.1221,-40.5827,6.28,Grus
8609,HR 8609,339.2028,35.6524,6.28,Lacerta
HD214983,HD 214983,340.5251,-5.1020,6.28,Aquarius
8668,HR 8668,341.8299,-34.1617,6.28,Piscis Austrinus
8730,HR 8730,344.3867,3.8102,6.28,Pisces
8891,65 Peg,350.6688,20.8287,6.28,Pegasus
9065,1 Cet,359.5884,-15.8475,6.28,Cetus
376,HR 376,19.5423,47.4197,6.29,Andromeda
616,HR 616,31.6221,0.0354,6.29,Cetus
690,HR 690,35.9656,55.3649,6.29,Perseus
769,HR 769,39.6165,38.0891,6.29,Andromeda
884,HR 884,44.3038,-29.8553,6.29,Fornax
970,HR 970,48.2562,-35.9437,6.29,Fornax
1039,HR 1039,51.8278,12.7353,6.29,Taurus
1056,HR 1056,52.8723,49.2098,6.29,Perseus
1154,HR 1154,54.1257,-78.3231,6.29,Mensa
1094,HR 1094,54.5822,56.9327,6.29,Camelopardalis
1168,HR 1168,56.1412,-54.2740,6.29,Reticulum
1270,HR 1270,62.3649,59.9081,6.29,Camelopardalis
1682,HR 1682,75.0553,-78.3000,6.29,Mensa
1831,HR 1831,82.6806,22.4623,6.29,Taurus
2009,HR 2009,86.8279,-35.6741,6.29,Columba
2003,HR 2003,87.7346,51.5146,6.29,Auriga
HD44225,HD 44225,94.9091,-22.1031,6.29,Canis Major
2622,Citalá,105.0752,-5.3672,6.29,Monoceros
2765,HR 2765,109.3819,-6.6800,6.29,Monoceros
2925,HR 2925,113.6649,-51.4745,6.29,Carina
3429,Meleph,130.1125,19.5448,6.29,Cancer
3503,HR 3503,132.0010,-52.8502,6.29,Vela
3911,HR 3911,148.7640,61.1161,6.29,Ursa Major
4170,HR 4170,158.8533,-76.3090,6.29,Chamaeleon
4157,HR 4157,159.0188,-26.6755,6.29,Hydra
4150,35 LMi,159.0892,36.3269,6.29,Leo Minor
HD93453,HD 93453,161.6548,-43.1927,6.29,Vela
4226,HR 4226,161.9100,-57.4674,6.29,Carina
HD94275,HD 94275,162.9454,-57.2723,6.29,Carina
4424,HR 4424,172.4317,56.7376,6.29,Ursa Major
4482,HR 4482,174.6347,33.6258,6.29,Ursa Major
4486,HR 4486,174.6877,45.1084,6.29,Ursa Major
4665,HR 4665,183.9229,72.5512,6.29,Draco
4720,HR 4720,186.3233,-65.7699,6.29,Musca
4777,20 Vir,188.2620,10.2957,6.29,Virgo
4864,HR 4864,192.1961,24.8402,6.29,Coma Berenices
4886,HR 4886,193.1146,16.1225,6.29,Coma Berenices
5135,HR 5135,204.9202,-39.7476,6.29,Centaurus
5592,HR 5592,225.2178,22.0456,6.29,Boötes
5604,HR 5604,226.1787,-40.8613,6.29,Lupus
5632,HR 5632,227.6869,-61.4223,6.29,Circinus
5717,7 Ser,230.5968,12.5675,6.29,Serpens
5909,HR 5909,238.2338,17.4032,6.29,Serpens
5923,HR 5923,239.0584,-31.7859,6.29,Lupus
6076,HR 6076,244.7822,-20.2181,6.29,Scorpius
6264,HR 6264,252.6504,41.8965,6.29,Hercules
6282,HR 6282,253.9906,-33.5069,6.29,Scorpius
6335,HR 6335,254.0697,73.1279,6.29,Draco
6340,HR 6340,256.1889,-20.4947,6.29,Ophiuchus
6350,HR 6350,256.5492,-21.5646,6.29,Ophiuchus
6843,HR 6843,274.3507,-9.7586,6.29,Serpens
6851,HR 6851,274.5123,13.7770,6.29,Ophiuchus
7088,30 Sgr,282.7104,-22.1622,6.29,Sagittarius
7136,HR 7136,284.3933,-39.8232,6.29,Corona Australis
HD177365,HD 177365,286.7284,-50.3231,6.29,Telescopium
7345,HR 7345,289.9125,37.3305,6.29,Lyra
7393,μ Tel,292.6441,-55.1101,6.29,Telescopium
7522,HR 7522,295.8098,58.0166,6.29,Cygnus
7788,HR 7788,305.7533,-9.6547,6.29,Capricornus
7910,HR 7910,310.3511,-25.9999,6.29,Capricornus
7972,HR 7972,311.9706,52.4072,6.29,Cygnus
8158,HR 8158,320.0586,22.0262,6.29,Vulpecula
8476,HR 8476,332.9867,59.0846,6.29,Cepheus
8542,HR 8542,336.5446,-23.6824,6.29,Aquarius
8606,HR 8606,338.9724,50.0708,6.29,Lacerta
8646,HR 8646,341.0686,-60.4996,6.29,Tucana
8875,HR 8875,349.9229,48.3809,6.29,Andromeda
9042,25 Psc,358.2698,2.0906,6.29,Pisces
276,HR 276,14.4771,13.6959,6.30,Pisces
HD12596,HD 12596,30.7156,-23.8866,6.30,Fornax
698,HR 698,35.5489,-43.1998,6.30,Phoenix
792,HR 792,40.7577,48.2652,6.30,Perseus
856,HR 856,43.2987,16.4835,6.30,Aries
HD19210,HD 19210,46.2971,-8.2742,6.30,Eridanus
975,HR 975,48.9464,32.8567,6.30,Perseus
HD20356,HD 20356,49.0905,-5.7305,6.30,Eridanus
1194,HR 1194,57.8161,13.0461,6.30,Taurus
HD30869,HD 30869,72.9583,13.6552,6.30,Orion
1651,HR 1651,75.9748,-41.7450,6.30,Caelum
1775,HR 1775,81.1601,31.2239,6.30,Auriga
1817,HR 1817,81.7698,-11.9010,6.30,Lepus
1979,HR 1979,86.8112,42.5267,6.30,Auriga
2051,HR 2051,88.5657,3.2256,6.30,Orion
2280,HR 2280,95.3574,2.2685,6.30,Monoceros
2337,HR 2337,95.7561,-63.6831,6.30,Pictor
2323,HR 2323,96.1854,-40.2840,6.30,Columba
2308,HR 2308,96.3674,14.7220,6.30,Orion
2392,HR 2392,98.1953,-11.1664,6.30,Canis Major
2488,HR 2488,100.8473,-39.1931,6.30,Puppis
2552,HR 2552,103.0953,-5.3163,6.30,Monoceros
2555,HR 2555,103.3433,10.9967,6.30,Monoceros
2768,HR 2768,109.2384,-30.8970,6.30,Canis Major
2709,HR 2709,111.3415,81.2575,6.30,Camelopardalis
3056,HR 3056,117.0813,-56.4711,6.30,Carina
3061,HR 3061,118.0300,3.2773,6.30,Canis Minor
3152,HR 3152,119.9170,-60.2074,6.30,Carina
3125,HR 3125,120.2004,19.8162,6.30,Cancer
3310,Phi-2 Cnc,126.6961,26.9355,6.30,Cancer
3371,HR 3371,127.6635,-44.7373,6.30,Vela
3577,HR 3577,134.7947,18.1349,6.30,Cancer
3581,HR 3581,138.8386,84.1810,6.30,Camelopardalis
3714,HR 3714,140.2312,-15.6178,6.30,Hydra
3740,HR 3740,140.8639,-60.3023,6.30,Carina
3725,HR 3725,141.2319,51.5739,6.30,Ursa Major
3944,HR 3944,149.0406,-71.3893,6.30,Carina
3963,HR 3963,151.0117,-18.1014,6.30,Hydra
4341,HR 4341,167.9323,14.4002,6.30,Leo
4370,HR 4370,169.1161,-45.8800,6.30,Centaurus
4430,HR 4430,172.6034,46.6575,6.30,Ursa Major
4470,HR 4470,174.1697,-37.2372,6.30,Centaurus
HD104900,HD 104900,181.1886,-59.2533,6.30,Crux
4611,HR 4611,181.4734,-65.5469,6.30,Musca
4742,HR 4742,186.9560,-16.6318,6.30,Corvus
5160,HR 5160,205.6201,41.6743,6.30,Canes Venatici
5272,HR 5272,210.9712,-22.4216,6.30,Virgo
5461,HR 5461,220.1365,-56.4408,6.30,Centaurus
5509,HR 5509,221.8837,-43.5568,6.30,Lupus
5542,HR 5542,223.1381,-30.5773,6.30,Centaurus
5682,HR 5682,229.5392,-41.0612,6.30,Lupus
5808,HR 5808,233.9550,38.3739,6.30,Corona Borealis
5847,HR 5847,235.8536,-15.0432,6.30,Libra
5950,HR 5950,239.3743,39.6951,6.30,Hercules
6043,HR 6043,242.9150,33.3428,6.30,Corona Borealis
6057,HR 6057,243.5567,5.9018,6.30,Hercules
6059,HR 6059,244.3372,-53.0864,6.30,Norma
6181,HR 6181,249.4500,13.6870,6.30,Hercules
HD149989,HD 149989,250.1850,-51.4783,6.30,Ara
HD152424,HD 152424,253.7639,-42.0908,6.30,Scorpius
6274,HR 6274,254.0369,-50.6748,6.30,Ara
6395,HR 6395,257.6277,52.4088,6.30,Draco
6382,HR 6382,258.0690,-38.8225,6.30,Scorpius
HD158042,HD 158042,262.2536,-43.9739,6.30,Scorpius
6591,HR 6591,265.1716,31.2875,6.30,Hercules
6601,HR 6601,265.9459,-7.0796,6.30,Ophiuchus
6708,HR 6708,270.4512,-36.3779,6.30,Sagittarius
6847,HR 6847,273.8853,45.2093,6.30,Lyra
6839,HR 6839,274.6673,-42.2884,6.30,Corona Australis
6880,HR 6880,274.9836,51.3478,6.30,Draco
6893,HR 6893,276.4775,-33.9457,6.30,Sagittarius
7034,HR 7034,280.9635,-6.8181,6.30,Scutum
7047,HR 7047,281.1679,23.5899,6.30,Hercules
7093,HR 7093,283.3000,-51.9314,6.30,Telescopium
HD176522,HD 176522,286.0042,-57.9600,6.30,Pavo
7246,HR 7246,287.0607,-24.6574,6.30,Sagittarius
7346,HR 7346,290.1377,35.1860,6.30,Lyra
7403,HR 7403,291.9017,37.9412,6.30,Lyra
7448,HR 7448,293.2919,60.1587,6.30,Draco
7600,HR 7600,298.2552,47.8077,6.30,Cygnus
7725,HR 7725,303.9609,-30.0053,6.30,Sagittarius
7738,3 Cap,304.0950,-12.3371,6.30,Capricornus
7728,HR 7728,304.0984,-36.4536,6.30,Sagittarius
7915,HR 7915,310.7206,-39.5588,6.30,Microscopium
7958,HR 7958,311.6608,46.5317,6.30,Cygnus
8177,HR 8177,321.0868,-46.6147,6.30,Indus
8460,HR 8460,332.7154,30.5530,6.30,Pegasus
8568,HR 8568,337.0812,64.0852,6.30,Cepheus
8608,HR 8608,339.2702,12.5768,6.30,Pegasus
8619,HR 8619,339.9341,-28.3257,6.30,Piscis Austrinus
8746,HR 8746,345.1026,-25.6268,6.30,Piscis Austrinus
HD222683,76 Peg,355.6827,16.3357,6.30,Pegasus
9099,HR 9099,0.9651,66.7122,6.31,Cepheus
318,HR 318,16.7894,53.4982,6.31,Cassiopeia
375,HR 375,20.0810,77.5707,6.31,Cassiopeia
HD9496,HD 9496,23.3262,8.2087,6.31,Pisces
621,HR 621,32.5323,53.8431,6.31,Perseus
859,HR 859,43.2114,-9.4412,6.31,Eridanus
1166,HR 1166,57.9240,68.5075,6.31,Camelopardalis
1196,HR 1196,59.1263,71.8216,6.31,Camelopardalis
1237,HR 1237,60.1537,17.2967,6.31,Taurus
1255,HR 1255,61.6526,54.0087,6.31,Camelopardalis
HD26702,HD 26702,63.7170,37.5427,6.31,Perseus
1319,48 Tau,63.9428,15.4007,6.31,Taurus
1349,HR 1349,64.9059,10.1214,6.31,Taurus
1613,HR 1613,75.1659,-2.0660,6.31,Orion
1970,HR 1970,85.7888,-1.6132,6.31,Orion
2307,HR 2307,95.8103,-31.7903,6.31,Canis Major
HD46347,HD 46347,97.8500,-32.8685,6.31,Canis Major
2528,HR 2528,102.4333,-24.0761,6.31,Canis Major
2534,HR 2534,102.6763,-8.0410,6.31,Monoceros
2556,HR 2556,103.8133,45.8264,6.31,Auriga
2599,HR 2599,104.2504,-8.1793,6.31,Monoceros
2673,HR 2673,107.0553,33.8324,6.31,Gemini
2794,HR 2794,109.8070,-33.7272,6.31,Puppis
HD63291,HD 63291,116.6393,-37.7726,6.31,Puppis
3026,HR 3026,116.9105,-15.9907,6.31,Puppis
3155,HR 3155,120.5256,-37.0500,6.31,Puppis
3189,HR 3189,122.2369,-11.3397,6.31,Monoceros
3265,HR 3265,124.8128,-10.1658,6.31,Hydra
3373,HR 3373,127.8529,-39.0641,6.31,Vela
3332,HR 3332,128.2220,69.3199,6.31,Ursa Major
3352,HR 3352,129.2032,74.7237,6.31,Camelopardalis
3667,HR 3667,138.3576,-38.6165,6.31,Vela
HD81575,HD 81575,141.2828,-43.9766,6.31,Vela
3736,HR 3736,141.3854,16.5856,6.31,Leo
3846,37 Hya,144.9475,-10.5703,6.31,Hydra
3958,HR 3958,151.2933,52.3713,6.31,Ursa Major
3934,HR 3934,152.1433,83.9184,6.31,Camelopardalis
4053,HR 4053,154.6577,-36.8046,6.31,Antlia
4060,HR 4060,154.9978,-9.0590,6.31,Sextans
4245,HR 4245,163.1504,-0.2017,6.31,Leo
4321,HR 4321,166.6147,-50.9567,6.31,Centaurus
4555,HR 4555,178.4595,0.5521,6.31,Virgo
4727,HR 4727,186.2766,63.8028,6.31,Draco
4820,HR 4820,190.5210,-69.4076,6.31,Musca
4854,HR 4854,191.7596,5.9504,6.31,Virgo
4880,HR 4880,193.0227,-48.0943,6.31,Centaurus
4918,HR 4918,194.3880,-22.7535,6.31,Hydra
4984,HR 4984,198.0350,24.2580,6.31,Coma Berenices
5061,HR 5061,201.7766,-49.1437,6.31,Centaurus
5148,HR 5148,205.0970,50.5194,6.31,Ursa Major
5245,HR 5245,209.0436,32.0326,6.31,Canes Venatici
5325,HR 5325,213.9111,-45.0008,6.31,Centaurus
5665,HR 5665,228.3828,22.9834,6.31,Serpens
5949,HR 5949,238.9568,58.9118,6.31,Draco
5921,HR 5921,239.2662,-48.1622,6.31,Norma
5935,HR 5935,239.6283,-37.5039,6.31,Lupus
6150,HR 6150,247.1810,51.4077,6.31,Draco
7394,λ UMi,259.2385,89.0377,6.31,Ursa Minor
6439,HR 6439,259.9981,-5.9175,6.31,Ophiuchus
6621,HR 6621,267.1160,-26.9749,6.31,Sagittarius
6790,HR 6790,271.7228,50.8228,6.31,Draco
6909,HR 6909,276.9323,-26.6348,6.31,Sagittarius
6953,Kap-2 CrA,278.3462,-38.7200,6.31,Corona Australis
6995,HR 6995,279.2877,16.1983,6.31,Hercules
7026,HR 7026,281.0331,-36.7183,6.31,Sagittarius
7186,HR 7186,285.3897,-15.2826,6.31,Sagittarius
7325,HR 7325,289.7198,9.6181,6.31,Aquila
7353,HR 7353,290.7685,-7.4006,6.31,Aquila
7384,HR 7384,291.3433,20.2717,6.31,Vulpecula
7396,HR 7396,291.8913,14.2825,6.31,Aquila
HD185966,HD 185966,295.5122,-9.1937,6.31,Aquila
7639,HR 7639,300.3616,-40.8143,6.31,Sagittarius
8337,HR 8337,327.4209,-12.7229,6.31,Capricornus
8436,HR 8436,331.8748,18.0007,6.31,Pegasus
HD213307,HD 213307,337.2885,58.4041,6.31,Cepheus
8674,HR 8674,341.9841,-25.9120,6.31,Piscis Austrinus
8727,HR 8727,344.3217,-4.8101,6.31,Aquarius
8744,HR 8744,344.7931,52.6545,6.31,Andromeda
9054,HR 9054,359.1248,-24.7372,6.31,Cetus
2,HR 2,1.2659,-0.5030,6.32,Pisces
23,HR 23,2.2599,-54.0019,6.32,Phoenix
145,HR 145,8.9784,13.2071,6.32,Pisces
503,HR 503,25.9589,32.1920,6.32,Triangulum
504,HR 504,26.1105,46.1397,6.32,Andromeda
636,HR 636,32.5200,-43.8156,6.32,Phoenix
797,HR 797,40.6206,10.7417,6.32,Aries
903,HR 903,44.9096,-32.5072,6.32,Fornax
949,HR 949,48.1100,47.7259,6.32,Perseus
1226,HR 1226,59.6215,38.8403,6.32,Perseus
1322,HR 1322,63.8700,6.1869,6.32,Taurus
1515,HR 1515,72.0291,55.6026,6.32,Camelopardalis
1653,Gam-2 Cae,76.1090,-35.7051,6.32,Caelum
1936,HR 1936,83.7393,-61.1760,6.32,Dorado
2044,HR 2044,87.6201,-52.7679,6.32,Pictor
2137,HR 2137,91.2608,37.9643,6.32,Auriga
2121,HR 2121,91.2843,59.3932,6.32,Camelopardalis
HD44394,HD 44394,95.2726,-11.8173,6.32,Canis Major
2277,HR 2277,95.3580,17.7635,6.32,Gemini
HD45420,HD 45420,96.6777,-14.6034,6.32,Canis Major
2368,HR 2368,97.1767,-41.0749,6.32,Columba
HD47012,HD 47012,98.8784,-22.1091,6.32,Canis Major
2544,HR 2544,102.6540,-25.7784,6.32,Canis Major
2541,60 Aur,103.3058,38.4380,6.32,Auriga
2591,HR 2591,103.6112,-42.3656,6.32,Puppis
2625,HR 2625,105.0345,-20.1584,6.32,Canis Major
2743,HR 2743,108.4889,-30.3398,6.32,Canis Major
2829,HR 2829,110.9931,-35.8378,6.32,Puppis
2847,HR 2847,111.4291,-31.7387,6.32,Canis Major
3057,HR 3057,117.3679,-44.7512,6.32,Puppis
3132,Ome-2 Cnc,120.4323,25.0895,6.32,Cancer
3217,HR 3217,122.1027,-63.8008,6.32,Carina
3257,21 Pup,124.3464,-16.2851,6.32,Puppis
3309,HR 3309,126.9033,45.6530,6.32,Lynx
3425,HR 3425,129.6679,-19.7369,6.32,Pyxis
3675,HR 3675,138.8539,-15.0249,6.32,Hydra
3693,HR 3693,138.8947,-57.5777,6.32,Carina
3818,7 Leo,143.9704,14.3796,6.32,Leo
3933,HR 3933,149.2254,-27.4752,6.32,Antlia
4106,35 UMa,157.4768,65.6262,6.32,Ursa Major
HD93206,HD 93206,161.0955,-59.9933,6.32,Carina
4473,HR 4473,174.2551,-32.9882,6.32,Hydra
HD101545,HD 101545,175.1542,-62.5681,6.32,Centaurus
4507,HR 4507,175.2565,-83.0999,6.32,Chamaeleon
4591,HR 4591,180.2572,-1.7682,6.32,Virgo
4698,HR 4698,185.1724,27.0545,6.32,Coma Berenices
4709,HR 4709,186.4095,-86.1506,6.32,Octans
4884,32 Com,193.0511,17.0739,6.32,Coma Berenices
4959,HR 4959,197.3093,-9.5381,6.32,Virgo
4972,HR 4972,197.9711,-63.3030,6.32,Centaurus
5103,HR 5103,203.6207,-48.2722,6.32,Centaurus
5115,HR 5115,204.8001,-75.6838,6.32,Chamaeleon
HD122577,HD 122577,210.7670,-17.3670,6.32,Virgo
5363,HR 5363,214.4550,48.0020,6.32,Boötes
5445,HR 5445,218.5487,32.5345,6.32,Boötes
5650,HR 5650,228.1300,-48.2190,6.32,Lupus
5768,HR 5768,232.3380,62.0995,6.32,Draco
5809,HR 5809,234.5659,-28.2067,6.32,Libra
5861,HR 5861,236.4146,0.8910,6.32,Serpens
5927,HR 5927,239.0601,-14.3994,6.32,Libra
5996,HR 5996,241.7641,-14.0713,6.32,Scorpius
5998,HR 5998,241.9662,-24.4623,6.32,Scorpius
6053,HR 6053,243.6635,-18.5356,6.32,Scorpius
6099,HR 6099,246.2256,-45.3495,6.32,Norma
6248,HR 6248,252.5927,-2.6544,6.32,Ophiuchus
6448,HR 6448,259.1226,60.6706,6.32,Draco
HD158907,HD 158907,263.5703,-48.5268,6.32,Ara
6697,HR 6697,269.3097,23.9959,6.32,Hercules
6757,HR 6757,271.5309,-0.4461,6.32,Serpens
6792,HR 6792,271.7762,49.7104,6.32,Hercules
6808,HR 6808,274.5040,-68.2293,6.32,Pavo
6878,HR 6878,275.7588,-10.2190,6.32,Scutum
7023,HR 7023,280.7296,-19.2842,6.32,Sagittarius
7196,HR 7196,284.7475,50.8091,6.32,Draco
7244,HR 7244,286.4464,29.9217,6.32,Lyra
7341,HR 7341,289.6578,49.5695,6.32,Cygnus
7432,HR 7432,293.8742,-7.4603,6.32,Aquila
7666,HR 7666,299.6742,70.3669,6.32,Draco
7704,HR 7704,301.2225,68.0272,6.32,Draco
7762,HR 7762,304.3711,42.7221,6.32,Cygnus
7810,HR 7810,306.4338,10.0560,6.32,Delphinus
7885,48 Cyg,309.3824,31.5725,6.32,Cygnus
7974,14 Del,312.4511,7.8642,6.32,Delphinus
7989,HR 7989,313.2548,-23.7832,6.32,Capricornus
8074,HR 8074,315.9312,46.8631,6.32,Cygnus
8125,HR 8125,319.5020,-64.6816,6.32,Pavo
8241,HR 8241,323.5715,-42.9247,6.32,Grus
8395,HR 8395,329.4628,74.9967,6.32,Cepheus
8629,HR 8629,340.1998,-3.5542,6.32,Aquarius
8837,HR 8837,348.5599,50.6179,6.32,Andromeda
8873,HR 8873,349.8642,34.7932,6.32,Pegasus
9001,HR 9001,356.5052,-40.1826,6.32,Phoenix
9092,31 Psc,0.6007,8.9568,6.33,Pisces
73,HR 73,4.6773,-43.2356,6.33,Phoenix
363,HR 363,18.5204,28.5296,6.33,Pisces
384,35 Cas,20.2718,64.6581,6.33,Cassiopeia
516,Tau-1 Hyi,25.3388,-79.1482,6.33,Hydrus
488,HR 488,25.7430,61.4211,6.33,Cassiopeia
495,HR 495,25.8186,45.3226,6.33,Andromeda
528,HR 528,26.9490,-37.1595,6.33,Fornax
518,HR 518,26.9501,46.2298,6.33,Andromeda
683,HR 683,34.7438,-25.9457,6.33,Fornax
930,HR 930,47.0160,52.2135,6.33,Perseus
1049,HR 1049,51.5491,-41.6369,6.33,Eridanus
1282,HR 1282,63.2161,68.5012,6.33,Camelopardalis
1455,HR 1455,68.9273,19.8818,6.33,Taurus
1522,HR 1522,71.6007,-2.9545,6.33,Orion
1575,HR 1575,74.0649,24.5922,6.33,Taurus
HD33162,HD 33162,76.9575,-12.5927,6.33,Lepus
1703,HR 1703,78.4469,0.5604,6.33,Orion
1748,HR 1748,79.8970,-1.4119,6.33,Orion
1786,HR 1786,81.1504,2.3532,6.33,Orion
1840,HR 1840,82.5865,-7.4348,6.33,Orion
2239,43 Aur,94.5703,46.3604,6.33,Auriga
2317,HR 2317,96.4464,-3.8890,6.33,Monoceros
2567,HR 2567,103.2513,-26.9576,6.33,Canis Major
2775,HR 2775,110.2629,42.6559,6.33,Auriga
2979,HR 2979,113.8402,-74.2750,6.33,Volans
3032,HR 3032,116.7740,-39.3310,6.33,Puppis
3171,HR 3171,119.8157,-73.2442,6.33,Volans
3336,HR 3336,126.8184,-31.6727,6.33,Pyxis
3394,HR 3394,129.0321,15.3136,6.33,Cancer
3491,HR 3491,130.9764,-68.2116,6.33,Volans
3490,HR 3490,131.7052,-34.6229,6.33,Pyxis
3700,HR 3700,139.4262,-54.4948,6.33,Vela
HD82458,HD 82458,141.9548,-71.7811,6.33,Carina
3822,HR 3822,143.8908,-19.5834,6.33,Hydra
HD84416,HD 84416,145.5541,-66.9148,6.33,Carina
4019,HR 4019,153.4857,-40.3108,6.33,Antlia
4085,HR 4085,156.0549,2.3680,6.33,Sextans
HD90473,26 Sex,156.6538,-0.9881,6.33,Sextans
HD92536,HD 92536,159.8452,-64.1118,6.33,Carina
4351,HR 4351,168.4171,41.0888,6.33,Ursa Major
4412,HR 4412,171.6065,33.4506,6.33,Ursa Major
4683,HR 4683,184.2061,86.4358,6.33,Ursa Minor
HD107610,HD 107610,185.4844,47.1822,6.33,Canes Venatici
4740,HR 4740,186.6016,71.9298,6.33,Draco
4805,HR 4805,189.5184,3.2824,6.33,Virgo
4852,HR 4852,191.1080,80.6210,6.33,Camelopardalis
HD112495,HD 112495,194.3028,-12.0669,6.33,Virgo
5183,HR 5183,206.7380,6.3504,6.33,Virgo
5373,HR 5373,214.9489,38.7941,6.33,Boötes
5398,HR 5398,216.5561,-42.3186,6.33,Centaurus
5503,5 Lib,221.4907,-15.4595,6.33,Libra
5648,HR 5648,227.0814,50.0550,6.33,Boötes
5702,HR 5702,229.8752,32.5149,6.33,Corona Borealis
5819,HR 5819,234.8391,-23.1502,6.33,Libra
5956,HR 5956,240.3315,-31.8891,6.33,Lupus
6036,HR 6036,242.2621,57.9379,6.33,Draco
6238,HR 6238,249.4700,78.9187,6.33,Ursa Minor
6189,HR 6189,249.9130,-9.5546,6.33,Ophiuchus
6231,HR 6231,253.0740,-67.6816,6.33,Triangulum Australe
6284,HR 6284,254.0077,-16.8063,6.33,Ophiuchus
6329,HR 6329,255.4957,8.4507,6.33,Ophiuchus
HD156026,HD 156026,259.0558,-26.5461,6.33,Ophiuchus
6450,HR 6450,260.6634,-37.8046,6.33,Scorpius
6598,HR 6598,264.1667,69.5707,6.33,Draco
6659,HR 6659,267.9977,-1.2368,6.33,Ophiuchus
6696,HR 6696,269.3624,11.0445,6.33,Ophiuchus
6798,HR 6798,272.8116,-19.8420,6.33,Sagittarius
7199,HR 7199,283.3883,75.7874,6.33,Draco
7334,HR 7334,290.5397,-42.0160,6.33,Sagittarius
7320,HR 7320,291.0229,-68.3711,6.33,Pavo
7452,HR 7452,294.0348,22.5858,6.33,Vulpecula
7470,53 Sgr,294.9561,-23.4277,6.33,Sagittarius
7493,46 Aql,295.5534,12.1933,6.33,Aquila
7642,HR 7642,299.6431,38.1057,6.33,Cygnus
7983,HR 7983,312.4777,46.6613,6.33,Cygnus
8057,HR 8057,315.7575,14.7300,6.33,Delphinus
8191,HR 8191,321.1023,10.1743,6.33,Equuleus
8271,HR 8271,325.1404,-55.7380,6.33,Indus
8376,HR 8376,329.5554,-5.4249,6.33,Aquarius
8584,HR 8584,337.8931,29.5428,6.33,Pegasus
8624,41 Peg,339.9459,19.6811,6.33,Pegasus
8677,HR 8677,341.8468,58.4830,6.33,Cepheus
8706,HR 8706,343.2974,40.1674,6.33,Lacerta
8791,HR 8791,346.7893,-49.6061,6.33,Grus
8856,HR 8856,349.4170,-11.7129,6.33,Aquarius
8897,HR 8897,350.8831,0.2913,6.33,Pisces
9019,HR 9019,357.2247,59.9790,6.33,Cassiopeia
HD565,HD 565,2.4671,-62.2968,6.34,Tucana
52,HR 52,3.7790,31.5357,6.34,Andromeda
398,HR 398,21.4429,70.9799,6.34,Cassiopeia
410,HR 410,21.5365,34.5797,6.34,Andromeda
HD10262,HD 10262,25.1455,8.7608,6.34,Pisces
704,71 Cet,36.2433,-2.7800,6.34,Cetus
1274,HR 1274,61.4446,-20.5126,6.34,Eridanus
1357,HR 1357,64.0873,-60.9485,6.34,Reticulum
1378,62 Tau,65.9990,24.3010,6.34,Taurus
1462,HR 1462,69.0070,-3.6116,6.34,Eridanus
1512,HR 1512,71.4269,23.6280,6.34,Taurus
1596,HR 1596,74.5455,-2.2127,6.34,Orion
1766,HR 1766,80.0863,-34.6989,6.34,Columba
1777,HR 1777,80.8794,5.3231,6.34,Orion
1980,HR 1980,86.1183,-20.1266,6.34,Lepus
2068,HR 2068,88.5584,-29.1472,6.34,Columba
2153,HR 2153,92.0964,41.0557,6.34,Auriga
2613,HR 2613,104.8341,7.3170,6.34,Monoceros
2680,HR 2680,106.5020,-30.6557,6.34,Canis Major
2733,HR 2733,108.4516,-22.9058,6.34,Canis Major
2755,HR 2755,108.9471,-23.7403,6.34,Canis Major
2933,HR 2933,114.3205,-23.7754,6.34,Puppis
2915,HR 2915,114.3242,40.0254,6.34,Lynx
HD63696,HD 63696,117.4166,-14.0854,6.34,Puppis
3074,HR 3074,117.8347,-43.0952,6.34,Puppis
3127,HR 3127,120.2533,23.5831,6.34,Cancer
3130,HR 3130,120.4799,35.4131,6.34,Lynx
3150,HR 3150,120.6082,-6.3371,6.34,Monoceros
HD67621,HD 67621,121.6734,-48.4974,6.34,Vela
3382,HR 3382,127.8732,-54.3940,6.34,Vela
3405,HR 3405,129.7496,52.9251,6.34,Ursa Major
3455,HR 3455,130.1814,-57.5455,6.34,Carina
3526,HR 3526,133.1008,5.3403,6.34,Hydra
3649,HR 3649,137.9818,5.4686,6.34,Hydra
3907,HR 3907,148.0499,0.0756,6.34,Sextans
3929,HR 3929,149.4869,45.4143,6.34,Ursa Major
3984,HR 3984,152.0069,-37.3334,6.34,Antlia
3987,HR 3987,152.7457,40.6616,6.34,Leo Minor
HD90074,HD 90074,155.5435,-58.2656,6.34,Carina
4091,HR 4091,155.9610,-57.9539,6.34,Carina
4202,41 UMa,161.5938,57.3659,6.34,Ursa Major
HD93649,HD 93649,161.7004,-69.2098,6.34,Carina
4252,HR 4252,163.3871,-15.4458,6.34,Crater
4308,HR 4308,165.9022,-13.4349,6.34,Crater
4349,HR 4349,167.8732,-71.4362,6.34,Carina
4547,HR 4547,177.8413,-12.1878,6.34,Crater
HD104111,HD 104111,179.8568,-62.8309,6.34,Crux
4627,HR 4627,182.4462,74.6614,6.34,Draco
4641,68 UMa,182.9371,57.0544,6.34,Ursa Major
4647,HR 4647,183.3039,-34.1253,6.34,Hydra
4651,HR 4651,183.4033,-33.7929,6.34,Hydra
4649,HR 4649,183.4853,-78.5739,6.34,Chamaeleon
4843,HR 4843,191.1129,44.1030,6.34,Canes Venatici
HD113919,HD 113919,197.1160,-67.7968,6.34,Musca
HD115088,HD 115088,199.7014,-79.9760,6.34,Chamaeleon
5045,HR 5045,200.5164,43.9034,6.34,Canes Venatici
5076,HR 5076,201.9986,52.7456,6.34,Ursa Major
5208,HR 5208,207.9021,-36.4333,6.34,Centaurus
5282,HR 5282,210.4612,68.6787,6.34,Draco
5292,HR 5292,212.2344,-59.2767,6.34,Centaurus
HD128294,HD 128294,220.4990,-77.0115,6.34,Apus
5518,HR 5518,221.9790,-12.8400,6.34,Libra
5566,HR 5566,224.5367,-48.8630,6.34,Lupus
5706,HR 5706,230.1959,-2.4133,6.34,Serpens
6273,HR 6273,253.6498,-30.5873,6.34,Scorpius
6361,HR 6361,256.7207,-1.6562,6.34,Ophiuchus
6376,HR 6376,256.9445,40.5161,6.34,Hercules
6390,HR 6390,257.9385,7.8948,6.34,Ophiuchus
6482,HR 6482,261.1408,15.6060,6.34,Hercules
6473,HR 6473,261.1543,-18.4458,6.34,Ophiuchus
6589,HR 6589,265.2958,15.1784,6.34,Hercules
6754,HR 6754,271.1675,23.9420,6.34,Hercules
6784,HR 6784,272.1406,14.2847,6.34,Ophiuchus
7045,HR 7045,281.5048,-19.6064,6.34,Sagittarius
7269,HR 7269,287.4650,-0.4281,6.34,Aquila
7268,HR 7268,287.7579,-39.0047,6.34,Corona Australis
7354,HR 7354,290.7015,9.9131,6.34,Aquila
7409,7 Vul,292.3371,20.2797,6.34,Vulpecula
7563,HR 7563,296.6861,68.4380,6.34,Draco
7700,HR 7700,302.1595,10.7259,6.34,Aquila
7712,Xi-1 Cap,302.9912,-12.3924,6.34,Capricornus
HD195772,HD 195772,309.1597,-63.1210,6.34,Pavo
7940,HR 7940,310.8070,57.1140,6.34,Cepheus
7962,HR 7962,311.5885,52.9953,6.34,Cygnus
8071,HR 8071,315.9672,41.6282,6.34,Cygnus
8068,HR 8068,316.1891,2.2698,6.34,Aquarius
8442,HR 8442,331.7902,58.8407,6.34,Cepheus
8680,HR 8680,342.4968,-32.8055,6.34,Piscis Austrinus
8831,HR 8831,348.2666,29.4415,6.34,Pegasus
8849,HR 8849,349.7857,-79.4724,6.34,Octans
8914,HR 8914,352.0029,-35.5445,6.34,Sculptor
9044,HR 9044,358.5892,-27.0429,6.34,Sculptor
53,HR 53,3.7940,27.2834,6.35,Andromeda
55,HR 55,4.0579,76.9508,6.35,Cepheus
75,HR 75,4.9232,40.7295,6.35,Andromeda
313,77 Psc,16.4551,4.9084,6.35,Pisces
394,HR 394,20.6270,-19.0812,6.35,Cetus
470,HR 470,25.0546,53.8683,6.35,Perseus
482,HR 482,25.5737,58.6277,6.35,Cassiopeia
532,HR 532,27.3309,-31.0725,6.35,Fornax
HD13747,HD 13747,33.6582,28.6912,6.35,Triangulum
734,HR 734,37.0182,-64.2998,6.35,Horologium
814,HR 814,40.8343,-40.5279,6.35,Eridanus
803,HR 803,40.9635,25.6383,6.35,Aries
846,HR 846,43.2168,52.9974,6.35,Perseus
1120,HR 1120,55.0477,-15.2265,6.35,Eridanus
HD24368,HD 24368,58.3937,25.6829,6.35,Taurus
1233,HR 1233,59.9187,10.3304,6.35,Taurus
HD28591,HD 28591,67.9873,36.7427,6.35,Perseus
1539,ζ Cae,71.9566,-30.0204,6.35,Caelum
1750,HR 1750,80.2472,27.9573,6.35,Taurus
1819,HR 1819,82.1449,13.6790,6.35,Orion
1966,HR 1966,85.3622,-33.4007,6.35,Columba
1954,HR 1954,85.5166,22.6603,6.35,Taurus
2073,HR 2073,87.8462,-64.0336,6.35,Dorado
2066,HR 2066,89.1407,28.9423,6.35,Auriga
2157,HR 2157,91.1186,-45.0366,6.35,Puppis
HD44780,HD 44780,96.1823,25.0487,6.35,Gemini
2302,HR 2302,96.2199,16.0571,6.35,Orion
2328,HR 2328,96.6869,-7.5119,6.35,Monoceros
2433,HR 2433,99.1711,-22.6147,6.35,Canis Major
2434,HR 2434,99.9912,44.0141,6.35,Auriga
2499,HR 2499,101.8477,18.1935,6.35,Gemini
2895,HR 2895,113.0928,-35.9612,6.35,Puppis
3098,HR 3098,119.3179,1.1270,6.35,Canis Minor
3142,HR 3142,119.8013,-49.9769,6.35,Puppis
HD66885,HD 66885,121.1360,-25.6997,6.35,Puppis
3167,28 Lyn,121.7914,43.2604,6.35,Lynx
3369,Ups-2 Cnc,128.2505,24.0848,6.35,Cancer
3392,HR 3392,128.8540,2.7434,6.35,Hydra
3443,HR 3443,129.8051,-60.3173,6.35,Carina
3497,HR 3497,131.9183,-41.7368,6.35,Vela
3506,HR 3506,133.2747,59.0561,6.35,Ursa Major
HD89805,HD 89805,154.9252,-65.1372,6.35,Carina
4188,HR 4188,160.3230,-59.6769,6.35,Carina
HD93739,HD 93739,161.8775,-69.4377,6.35,Carina
4297,HR 4297,165.2391,-15.7927,6.35,Crater
4346,HR 4346,168.0616,-32.4338,6.35,Hydra
4385,HR 4385,169.6427,-79.6687,6.35,Chamaeleon
4410,80 Leo,171.4586,3.8601,6.35,Leo
4493,HR 4493,175.1143,57.9704,6.35,Ursa Major
HD108395,HD 108395,186.8701,-58.3164,6.35,Crux
4811,9 CVn,189.6928,40.8747,6.35,Canes Venatici
5277,HR 5277,211.1124,-14.9717,6.35,Virgo
5309,HR 5309,213.1024,-24.3634,6.35,Hydra
HD125279,HD 125279,214.7798,-27.1411,6.35,Hydra
5597,HR 5597,225.1613,47.2774,6.35,Boötes
5630,HR 5630,226.6465,36.4561,6.35,Boötes
5822,HR 5822,235.0647,-31.2138,6.35,Lupus
5989,HR 5989,241.4357,-6.2911,6.35,Ophiuchus
HD148390,HD 148390,246.8845,2.8706,6.35,Ophiuchus
6191,HR 6191,247.6626,77.4465,6.35,Ursa Minor
HD151965,HD 151965,253.1142,-40.7232,6.35,Scorpius
6290,HR 6290,253.8166,13.6199,6.35,Hercules
6307,HR 6307,254.4263,24.3813,6.35,Hercules
6343,HR 6343,255.9694,19.6905,6.35,Hercules
6372,HR 6372,257.2272,-3.8830,6.35,Ophiuchus
6463,HR 6463,260.3894,16.7312,6.35,Hercules
6830,HR 6830,273.9914,-3.6180,6.35,Serpens
6911,HR 6911,275.9499,53.3008,6.35,Draco
6996,HR 6996,280.5943,-64.6430,6.35,Pavo
7038,HR 7038,281.3277,-21.0016,6.35,Sagittarius
HD172226,HD 172226,284.5418,-83.4222,6.35,Octans
7168,HR 7168,285.1034,-24.9422,6.35,Sagittarius
7229,HR 7229,285.5293,52.2611,6.35,Draco
7280,HR 7280,287.8791,26.7359,6.35,Lyra
HD184313,HD 184313,293.4418,5.4657,6.35,Aquila
HD193469,HD 193469,304.7397,39.0042,6.35,Cygnus
HD194578,HD 194578,306.5067,13.9116,6.35,Delphinus
7832,HR 7832,307.7367,-29.1127,6.35,Microscopium
7842,HR 7842,308.2182,-24.9438,6.35,Capricornus
7991,HR 7991,313.3540,-30.7190,6.35,Microscopium
8197,HR 8197,321.0964,24.5284,6.35,Vulpecula
8176,HR 8176,323.4770,-82.6831,6.35,Octans
8587,HR 8587,338.1954,15.8633,6.35,Pegasus
8672,HR 8672,342.3227,-70.3480,6.35,Indus
8738,HR 8738,344.6776,7.3401,6.35,Pisces
8867,HR 8867,349.3286,75.2990,6.35,Cepheus
8871,HR 8871,349.9298,-33.7081,6.35,Sculptor
HD221147,11 Psc,352.3624,-1.7912,6.35,Pisces
8955,HR 8955,354.1271,32.9042,6.35,Andromeda
9080,HR 9080,0.1818,45.2533,6.36,Andromeda
325,HR 325,16.8038,-23.9963,6.36,Cetus
374,HR 374,19.3505,31.7446,6.36,Pisces
391,HR 391,20.8390,58.1430,6.36,Cassiopeia
584,HR 584,29.4723,-65.4247,6.36,Hydrus
686,HR 686,34.8532,-41.8484,6.36,Phoenix
746,HR 746,38.8662,39.6644,6.36,Andromeda
853,HR 853,42.6992,-39.9322,6.36,Eridanus
HD19850,HD 19850,47.7720,-13.2643,6.36,Eridanus
1018,HR 1018,50.5678,-25.5878,6.36,Fornax
1263,HR 1263,61.0363,-16.5887,6.36,Eridanus
1323,HR 1323,63.3988,-40.3578,6.36,Horologium
1359,HR 1359,64.7620,-33.9046,6.36,Eridanus
1510,HR 1510,72.6516,70.9415,6.36,Camelopardalis
1566,HR 1566,73.7432,19.4854,6.36,Taurus
1650,HR 1650,78.6481,76.4728,6.36,Camelopardalis
HD35775,HD 35775,81.8142,2.3412,6.36,Orion
1904,HR 1904,84.4408,33.5592,6.36,Auriga
2116,HR 2116,90.4235,22.4010,6.36,Gemini
2182,HR 2182,92.3342,-18.1264,6.36,Lepus
2431,HR 2431,98.9752,-36.0886,6.36,Columba
2445,HR 2445,99.2136,-41.5571,6.36,Columba
2467,HR 2467,100.4968,6.3454,6.36,Monoceros
2531,HR 2531,100.9031,-73.1182,6.36,Volans
2598,HR 2598,103.9782,-31.7902,6.36,Canis Major
2614,HR 2614,104.5315,-27.1644,6.36,Canis Major
2681,HR 2681,108.4917,71.8166,6.36,Camelopardalis
2772,47 Cam,110.5716,59.9020,6.36,Camelopardalis
HD58898,HD 58898,112.1663,27.5529,6.36,Gemini
3039,HR 3039,118.1518,55.2094,6.36,Lynx
3100,HR 3100,118.7518,-52.5833,6.36,Carina
3094,HR 3094,119.5690,43.9774,6.36,Lynx
3195,HR 3195,122.1568,-37.6812,6.36,Puppis
3368,HR 3368,127.4016,-55.1909,6.36,Carina
3385,HR 3385,128.2438,-34.6340,6.36,Pyxis
HD72798,HD 72798,128.2578,-45.7529,6.36,Vela
3510,54 Cnc,132.7561,15.3507,6.36,Cancer
3568,HR 3568,133.7252,-58.2397,6.36,Carina
HD79699,HD 79699,138.2109,-60.9168,6.36,Carina
3854,HR 3854,145.6796,48.4310,6.36,Ursa Major
3897,HR 3897,147.4640,-36.2685,6.36,Antlia
3969,HR 3969,151.4205,15.7575,6.36,Leo
HD88806,HD 88806,153.5373,-23.8139,6.36,Hydra
4078,HR 4078,155.9240,29.6159,6.36,Leo Minor
4183,HR 4183,160.2148,-35.7417,6.36,Antlia
4268,HR 4268,163.1194,-79.5594,6.36,Chamaeleon
4270,50 LMi,164.1435,25.5002,6.36,Leo Minor
4276,HR 4276,164.4508,-59.7322,6.36,Carina
HD104080,HD 104080,179.7945,-45.8322,6.36,Centaurus
4676,HR 4676,184.4344,15.1447,6.36,Coma Berenices
4710,HR 4710,185.8108,-67.6315,6.36,Musca
4741,HR 4741,186.9253,8.6103,6.36,Virgo
5014,HR 5014,199.3744,-0.6761,6.36,Virgo
5093,HR 5093,203.3996,-65.6327,6.36,Musca
5258,HR 5258,209.9553,-3.5498,6.36,Virgo
HD122443,HD 122443,210.4034,17.6684,6.36,Boötes
5322,HR 5322,213.5888,-5.9477,6.36,Virgo
5382,HR 5382,216.4157,-66.1729,6.36,Circinus
5400,HR 5400,216.7078,-39.8740,6.36,Centaurus
5423,HR 5423,217.4032,41.7959,6.36,Boötes
5561,HR 5561,224.1490,-39.4160,6.36,Centaurus
HD134657,HD 134657,228.4966,-61.3430,6.36,Circinus
5711,HR 5711,230.2787,24.9580,6.36,Serpens
5773,HR 5773,233.5869,-39.3492,6.36,Lupus
6082,20 UMi,243.1340,75.2107,6.36,Ursa Minor
6176,HR 6176,249.1789,15.4975,6.36,Hercules
6249,HR 6249,253.0802,-41.8545,6.36,Scorpius
6313,HR 6313,254.4591,42.5125,6.36,Hercules
6422,HR 6422,259.5855,-32.5531,6.36,Scorpius
6467,HR 6467,260.1405,48.1888,6.36,Hercules
HD156992,HD 156992,260.4232,-24.9061,6.36,Ophiuchus
6512,HR 6512,262.4473,-5.9195,6.36,Ophiuchus
6543,HR 6543,263.4282,14.8416,6.36,Hercules
6599,HR 6599,265.1565,43.4707,6.36,Hercules
6600,HR 6600,265.9517,-13.5087,6.36,Serpens
HD162521,HD 162521,269.1009,-65.7217,6.36,Pavo
6709,HR 6709,270.0653,0.6295,6.36,Ophiuchus
6719,HR 6719,270.2202,6.2683,6.36,Ophiuchus
6799,HR 6799,272.2926,30.4695,6.36,Hercules
6824,HR 6824,273.1776,41.1468,6.36,Hercules
6836,HR 6836,274.3489,-28.2890,6.36,Sagittarius
6890,HR 6890,276.0150,-3.5832,6.36,Serpens
6915,HR 6915,277.3036,-43.8459,6.36,Corona Australis
6956,HR 6956,278.0861,-14.6443,6.36,Scutum
6963,HR 6963,278.3446,-5.9117,6.36,Scutum
6972,HR 6972,278.9985,-29.6991,6.36,Sagittarius
7008,HR 7008,279.9037,5.2643,6.36,Serpens
7297,HR 7297,289.5407,-53.3871,6.36,Telescopium
7471,HR 7471,294.7041,3.3815,6.36,Aquila
7523,HR 7523,296.2044,40.7168,6.36,Cygnus
7691,HR 7691,302.7809,-57.5242,6.36,Pavo
7755,HR 7755,303.9302,50.2329,6.36,Cygnus
HD195902,HD 195902,308.9492,-44.3376,6.36,Microscopium
7898,HR 7898,310.0489,-23.7739,6.36,Capricornus
7999,HR 7999,313.2807,29.6491,6.36,Cygnus
8019,HR 8019,315.3668,-68.2096,6.36,Pavo
HD202710,HD 202710,319.0714,44.2382,6.36,Cygnus
8261,HR 8261,324.0583,30.0554,6.36,Cygnus
8364,HR 8364,328.5726,19.7181,6.36,Pegasus
8397,HR 8397,330.5057,10.9738,6.36,Pegasus
8412,HR 8412,331.1438,32.9417,6.36,Pegasus
HD210244,HD 210244,332.3707,-23.6591,6.36,Aquarius
8473,HR 8473,332.5638,72.1113,6.36,Cepheus
8456,HR 8456,332.5918,14.6299,6.36,Pegasus
8567,56 Aqr,337.5723,-14.5857,6.36,Aquarius
8638,HR 8638,340.3804,30.9659,6.36,Pegasus
8669,HR 8669,342.0889,-61.6844,6.36,Tucana
HD216727,HD 216727,343.8775,-20.1394,6.36,Aquarius
8839,HR 8839,348.6520,24.1029,6.36,Pegasus
9020,HR 9020,357.2996,58.9632,6.36,Cassiopeia
9038,HR 9038,358.1030,75.5446,6.36,Cepheus
381,HR 381,20.4957,76.2388,6.37,Cassiopeia
HD9151,HD 9151,22.4284,-25.6177,6.37,Sculptor
535,HR 535,27.4536,-38.4028,6.37,Fornax
HD11965,HD 11965,29.0392,-49.8364,6.37,Eridanus
576,HR 576,29.6112,-33.0668,6.37,Fornax
653,HR 653,33.9905,47.8119,6.37,Andromeda
924,HR 924,46.1694,15.8560,6.37,Aries
953,HR 953,47.6474,-23.7385,6.37,Eridanus
1023,HR 1023,50.9125,4.8821,6.37,Taurus
1032,HR 1032,52.5808,71.8639,6.37,Cassiopeia
1071,HR 1071,53.4218,57.8687,6.37,Camelopardalis
HD24834,HD 24834,59.1153,-13.5975,6.37,Eridanus
1294,HR 1294,61.8392,-64.2223,6.37,Reticulum
HD28086,HD 28086,66.5056,4.3735,6.37,Taurus
1436,HR 1436,68.0200,5.4100,6.37,Taurus
HD29163,HD 29163,68.6589,-24.0405,6.37,Eridanus
1647,HR 1647,77.4355,64.9195,6.37,Camelopardalis
1753,HR 1753,79.8226,-18.5199,6.37,Lepus
2090,HR 2090,89.1435,-23.2153,6.37,Lepus
2184,HR 2184,92.7574,18.1305,6.37,Orion
2225,HR 2225,93.4387,-23.8619,6.37,Canis Major
2236,HR 2236,93.9749,1.1691,6.37,Orion
2318,HR 2318,96.1829,-28.7801,6.37,Canis Major
2471,HR 2471,101.0522,36.1093,6.37,Auriga
2543,HR 2543,102.9141,3.0420,6.37,Monoceros
2645,HR 2645,106.2874,47.7750,6.37,Lynx
2898,HR 2898,113.9833,43.0310,6.37,Lynx
2926,HR 2926,114.5599,24.3604,6.37,Gemini
3036,HR 3036,116.1828,-66.0719,6.37,Volans
3063,8 Pup,117.9204,-12.8194,6.37,Puppis
3143,HR 3143,119.8065,-49.9738,6.37,Puppis
3190,HR 3190,122.1816,-20.3632,6.37,Puppis
3458,HR 3458,130.9991,4.3346,6.37,Hydra
3632,HR 3632,136.5318,-64.4998,6.37,Carina
HD77246,HD 77246,137.8030,80.8289,6.37,Camelopardalis
3848,HR 3848,145.0836,-10.7692,6.37,Hydra
4103,HR 4103,157.1522,45.2122,6.37,Ursa Major
4244,HR 4244,163.0570,1.0250,6.37,Leo
4543,HR 4543,177.7306,12.2790,6.37,Leo
4613,HR 4613,181.4992,-3.1316,6.37,Virgo
4758,HR 4758,187.5199,-13.3932,6.37,Corvus
4994,HR 4994,198.8571,-69.6793,6.37,Musca
5039,HR 5039,200.7608,-48.5628,6.37,Centaurus
5108,HR 5108,203.5911,38.7893,6.37,Canes Venatici
5458,HR 5458,219.8522,-49.0553,6.37,Lupus
6356,HR 6356,257.5262,-61.6755,6.37,Ara
6466,HR 6466,260.3802,28.7581,6.37,Hercules
6504,HR 6504,262.0097,-8.2084,6.37,Ophiuchus
HD159968,HD 159968,264.0892,27.5666,6.37,Hercules
6592,HR 6592,265.2729,24.5133,6.37,Hercules
6674,HR 6674,268.0038,46.6436,6.37,Hercules
6646,HR 6646,271.3615,-81.4866,6.37,Apus
6906,HR 6906,276.4801,14.9662,6.37,Hercules
7099,HR 7099,282.6898,10.9764,6.37,Aquila
7164,HR 7164,284.8616,-18.5664,6.37,Sagittarius
7205,HR 7205,285.7792,-19.1030,6.37,Sagittarius
7368,HR 7368,290.8917,33.2220,6.37,Lyra
7402,HR 7402,292.3390,-7.0441,6.37,Aquila
7428,HR 7428,292.8065,55.7318,6.37,Cygnus
7438,HR 7438,293.8547,2.9136,6.37,Aquila
7449,HR 7449,294.0654,14.3911,6.37,Aquila
7475,HR 7475,294.8556,16.5711,6.37,Sagitta
7435,HR 7435,294.9673,-66.6855,6.37,Pavo
HD186506,HD 186506,295.7949,38.6717,6.37,Cygnus
7680,HR 7680,301.3606,15.5004,6.37,Aquila
7849,HR 7849,307.9925,25.8050,6.37,Vulpecula
8072,HR 8072,315.8586,50.3519,6.37,Cygnus
8361,HR 8361,327.9052,65.7527,6.37,Cepheus
8437,HR 8437,332.1777,-33.1257,6.37,Piscis Austrinus
8607,HR 8607,338.9666,56.0706,6.37,Lacerta
HD215549,HD 215549,341.3937,30.4426,6.37,Pegasus
HD216553,HD 216553,343.5235,-19.1751,6.37,Aquarius
8768,HR 8768,345.6881,44.0588,6.37,Andromeda
HD220524,HD 220524,351.0370,41.6129,6.37,Andromeda
8917,HR 8917,352.0216,-11.4498,6.37,Aquarius
1704,HR 1704,78.3887,-8.1478,6.37,Orion
9102,HR 9102,1.0846,-29.2688,6.38,Sculptor
158,HR 158,9.9487,82.4938,6.38,Cepheus
238,HR 238,12.7389,51.5080,6.38,Cassiopeia
465,HR 465,24.6326,45.3997,6.38,Andromeda
517,HR 517,26.5044,-27.3488,6.38,Fornax
619,HR 619,32.1398,44.4594,6.38,Andromeda
627,5 Per,32.8716,57.6455,6.38,Perseus
858,HR 858,42.9843,-30.8145,6.38,Fornax
916,HR 916,45.8756,28.2699,6.38,Aries
933,HR 933,46.9473,47.3087,6.38,Perseus
1082,HR 1082,52.9735,-25.6141,6.38,Fornax
1386,HR 1386,65.7823,-35.5448,6.38,Eridanus
1404,HR 1404,66.3296,-44.1609,6.38,Caelum
1406,HR 1406,67.2166,30.3615,6.38,Taurus
HD33238,HD 33238,77.0552,-15.0954,6.38,Lepus
1825,HR 1825,82.6878,39.8259,6.38,Auriga
1984,HR 1984,85.9214,-45.8329,6.38,Pictor
2032,HR 2032,87.3922,-44.8754,6.38,Pictor
2115,HR 2115,90.7229,43.3783,6.38,Auriga
2371,19 Gem,97.9060,15.9035,6.38,Gemini
HD56176,HD 56176,109.2642,26.6895,6.38,Gemini
2836,HR 2836,111.6158,10.6081,6.38,Canis Minor
2888,HR 2888,112.2142,-64.5098,6.38,Volans
HD59603,HD 59603,112.7866,11.2030,6.38,Canis Minor
2945,HR 2945,114.4376,-38.0104,6.38,Puppis
3027,HR 3027,116.9384,-16.0145,6.38,Puppis
HD63838,HD 63838,117.7226,0.0796,6.38,Canis Minor
3238,HR 3238,123.4211,-33.5695,6.38,Puppis
3374,HR 3374,128.1390,-15.0301,6.38,Hydra
3384,HR 3384,128.2150,-31.5009,6.38,Pyxis
3517,HR 3517,132.4682,-39.1416,6.38,Vela
HD76004,HD 76004,132.9585,-44.1509,6.38,Vela
HD79456,HD 79456,138.3398,-29.6644,6.38,Pyxis
4013,HR 4013,153.3532,-33.0317,6.38,Antlia
4059,HR 4059,154.8848,-5.1061,6.38,Sextans
4207,HR 4207,161.5237,6.3732,6.38,Leo
4286,HR 4286,165.2737,63.4211,6.38,Ursa Major
4452,HR 4452,173.4846,36.8156,6.38,Ursa Major
4509,HR 4509,175.7275,-79.3064,6.38,Chamaeleon
HD103482,HD 103482,178.6859,-66.3762,6.38,Musca
4688,9 Com,184.8731,28.1569,6.38,Coma Berenices
4782,HR 4782,188.4965,-49.9098,6.38,Centaurus
4838,HR 4838,190.9944,-36.3492,6.38,Centaurus
5333,HR 5333,213.6707,21.8734,6.38,Boötes
5347,HR 5347,214.1012,39.7447,6.38,Boötes
5474,HR 5474,220.4635,-30.9332,6.38,Centaurus
HD130942,HD 130942,223.7252,-69.8610,6.38,Circinus
HD132953,HD 132953,225.5357,-7.5753,6.38,Libra
HD138085,HD 138085,232.3005,16.3956,6.38,Serpens
HD143321,HD 143321,240.5187,-51.1208,6.38,Norma
6239,HR 6239,252.0370,13.5903,6.38,Hercules
6301,HR 6301,254.3835,13.8841,6.38,Hercules
6358,HR 6358,256.5402,9.7339,6.38,Ophiuchus
6359,HR 6359,256.5544,10.4539,6.38,Ophiuchus
6499,HR 6499,261.5036,26.8787,6.38,Hercules
6503,HR 6503,262.3567,-38.5169,6.38,Scorpius
6612,HR 6612,265.7731,44.0843,6.38,Hercules
6767,HR 6767,271.2533,41.9463,6.38,Hercules
6806,HR 6806,272.4061,38.4578,6.38,Hercules
6785,HR 6785,272.4307,-13.9344,6.38,Serpens
6760,HR 6760,272.4899,-59.0402,6.38,Pavo
7413,HR 7413,291.6103,62.5571,6.38,Draco
7529,HR 7529,296.4152,36.0910,6.38,Cygnus
7588,HR 7588,299.7206,-68.7626,6.38,Pavo
7671,HR 7671,301.2726,-11.5994,6.38,Aquila
7795,HR 7795,305.5127,41.1321,6.38,Cygnus
7827,HR 7827,306.5978,56.6387,6.38,Cygnus
7877,HR 7877,309.4676,-25.1092,6.38,Capricornus
7954,HR 7954,311.9495,3.3065,6.38,Delphinus
7994,HR 7994,313.2733,-11.5737,6.38,Aquarius
8133,HR 8133,318.4270,64.4040,6.38,Cepheus
8121,HR 8121,318.6544,0.0923,6.38,Aquarius
8184,HR 8184,321.0330,-22.7471,6.38,Capricornus
8192,20 Aqr,321.2153,-3.3984,6.38,Aquarius
8340,HR 8340,327.5541,-16.8449,6.38,Capricornus
HD209709,HD 209709,331.2644,14.8159,6.38,Pegasus
8434,HR 8434,331.5565,56.3434,6.38,Cepheus
8503,HR 8503,334.1235,27.8040,6.38,Pegasus
8528,HR 8528,335.4620,42.0782,6.38,Lacerta
8617,HR 8617,339.5725,45.1829,6.38,Lacerta
8735,HR 8735,344.5986,-1.4102,6.38,Pisces
HD218365,HD 218365,346.7709,35.6365,6.38,Andromeda
HD220288,HD 220288,350.6191,25.9185,6.38,Pegasus
HD222125,HD 222125,354.5126,-15.0951,6.38,Aquarius
6660,HR 6660,268.4396,-34.7861,6.38,Scorpius
88,9 Cet,5.7158,-12.2094,6.39,Cetus
141,HR 141,8.7307,13.3711,6.39,Pisces
200,HR 200,11.6597,69.3254,6.39,Cassiopeia
243,HR 243,12.8263,3.3850,6.39,Pisces
261,HR 261,14.2294,68.7757,6.39,Cassiopeia
HD7733,HD 7733,19.5579,57.8032,6.39,Cassiopeia
438,HR 438,23.0316,34.8000,6.39,Triangulum
452,HR 452,23.9689,41.0764,6.39,Andromeda
HD9889,HD 9889,24.1814,7.8315,6.39,Pisces
HD13004,HD 13004,31.7169,-19.1389,6.39,Cetus
722,HR 722,36.3603,-66.4940,6.39,Horologium
1042,Chi-1 For,51.4827,-35.9209,6.39,Fornax
1095,HR 1095,53.6399,-31.8748,6.39,Fornax
1234,HR 1234,60.3118,36.9895,6.39,Perseus
HD25904,HD 25904,64.4660,80.5358,6.39,Cepheus
HD34200,HD 34200,80.1695,66.7469,6.39,Camelopardalis
1826,HR 1826,82.2371,-3.3074,6.39,Orion
2123,HR 2123,91.1213,51.5734,6.39,Auriga
2235,HR 2235,94.0991,17.1816,6.39,Orion
HD45090,HD 45090,96.4680,11.1259,6.39,Monoceros
2403,HR 2403,98.3611,-20.9240,6.39,Canis Major
2426,HR 2426,99.4037,10.8533,6.39,Monoceros
2570,HR 2570,103.5358,-5.8522,6.39,Monoceros
2641,HR 2641,105.2073,-33.4655,6.39,Puppis
2840,HR 2840,111.6717,11.0088,6.39,Canis Minor
2941,HR 2941,114.0067,-55.8877,6.39,Carina
3019,HR 3019,116.6863,-12.6753,6.39,Puppis
3231,HR 3231,123.5875,13.0483,6.39,Cancer
3375,HR 3375,127.7943,-47.8666,6.39,Vela
3427,39 Cnc,130.0267,20.0078,6.39,Cancer
3542,HR 3542,133.1701,-52.1289,6.39,Vela
3559,HR 3559,133.9829,-23.8183,6.39,Pyxis
3586,HR 3586,135.4199,39.7135,6.39,Lynx
3611,HR 3611,135.7722,-53.5504,6.39,Vela
3617,HR 3617,136.8621,22.9809,6.39,Cancer
3806,HR 3806,144.4844,73.0804,6.39,Draco
3867,HR 3867,145.6723,-35.5017,6.39,Antlia
3930,HR 3930,149.0222,-40.8245,6.39,Vela
3935,HR 3935,149.0912,-51.3362,6.39,Vela
HD90057,HD 90057,155.8861,-3.6429,6.39,Sextans
4326,HR 4326,166.6012,-64.8400,6.39,Carina
4348,HR 4348,168.1450,-21.7493,6.39,Crater
HD104755,HD 104755,180.9352,5.5578,6.39,Virgo
4713,HR 4713,185.9031,-39.3024,6.39,Centaurus
HD107869,HD 107869,185.9493,-30.3354,6.39,Hydra
4812,HR 4812,189.7591,22.6595,6.39,Coma Berenices
4816,HR 4816,189.8202,35.9520,6.39,Canes Venatici
4840,HR 4840,190.7673,61.1554,6.39,Ursa Major
5227,HR 5227,207.7471,68.3153,6.39,Draco
5276,HR 5276,211.0607,-5.3814,6.39,Virgo
5281,HR 5281,211.6048,-59.7159,6.39,Centaurus
5289,HR 5289,212.0595,-63.2079,6.39,Centaurus
HD126307,HD 126307,216.0083,27.4132,6.39,Boötes
5417,HR 5417,217.7359,-40.8451,6.39,Centaurus
5441,HR 5441,218.3345,36.9590,6.39,Boötes
5432,HR 5432,218.8211,-60.0156,6.39,Centaurus
5454,HR 5454,219.0286,23.2504,6.39,Boötes
HD129092,HD 129092,220.8673,-62.9667,6.39,Circinus
HD131491,HD 131491,224.1598,-62.3644,6.39,Circinus
HD137366,HD 137366,232.7050,-71.6541,6.39,Apus
5769,HR 5769,232.8429,36.6166,6.39,Corona Borealis
5893,HR 5893,238.0534,-29.8866,6.39,Lupus
5990,HR 5990,241.4992,-6.1398,6.39,Ophiuchus
HD145957,HD 145957,243.0273,39.0555,6.39,Corona Borealis
6101,HR 6101,244.5408,68.5545,6.39,Draco
6735,HR 6735,268.6114,75.1713,6.39,Draco
6777,HR 6777,272.4998,-32.7196,6.39,Sagittarius
6886,HR 6886,275.2798,49.7255,6.39,Draco
6994,HR 6994,281.9550,-77.8682,6.39,Octans
7212,HR 7212,285.4515,33.6213,6.39,Lyra
7276,HR 7276,288.1168,-21.6584,6.39,Sagittarius
HD185114,HD 185114,293.7551,52.5020,6.39,Cygnus
7520,HR 7520,296.1591,34.4142,6.39,Cygnus
7494,HR 7494,299.0068,-81.3498,6.39,Octans
HD190227,HD 190227,300.7034,31.9588,6.39,Cygnus
7696,HR 7696,302.0271,16.6644,6.39,Sagitta
7709,HR 7709,302.7920,-8.8423,6.39,Capricornus
7823,HR 7823,306.7824,34.3291,6.39,Cygnus
7907,HR 7907,309.9662,11.2496,6.39,Delphinus
8170,HR 8170,320.2559,40.3451,6.39,Cygnus
8219,HR 8219,322.1035,8.1956,6.39,Pegasus
8211,HR 8211,322.2505,-53.7059,6.39,Indus
8247,HR 8247,323.8165,-23.4543,6.39,Capricornus
8372,HR 8372,329.0999,21.2399,6.39,Pegasus
8370,HR 8370,330.4693,-77.6625,6.39,Octans
8396,29 Aqr,330.6094,-16.9648,6.39,Aquarius
8467,HR 8467,333.1828,-4.7207,6.39,Aquarius
8507,HR 8507,334.5178,-0.2377,6.39,Aquarius
8583,58 Aqr,337.9222,-10.9056,6.39,Aquarius
HD214028,61 Aqr,338.9534,-17.4604,6.39,Aquarius
8652,HR 8652,340.7680,47.1688,6.39,Lacerta
8714,HR 8714,343.6484,16.9418,6.39,Pegasus
8785,HR 8785,346.3235,1.3071,6.39,Pisces
8881,HR 8881,350.0599,61.9701,6.39,Cassiopeia
8928,HR 8928,352.7548,-6.2881,6.39,Aquarius
8934,13 Psc,352.9899,-1.0859,6.39,Pisces
HD2410,46 Psc,6.9936,19.5140,6.40,Pisces
162,HR 162,9.3259,-54.3938,6.40,Phoenix
278,HR 278,15.1288,70.9830,6.40,Cassiopeia
346,32 Cet,17.5498,-8.9061,6.40,Cetus
354,HR 354,18.2910,61.7062,6.40,Cassiopeia
606,HR 606,30.6178,-29.6656,6.40,Fornax
624,HR 624,32.3463,17.2242,6.40,Aries
HD14433,HD 14433,35.4810,57.2429,6.40,Perseus
770,HR 770,39.5031,7.6953,6.40,Cetus
808,36 Ari,41.0796,17.7639,6.40,Aries
HD20367,HD 20367,49.4169,31.1270,6.40,Aries
1013,HR 1013,50.1883,-26.6065,6.40,Fornax
1021,HR 1021,50.3893,-47.7767,6.40,Horologium
1102,HR 1102,54.4493,15.4306,6.40,Taurus
1271,HR 1271,55.6363,-85.2620,6.40,Octans
HD29559,HD 29559,69.3303,-41.8729,6.40,Caelum
1546,HR 1546,73.2908,52.8412,6.40,Camelopardalis
1694,HR 1694,77.6858,-25.9105,6.40,Lepus
1759,HR 1759,80.1100,-5.3675,6.40,Orion
1900,HR 1900,83.8996,-3.2528,6.40,Orion
1944,HR 1944,84.8176,-17.8494,6.40,Lepus
1945,HR 1945,85.3374,29.4874,6.40,Auriga
2025,HR 2025,88.1653,39.5747,6.40,Auriga
2278,HR 2278,94.4656,-52.7330,6.40,Carina
2321,HR 2321,96.4951,-7.8950,6.40,Monoceros
2605,40 Gem,104.8664,25.9142,6.40,Gemini
2642,HR 2642,106.5051,59.8019,6.40,Lynx
2792,HR 2792,110.5559,38.9959,6.40,Auriga
HD59826,HD 59826,113.3535,37.1879,6.40,Lynx
2923,HR 2923,114.0309,-22.1605,6.40,Puppis
HD61589,HD 61589,114.8508,-16.8473,6.40,Puppis
3006,HR 3006,115.5426,-58.6309,6.40,Carina
2987,HR 2987,116.0586,12.8601,6.40,Canis Minor
3172,HR 3172,121.4568,-0.5733,6.40,Monoceros
3233,HR 3233,123.2148,-37.9245,6.40,Puppis
HD69054,HD 69054,125.5397,74.8204,6.40,Camelopardalis
HD72913,HD 72913,128.6238,-27.0982,6.40,Pyxis
3689,HR 3689,139.4640,11.5011,6.40,Cancer
3710,HR 3710,139.9497,-34.1033,6.40,Pyxis
HD80461,HD 80461,140.3484,45.3701,6.40,Ursa Major
3832,34 Hya,144.4646,-9.4244,6.40,Hydra
HD84046,HD 84046,144.9381,-62.9429,6.40,Carina
HD88015,HD 88015,151.8988,-48.2608,6.40,Vela
4215,HR 4215,162.2078,65.1325,6.40,Ursa Major
HD94724,HD 94724,163.8634,-43.0205,6.40,Vela
HD96372,HD 96372,166.6834,17.7374,6.40,Leo
4340,HR 4340,168.0455,68.2719,6.40,Ursa Major
4435,HR 4435,172.7209,47.9289,6.40,Ursa Major
4489,HR 4489,174.7518,-24.7211,6.40,Crater
4632,3 Com,182.6318,16.8093,6.40,Coma Berenices
HD109675,HD 109675,189.1942,-50.3354,6.40,Centaurus
5065,HR 5065,201.8111,-40.1627,6.40,Centaurus
5080,HR 5080,202.4283,-23.2813,6.40,Hydra
5171,HR 5171,206.7953,-62.5897,6.40,Centaurus
5319,HR 5319,213.8388,-53.5099,6.40,Centaurus
HD126759,HD 126759,217.2163,-47.9921,6.40,Lupus
5483,HR 5483,220.4760,21.1236,6.40,Boötes
HD133518,HD 133518,226.7332,-52.0298,6.40,Lupus
HD138395,HD 138395,233.3513,-40.4909,6.40,Lupus
HD141846,HD 141846,239.9797,-78.0273,6.40,Apus
HD143548,HD 143548,241.0258,-59.1762,6.40,Norma
6042,HR 6042,243.4396,-24.4221,6.40,Scorpius
HD146059,HD 146059,244.2456,-53.6962,6.40,Norma
HD146436,HD 146436,244.2467,-20.1041,6.40,Scorpius
HD150493,HD 150493,250.3197,1.2454,6.40,Ophiuchus
6319,20 Dra,254.1054,65.0391,6.40,Draco
HD153201,HD 153201,255.2793,-56.5551,6.40,Ara
6564,HR 6564,264.0337,28.1851,6.40,Hercules
6593,HR 6593,265.8238,-27.8840,6.40,Ophiuchus
6740,HR 6740,271.9515,-64.5502,6.40,Pavo
6939,HR 6939,278.3727,-58.7088,6.40,Pavo
7014,HR 7014,280.4269,-14.5642,6.40,Scutum
7160,HR 7160,281.4086,79.9427,6.40,Draco
7321,24 Aql,289.7123,0.3390,6.40,Aquila
7364,HR 7364,290.9455,20.2644,6.40,Vulpecula
7874,26 Vul,309.0347,25.8826,6.40,Vulpecula
8142,HR 8142,319.7258,-28.7658,6.40,Microscopium
8152,HR 8152,320.3192,-49.9382,6.40,Indus
HD207119,HD 207119,326.3017,52.2676,6.40,Cygnus
8519,HR 8519,335.1647,50.9808,6.40,Lacerta
8647,67 Aqr,340.8094,-6.9629,6.40,Aquarius
8713,HR 8713,343.8121,-36.3886,6.40,Grus
8951,HR 8951,353.8836,-7.4644,6.40,Aquarius
8990,HR 8990,355.6309,61.6794,6.40,Cassiopeia
HD371,HD 371,2.1369,63.2040,6.41,Cassiopeia
129,HR 129,8.3301,70.9818,6.41,Cassiopeia
HD3074,HD 3074,8.4325,-35.0021,6.41,Sculptor
207,HR 207,11.6769,59.5745,6.41,Cassiopeia
316,HR 316,16.7505,56.9350,6.41,Cassiopeia
350,HR 350,17.5307,-57.6944,6.41,Phoenix
HD9731,HD 9731,23.7149,-23.6997,6.41,Cetus
893,HR 893,44.3859,-38.1909,6.41,Fornax
HD19549,HD 19549,47.3339,20.7611,6.41,Aries
967,HR 967,49.3814,65.6584,6.41,Camelopardalis
HD21585,HD 21585,52.2659,3.2487,6.41,Taurus
1059,HR 1059,52.9543,49.4011,6.41,Perseus
1097,HR 1097,54.5007,42.5828,6.41,Perseus
HD26625,HD 26625,63.0011,-17.2747,6.41,Eridanus
1429,HR 1429,67.0394,-41.9598,6.41,Caelum
1807,HR 1807,81.6618,6.8687,6.41,Orion
HD35681,HD 35681,82.0039,33.7637,6.41,Auriga
1820,HR 1820,82.0061,1.2983,6.41,Orion
1959,HR 1959,85.4181,-2.8965,6.41,Orion
2151,HR 2151,90.5389,-60.0968,6.41,Pictor
2272,HR 2272,95.2996,29.5408,6.41,Auriga
2292,HR 2292,95.8270,3.7645,6.41,Monoceros
2592,HR 2592,103.1893,-59.3412,6.41,Carina
2621,HR 2621,104.6821,-30.9980,6.41,Canis Major
2984,HR 2984,115.3405,-44.6322,6.41,Puppis
3135,HR 3135,120.1839,-2.8819,6.41,Monoceros
3397,HR 3397,128.6331,-32.5987,6.41,Pyxis
3472,HR 3472,131.3365,-2.6011,6.41,Hydra
3504,HR 3504,132.6880,18.8322,6.41,Cancer
3534,HR 3534,133.1612,-36.5453,6.41,Pyxis
3723,HR 3723,140.8824,25.1828,6.41,Leo
HD82969,HD 82969,144.4063,60.2137,6.41,Ursa Major
3967,HR 3967,150.7059,-62.1567,6.41,Carina
4128,HR 4128,157.6635,-61.3565,6.41,Carina
4283,HR 4283,165.1065,51.5021,6.41,Ursa Major
4345,HR 4345,168.1349,35.8141,6.41,Ursa Major
4389,HR 4389,170.0173,-71.9943,6.41,Musca
4596,HR 4596,180.6190,-71.4890,6.41,Musca
4719,HR 4719,186.1117,25.5824,6.41,Coma Berenices
HD109132,HD 109132,188.1367,-21.2121,6.41,Corvus
4835,HR 4835,190.8682,-58.9027,6.41,Crux
5122,HR 5122,204.5318,-58.4146,6.41,Centaurus
5331,HR 5331,213.7209,3.3359,6.41,Virgo
HD125809,HD 125809,215.8140,-47.4170,6.41,Lupus
5550,HR 5550,223.3473,15.7052,6.41,Boötes
HD133800,22 Lib,226.7044,-16.4844,6.41,Libra
HD140274,HD 140274,236.2483,-50.7855,6.41,Norma
5862,HR 5862,236.8564,-40.1942,6.41,Lupus
5877,HR 5877,237.0075,31.7356,6.41,Corona Borealis
6051,HR 6051,243.6204,-21.1076,6.41,Scorpius
6110,HR 6110,245.7354,32.3330,6.41,Corona Borealis
6345,HR 6345,254.7607,69.1862,6.41,Draco
6336,HR 6336,255.5713,31.8841,6.41,Hercules
6613,HR 6613,266.7804,-38.1122,6.41,Scorpius
HD161475,HD 161475,267.4709,-61.7147,6.41,Pavo
6663,HR 6663,268.4922,-34.8311,6.41,Scorpius
6744,HR 6744,270.8107,19.6132,6.41,Hercules
6901,HR 6901,275.9887,38.7392,6.41,Lyra
6958,HR 6958,278.0287,3.6596,6.41,Serpens
7030,HR 7030,280.4221,31.6176,6.41,Lyra
HD194263,HD 194263,306.1740,1.3686,6.41,Aquila
7819,HR 7819,307.1816,-15.7415,6.41,Capricornus
HD195190,HD 195190,308.7763,-71.1888,6.41,Pavo
7966,HR 7966,311.8365,45.5799,6.41,Cygnus
7997,HR 7997,313.5274,-27.9252,6.41,Microscopium
8067,HR 8067,316.1735,2.9423,6.41,Equuleus
8134,HR 8134,319.3064,-13.2790,6.41,Aquarius
HD204603,HD 204603,322.3937,6.5814,6.41,Pegasus
HD205358,HD 205358,323.6782,1.8292,6.41,Aquarius
8365,HR 8365,328.9818,-30.6059,6.41,Piscis Austrinus
8384,HR 8384,329.2962,66.1562,6.41,Cepheus
8445,HR 8445,332.0679,49.7970,6.41,Lacerta
8509,HR 8509,335.1511,-57.5098,6.41,Tucana
8565,HR 8565,337.5062,-12.9151,6.41,Aquarius
8575,HR 8575,337.5271,49.3564,6.41,Lacerta
8589,HR 8589,338.0779,54.0370,6.41,Lacerta
8803,HR 8803,346.7935,59.7274,6.41,Cassiopeia
8838,HR 8838,348.5905,29.7718,6.41,Pegasus
8886,HR 8886,350.1439,62.2133,6.41,Cassiopeia
8933,HR 8933,352.9293,28.4035,6.41,Pegasus
HD221493,HD 221493,353.1210,23.8436,6.41,Pegasus
9017,HR 9017,357.1627,64.8765,6.41,Cassiopeia
416,HR 416,21.6139,-0.3990,6.42,Cetus
418,HR 418,21.8611,41.1012,6.42,Andromeda
HD11365,HD 11365,27.9075,-6.8741,6.42,Cetus
HD11964,HD 11964,29.2900,-10.2424,6.42,Cetus
945,HR 945,47.5368,27.8198,6.42,Aries
1072,HR 1072,53.1624,44.8558,6.42,Perseus
1096,HR 1096,53.2146,-61.0169,6.42,Reticulum
HD27860,HD 27860,66.0603,12.1580,6.42,Taurus
1564,ι Pic,72.7355,-53.4597,6.42,Pictor
HD31423,HD 31423,74.0374,7.9047,6.42,Orion
1640,HR 1640,75.9672,-14.3702,6.42,Lepus
HD33463,HD 33463,77.9096,29.9036,6.42,Auriga
1724,HR 1724,79.1710,1.9473,6.42,Orion
1912,HR 1912,83.4347,-54.9023,6.42,Pictor
1929,HR 1929,84.8630,21.7629,6.42,Taurus
2079,HR 2079,89.9409,55.3209,6.42,Auriga
2126,HR 2126,91.6632,63.4538,6.42,Camelopardalis
HD45215,HD 45215,96.5398,-3.5157,6.42,Monoceros
2563,HR 2563,102.8857,-48.2928,6.42,Puppis
2744,24 Mon,108.8309,-0.1613,6.42,Monoceros
2806,HR 2806,110.5086,-8.9794,6.42,Monoceros
HD58681,HD 58681,112.2193,46.3146,6.42,Lynx
3001,HR 3001,115.9288,-38.2019,6.42,Puppis
HD63475,HD 63475,117.3846,12.8142,6.42,Canis Minor
3103,HR 3103,119.5246,7.2135,6.42,Canis Minor
3219,HR 3219,122.7570,-37.2924,6.42,Puppis
HD69904,HD 69904,124.4423,-36.0676,6.42,Puppis
HD69629,HD 69629,124.5601,15.6779,6.42,Cancer
3263,HR 3263,125.6836,60.6312,6.42,Ursa Major
3337,HR 3337,127.1215,-2.5171,6.42,Hydra
3428,HR 3428,130.0920,19.6699,6.42,Cancer
3463,HR 3463,130.7375,-35.9433,6.42,Pyxis
HD75306,HD 75306,132.0609,-28.6388,6.42,Pyxis
HD75217,HD 75217,132.1560,-1.0448,6.42,Hydra
3548,HR 3548,133.4615,-40.4475,6.42,Vela
3666,HR 3666,139.9823,74.0166,6.42,Camelopardalis
3901,HR 3901,147.8401,-6.1819,6.42,Sextans
HD87122,HD 87122,150.3000,-56.0966,6.42,Vela
3968,HR 3968,151.0974,-39.9759,6.42,Antlia
4022,HR 4022,153.3383,-61.6588,6.42,Carina
4044,HR 4044,154.7448,46.7608,6.42,Ursa Major
4048,HR 4048,154.7530,24.7121,6.42,Leo
4098,HR 4098,157.0161,48.7849,6.42,Ursa Major
HD90966,HD 90966,157.0761,-63.1646,6.42,Carina
HD91094,HD 91094,157.2654,-65.1762,6.42,Carina
HD92000,36 LMi,159.4678,34.0786,6.42,Leo Minor
HD93551,HD 93551,162.3700,63.8100,6.42,Ursa Major
HD98025,HD 98025,168.9282,-57.3559,6.42,Carina
4550,Groombridge 1830,178.2423,37.7187,6.42,Ursa Major
4574,HR 4574,179.5299,32.2739,6.42,Ursa Major
4579,HR 4579,179.7266,-25.9089,6.42,Hydra
4858,35 Vir,191.9642,3.5727,6.42,Virgo
HD112060,HD 112060,193.3838,19.4811,6.42,Coma Berenices
5083,HR 5083,202.1909,50.7186,6.42,Canes Venatici
5078,HR 5078,202.3122,-1.3644,6.42,Virgo
HD119784,HD 119784,206.3060,10.3253,6.42,Boötes
HD119727,HD 119727,206.5605,-54.6834,6.42,Centaurus
HD121758,HD 121758,209.4953,-25.9981,6.42,Hydra
5307,HR 5307,212.8800,1.3624,6.42,Virgo
HD125490,HD 125490,214.9717,-6.7462,6.42,Virgo
5327,HR 5327,216.0924,-82.8482,6.42,Apus
5939,HR 5939,240.2947,-63.7765,6.42,Triangulum Australe
6169,HR 6169,248.8595,17.0573,6.42,Hercules
6392,HR 6392,258.6152,-39.7666,6.42,Scorpius
6454,HR 6454,260.6582,-35.9107,6.42,Scorpius
6490,HR 6490,261.7304,-25.9435,6.42,Ophiuchus
HD158228,HD 158228,261.9337,8.4420,6.42,Ophiuchus
6532,HR 6532,263.0620,11.9300,6.42,Ophiuchus
6720,HR 6720,270.1152,19.5058,6.42,Hercules
HD165784,HD 165784,272.1608,-21.4496,6.42,Sagittarius
6967,HR 6967,278.3471,8.2683,6.42,Ophiuchus
HD179419,HD 179419,289.2522,-65.2277,6.42,Pavo
HD181295,HD 181295,290.6572,-51.2313,6.42,Telescopium
7509,HR 7509,295.5173,55.4632,6.42,Cygnus
7551,HR 7551,297.2108,33.4373,6.42,Cygnus
HD195909,HD 195909,308.4997,4.8987,6.42,Delphinus
7856,HR 7856,308.6975,-30.4735,6.42,Microscopium
7970,HR 7970,312.6965,-32.0546,6.42,Microscopium
7996,HR 7996,313.0016,32.8489,6.42,Cygnus
8153,HR 8153,319.3283,58.6115,6.42,Cepheus
8221,HR 8221,322.2496,17.9059,6.42,Pegasus
8129,HR 8129,323.0120,-84.8101,6.42,Octans
8244,HR 8244,323.7208,-29.6961,6.42,Piscis Austrinus
8521,Pi-1 Gru,335.6842,-45.9479,6.42,Grus
8605,HR 8605,339.1514,11.6966,6.42,Pegasus
8776,HR 8776,346.0032,6.6163,6.42,Pisces
9078,HR 9078,0.0996,26.9181,6.43,Pegasus
11,HR 11,1.9338,-2.5487,6.43,Pisces
HD1142,HD 1142,3.9786,61.0002,6.43,Cassiopeia
HD1879,HD 1879,5.7683,-15.9426,6.43,Cetus
160,HR 160,9.1567,-65.1244,6.43,Tucana
161,HR 161,9.3770,3.1354,6.43,Pisces
HD3605,HD 3605,9.7032,-25.1078,6.43,Sculptor
HD8896,HD 8896,21.8471,-22.3382,6.43,Cetus
HD9895,HD 9895,23.9607,-39.9471,6.43,Phoenix
HD10024,HD 10024,24.4670,-3.4407,6.43,Cetus
HD11944,HD 11944,28.8319,-60.3125,6.43,Hydrus
HD12702,HD 12702,31.0519,-11.8598,6.43,Cetus
641,HR 641,33.4234,58.5606,6.43,Perseus
HD13763,HD 13763,33.4731,-9.0646,6.43,Cetus
1077,HR 1077,53.7543,60.0414,6.43,Camelopardalis
1152,22 Tau,56.5121,24.5279,6.43,Taurus
1299,HR 1299,62.6911,-35.2738,6.43,Eridanus
1598,HR 1598,73.3770,-66.6754,6.43,Dorado
1636,Mago,77.4027,69.6394,6.43,Camelopardalis
HD34878,HD 34878,80.1823,2.5448,6.43,Orion
HD37781,HD 37781,84.5726,-50.6410,6.43,Pictor
2208,HR 2208,93.3021,10.6271,6.43,Orion
2319,HR 2319,96.8980,32.5629,6.43,Auriga
2439,HR 2439,99.8812,24.6002,6.43,Gemini
2493,HR 2493,101.2165,-27.3417,6.43,Canis Major
2692,HR 2692,107.5279,21.2470,6.43,Gemini
HD57707,HD 57707,110.6180,0.7008,6.43,Canis Minor
HD61750,HD 61750,115.0876,-11.7526,6.43,Puppis
3060,HR 3060,117.7503,-24.5286,6.43,Puppis
3221,HR 3221,123.9605,60.3806,6.43,Ursa Major
3261,HR 3261,124.4928,-30.0037,6.43,Puppis
3338,HR 3338,127.0824,-8.8163,6.43,Hydra
3501,HR 3501,132.0366,-42.4634,6.43,Vela
HD76027,HD 76027,133.2722,-16.9525,6.43,Hydra
3622,HR 3622,136.1999,-57.8526,6.43,Carina
3798,HR 3798,143.0766,-28.6278,6.43,Antlia
3812,HR 3812,143.2820,-39.1291,6.43,Antlia
HD86341,HD 86341,149.4329,-1.9418,6.43,Sextans
3961,13 Sex,151.0351,3.2011,6.43,Sextans
3998,34 Leo,152.9092,13.3551,6.43,Leo
HD92155,HD 92155,159.3172,-53.8553,6.43,Vela
4212,HR 4212,161.1350,-70.8553,6.43,Carina
HD97344,HD 97344,167.9910,-26.8061,6.43,Hydra
4388,HR 4388,170.4555,57.0749,6.43,Ursa Major
4397,HR 4397,170.4878,-77.6084,6.43,Chamaeleon
HD100659,HD 100659,173.7454,-4.3613,6.43,Leo
4836,HR 4836,190.8594,-40.1778,6.43,Centaurus
4857,HR 4857,191.9735,-24.8517,6.43,Hydra
4873,HR 4873,192.5720,22.8634,6.43,Coma Berenices
4950,HR 4950,196.2074,73.0250,6.43,Ursa Minor
4939,HR 4939,196.3783,-52.1157,6.43,Centaurus
HD113694,HD 113694,197.0854,-78.4460,6.43,Chamaeleon
5010,HR 5010,199.1344,19.7853,6.43,Coma Berenices
5152,HR 5152,205.7277,-50.7902,6.43,Centaurus
5204,HR 5204,207.4372,36.6328,6.43,Canes Venatici
5198,HR 5198,207.5808,-39.9009,6.43,Centaurus
5209,HR 5209,207.8348,-24.3904,6.43,Hydra
5305,3 UMi,211.7352,74.5938,6.43,Ursa Minor
HD123247,HD 123247,211.9201,-48.7040,6.43,Centaurus
HD126093,HD 126093,216.1701,-44.3111,6.43,Lupus
5504,HR 5504,221.5454,-21.1760,6.43,Libra
HD137798,HD 137798,232.2444,-28.8669,6.43,Libra
6038,HR 6038,242.3583,55.8290,6.43,Draco
6012,HR 6012,242.4803,-18.3406,6.43,Scorpius
6160,HR 6160,248.7823,-45.2444,6.43,Scorpius
6312,HR 6312,255.4431,-51.1310,6.43,Ara
HD156860,HD 156860,259.9438,2.1395,6.43,Ophiuchus
6531,HR 6531,262.6675,38.8822,6.43,Hercules
6517,HR 6517,262.9473,-33.7032,6.43,Scorpius
6665,HR 6665,267.9936,15.3264,6.43,Hercules
HD167162,HD 167162,273.4676,2.3935,6.43,Ophiuchus
6949,HR 6949,276.9255,59.5491,6.43,Draco
7016,HR 7016,280.0080,30.8495,6.43,Lyra
7185,HR 7185,284.8012,39.2173,6.43,Lyra
7466,HR 7466,294.2901,29.3337,6.43,Cygnus
7490,HR 7490,295.3110,22.4528,6.43,Vulpecula
HD186535,HD 186535,296.1721,8.7265,6.43,Aquila
7693,HR 7693,301.9599,9.3998,6.43,Aquila
7841,HR 7841,307.4997,45.9286,6.43,Cygnus
7914,HR 7914,310.1881,19.9355,6.43,Delphinus
HD203265,HD 203265,319.6351,61.1844,6.43,Cepheus
HD205011,HD 205011,322.9590,23.8452,6.43,Pegasus
8235,HR 8235,323.1386,-24.5904,6.43,Capricornus
8233,HR 8233,323.3234,-52.7378,6.43,Indus
HD206793,HD 206793,325.9921,22.8153,6.43,Pegasus
HD209111,HD 209111,328.6106,80.3086,6.43,Cepheus
8440,HR 8440,332.4911,-48.1077,6.43,Grus
8570,ζ PsA,337.7240,-26.0738,6.43,Piscis Austrinus
8586,39 Peg,338.1478,20.2300,6.43,Pegasus
8651,HR 8651,340.7310,37.8027,6.43,Lacerta
8661,HR 8661,341.2047,52.5172,6.43,Lacerta
8737,HR 8737,344.6462,9.3569,6.43,Pegasus
HD217731,HD 217731,345.5472,44.5729,6.43,Andromeda
8778,HR 8778,345.8390,58.5639,6.43,Cassiopeia
8784,HR 8784,346.2762,16.5628,6.43,Pegasus
8816,HR 8816,347.4565,-14.5106,6.43,Aquarius
8810,HR 8810,348.0519,-80.9127,6.43,Octans
HD220766,HD 220766,351.6478,-21.7408,6.43,Aquarius
8920,HR 8920,352.2534,-44.4981,6.43,Phoenix
8986,HR 8986,355.5611,44.9917,6.43,Andromeda
HD2358,HD 2358,6.8794,16.0255,6.44,Pisces
108,HR 108,7.0879,-20.3351,6.44,Cetus
251,HR 251,13.3019,-24.7769,6.44,Cetus
HD5459,HD 5459,14.3315,61.4219,6.44,Cassiopeia
HD6403,HD 6403,16.1358,-33.5328,6.44,Sculptor
HD6734,29 Cet,16.9986,1.9930,6.44,Cetus
362,Revati B,18.4386,7.5783,6.44,Pisces
379,HR 379,19.6959,37.3863,6.44,Andromeda
HD8733,HD 8733,21.5983,20.0708,6.44,Pisces
HD9690,HD 9690,23.7138,-3.5239,6.44,Cetus
HD11421,HD 11421,27.8598,-39.8359,6.44,Phoenix
HD11396,HD 11396,27.9421,-15.6475,6.44,Cetus
540,HR 540,28.4520,55.5976,6.44,Perseus
HD12730,HD 12730,31.2125,7.7357,6.44,Pisces
673,HR 673,34.8446,48.9555,6.44,Andromeda
HD17605,HD 17605,42.6471,36.9483,6.44,Perseus
979,HR 979,49.2977,40.4830,6.44,Perseus
HD23712,HD 23712,57.0273,24.9884,6.44,Taurus
1391,70 Tau,66.4055,15.9410,6.44,Taurus
HD35575,HD 35575,81.4021,-1.4913,6.44,Orion
1828,18 Cam,83.1406,57.2211,6.44,Camelopardalis
HD37250,HD 37250,84.7863,41.3586,6.44,Auriga
2098,HR 2098,89.2042,-31.9762,6.44,Columba
2274,HR 2274,94.0784,-59.2135,6.44,Pictor
HD46037,HD 46037,97.5492,-19.2149,6.44,Canis Major
2407,HR 2407,98.2927,-38.6252,6.44,Columba
2404,14 Mon,98.6930,7.5725,6.44,Monoceros
2417,HR 2417,99.3637,24.5909,6.44,Gemini
2658,HR 2658,105.5645,-43.4039,6.44,Puppis
2656,HR 2656,105.9894,-10.1238,6.44,Monoceros
HD59721,HD 59721,113.4647,51.3141,6.44,Lynx
3133,HR 3133,119.5894,-51.4485,6.44,Carina
HD67690,13 Cnc,122.5546,25.8445,6.44,Cancer
3256,HR 3256,123.8469,-50.4492,6.44,Vela
3273,HR 3273,124.8730,-34.5901,6.44,Puppis
3317,HR 3317,126.4140,-17.4394,6.44,Puppis
HD72303,HD 72303,127.3742,-54.2118,6.44,Carina
3404,HR 3404,128.8022,-39.9705,6.44,Vela
3608,HR 3608,136.6798,59.3445,6.44,Ursa Major
3880,19 Leo,146.8582,11.5682,6.44,Leo
4242,HR 4242,163.1337,52.5036,6.44,Ursa Major
HD95509,HD 95509,165.1512,-53.1118,6.44,Vela
4307,HR 4307,165.8169,-31.9608,6.44,Hydra
HD95572,HD 95572,165.8641,70.0307,6.44,Ursa Major
HD96660,HD 96660,166.8922,-48.6400,6.44,Centaurus
4373,HR 4373,169.4119,-34.7373,6.44,Hydra
4420,HR 4420,171.9945,-35.3288,6.44,Hydra
4498,HR 4498,175.2851,-29.1963,6.44,Hydra
4601,HR 4601,180.9355,-74.2141,6.44,Musca
4684,HR 4684,184.7584,26.0083,6.44,Coma Berenices
HD112826,HD 112826,194.5786,64.9255,6.44,Draco
HD113537,HD 113537,196.2778,-47.1169,6.44,Centaurus
HD116429,HD 116429,200.9879,-20.9246,6.44,Virgo
5053,HR 5053,201.1272,12.4318,6.44,Virgo
5158,HR 5158,206.0667,-51.0125,6.44,Centaurus
5341,HR 5341,214.0891,-6.6215,6.44,Virgo
HD129624,HD 129624,221.3285,-51.3149,6.44,Lupus
HD129899,HD 129899,222.8753,-77.1760,6.44,Apus
5642,HR 5642,227.8950,-45.2775,6.44,Lupus
HD135468,HD 135468,229.2292,-46.2024,6.44,Lupus
5748,HR 5748,231.6341,54.0203,6.44,Draco
HD137785,HD 137785,232.3303,-38.6350,6.44,Lupus
6156,34 Her,247.5252,48.9611,6.44,Hercules
HD150052,HD 150052,249.6989,-8.6186,6.44,Ophiuchus
HD155061,HD 155061,257.0029,31.2062,6.44,Hercules
6518,HR 6518,261.2525,67.3067,6.44,Draco
6489,HR 6489,261.4911,-1.6518,6.44,Ophiuchus
6587,HR 6587,265.7786,-33.0513,6.44,Scorpius
6639,HR 6639,267.3293,1.9614,6.44,Ophiuchus
7170,HR 7170,285.2679,-37.0616,6.44,Corona Australis
7207,HR 7207,285.4560,22.2644,6.44,Vulpecula
7233,HR 7233,287.2179,-55.7204,6.44,Telescopium
7255,HR 7255,287.4156,-39.8272,6.44,Corona Australis
7376,HR 7376,291.0252,36.4521,6.44,Lyra
HD185435,HD 185435,294.4201,35.0225,6.44,Cygnus
7542,HR 7542,297.1271,10.6941,6.44,Aquila
7513,HR 7513,297.4726,-66.8131,6.44,Pavo
7638,HR 7638,299.4838,42.2608,6.44,Cygnus
7658,HR 7658,300.9346,-22.5956,6.44,Sagittarius
HD192699,Chechia,304.0250,4.5808,6.44,Aquila
7818,HR 7818,306.2709,59.6001,6.44,Cygnus
HD194841,HD 194841,306.8091,20.4765,6.44,Delphinus
7998,HR 7998,313.4933,-6.8895,6.44,Aquarius
8095,HR 8095,317.4928,2.9437,6.44,Equuleus
8320,HR 8320,326.4354,35.8573,6.44,Cygnus
8446,HR 8446,332.5006,-28.2924,6.44,Piscis Austrinus
HD212466,HD 212466,335.7792,55.9632,6.44,Cepheus
HD217590,HD 217590,345.4316,3.5309,6.44,Pisces
8792,HR 8792,346.6328,19.9109,6.44,Pegasus
8857,HR 8857,349.3194,45.1642,6.44,Andromeda
8953,HR 8953,353.9831,24.5610,6.44,Pegasus
HD222748,HD 222748,355.7710,51.9393,6.44,Cassiopeia
9026,HR 9026,357.4566,-25.3313,6.44,Sculptor
150,HR 150,9.0132,-14.9730,6.45,Cetus
HD10725,HD 10725,26.1820,-6.7662,6.45,Cetus
HD12894,HD 12894,31.1462,-54.8817,6.45,Eridanus
HD12918,HD 12918,34.1888,83.5614,6.45,Cepheus
676,HR 676,34.7415,23.1678,6.45,Aries
703,HR 703,36.0838,-25.8475,6.45,Fornax
HD15228,HD 15228,36.8475,10.1983,6.45,Cetus
719,HR 719,36.9997,1.9608,6.45,Cetus
HD17245,HD 17245,41.8798,44.2722,6.45,Perseus
831,HR 831,42.3621,37.3264,6.45,Perseus
1068,HR 1068,53.3842,58.7652,6.45,Camelopardalis
1157,HR 1157,56.0266,-40.6603,6.45,Eridanus
HD23301,HD 23301,56.4046,38.6763,6.45,Perseus
HD26584,HD 26584,62.9839,-8.8375,6.45,Eridanus
1312,HR 1312,63.4090,-1.1497,6.45,Eridanus
HD27660,HD 27660,65.4063,-6.2842,6.45,Eridanus
1498,HR 1498,69.7679,-51.6728,6.45,Pictor
1619,HR 1619,75.5001,1.6089,6.45,Orion
HD34318,HD 34318,79.0440,-11.3526,6.45,Lepus
1768,22 Aur,80.8453,28.9368,6.45,Auriga
HD36814,HD 36814,83.5103,-7.0237,6.45,Orion
1921,HR 1921,84.7390,26.6181,6.45,Taurus
HD42787,HD 42787,93.2482,6.0163,6.45,Orion
2354,HR 2354,96.1108,-63.4289,6.45,Pictor
2376,7 Lyn,98.6367,55.3530,6.45,Lynx
2453,25 Gem,100.3371,28.1966,6.45,Gemini
2524,HR 2524,101.6736,-54.6950,6.45,Carina
2774,HR 2774,109.4500,-26.7976,6.45,Canis Major
2780,HR 2780,110.0285,15.1429,6.45,Gemini
3069,HR 3069,117.6771,-44.5799,6.45,Puppis
3096,HR 3096,118.8077,-30.9176,6.45,Puppis
HD65938,HD 65938,120.2642,-6.4192,6.45,Monoceros
HD69404,HD 69404,123.7135,-46.4859,6.45,Vela
3108,HR 3108,124.2248,84.0576,6.45,Camelopardalis
HD70309,HD 70309,124.7733,-48.1979,6.45,Vela
3435,HR 3435,129.6867,-53.0904,6.45,Vela
HD74685,HD 74685,131.3953,4.6644,6.45,Hydra
HD79994,HD 79994,139.2377,-11.1031,6.45,Hydra
HD81896,HD 81896,141.1547,-70.0758,6.45,Carina
HD83352,HD 83352,144.4414,-3.1706,6.45,Hydra
3878,HR 3878,146.3417,-30.2028,6.45,Antlia
3896,23 Leo,147.7583,13.0662,6.45,Leo
HD88158,HD 88158,151.9860,-62.2214,6.45,Carina
4005,HR 4005,153.1582,-19.1530,6.45,Hydra
4051,HR 4051,155.0618,53.7794,6.45,Ursa Major
HD90043,24 Sex,155.8682,-0.9022,6.45,Sextans
HD93131,HD 93131,160.9678,-60.1178,6.45,Carina
HD94508,HD 94508,163.3892,-56.4205,6.45,Vela
4261,HR 4261,163.7982,-20.6650,6.45,Hydra
HD99953,HD 99953,172.3131,-63.5539,6.45,Centaurus
4459,Formosa,173.7657,20.4415,6.45,Leo
4896,HR 4896,193.4088,-4.2247,6.45,Virgo
5098,HR 5098,203.1436,-29.5653,6.45,Hydra
5216,HR 5216,207.6156,58.5395,6.45,Ursa Major
HD123227,HD 123227,211.9231,-49.8676,6.45,Centaurus
5298,96 Vir,212.2525,-10.3345,6.45,Virgo
HD124678,HD 124678,213.6484,13.9755,6.45,Boötes
5374,HR 5374,215.0361,30.4291,6.45,Boötes
HD128563,HD 128563,219.3686,2.2772,6.45,Virgo
5579,HR 5579,224.8080,-37.8812,6.45,Centaurus
5759,HR 5759,232.2368,55.1949,6.45,Draco
5760,HR 5760,232.5949,31.2859,6.45,Corona Borealis
5816,HR 5816,234.6670,-8.7915,6.45,Libra
5841,HR 5841,234.7897,57.9244,6.45,Draco
5792,HR 5792,235.0483,-70.2279,6.45,Triangulum Australe
HD145936,HD 145936,243.4108,-1.4751,6.45,Serpens
6097,HR 6097,245.9863,-33.1994,6.45,Scorpius
HD149198,HD 149198,247.0881,67.0440,6.45,Draco
6236,HR 6236,252.6503,-50.0449,6.45,Ara
6362,HR 6362,256.2706,43.8122,6.45,Hercules
6552,HR 6552,270.3925,-85.2148,6.45,Octans
6854,HR 6854,274.5322,23.2969,6.45,Hercules
HD168871,HD 168871,276.1380,-49.6529,6.45,Telescopium
7019,HR 7019,280.0508,38.3672,6.45,Lyra
7041,HR 7041,280.8191,39.3001,6.45,Lyra
HD175390,HD 175390,284.1135,-31.6890,6.45,Sagittarius
7252,HR 7252,286.2910,49.9232,6.45,Draco
7556,HR 7556,297.4780,28.4397,6.45,Vulpecula
HD190322,HD 190322,300.9117,22.9411,6.45,Vulpecula
7663,HR 7663,302.0853,-66.3547,6.45,Pavo
7813,HR 7813,306.5049,19.8655,6.45,Delphinus
7853,HR 7853,308.7311,-38.0899,6.45,Microscopium
7916,HR 7916,309.7508,56.0048,6.45,Cygnus
7993,HR 7993,312.3225,64.0423,6.45,Cepheus
HD200887,HD 200887,316.9355,-45.3795,6.45,Indus
8136,HR 8136,318.9049,47.9740,6.45,Cygnus
HD202466,14 Aqr,319.0741,-9.2147,6.45,Aquarius
8166,HR 8166,320.2085,32.4522,6.45,Cygnus
8203,HR 8203,321.4649,0.5343,6.45,Aquarius
8250,HR 8250,323.6416,22.7545,6.45,Pegasus
8342,HR 8342,326.7536,70.1509,6.45,Cepheus
8405,13 PsA,331.0993,-29.9165,6.45,Piscis Austrinus
8459,28 Peg,332.6258,20.9780,6.45,Pegasus
HD212334,HD 212334,335.7095,36.6590,6.45,Lacerta
8645,HR 8645,340.7642,-8.3114,6.45,Aquarius
HD215588,HD 215588,341.2653,58.1471,6.45,Cepheus
8922,HR 8922,352.2737,23.0481,6.45,Pegasus
HD224186,HD 224186,358.9778,15.2303,6.45,Pegasus
HD224349,HD 224349,359.2921,-20.8336,6.45,Cetus
6263,HR 6263,253.5492,-41.8503,6.45,Scorpius
9096,HR 9096,0.7827,-24.1451,6.46,Cetus
66,HR 66,4.3863,-19.0511,6.46,Cetus
HD1601,HD 1601,5.1289,48.9686,6.46,Cassiopeia
HD5418,HD 5418,14.0380,13.9520,6.46,Pisces
289,HR 289,15.7563,47.3762,6.46,Andromeda
286,HR 286,23.4523,89.0156,6.46,Ursa Minor
HD12116,HD 12116,29.6917,-11.3010,6.46,Cetus
HD12927,HD 12927,33.2082,79.6915,6.46,Cepheus
839,HR 839,42.9412,58.3143,6.46,Cassiopeia
HD20096,HD 20096,48.9528,50.9559,6.46,Perseus
1161,HR 1161,57.3323,57.1183,6.46,Camelopardalis
1227,HR 1227,58.6415,-52.6904,6.46,Dorado
1540,HR 1540,71.2413,-63.2297,6.46,Dorado
1468,HR 1468,71.5018,76.6110,6.46,Camelopardalis
1602,6 Aur,75.0967,39.6547,6.46,Auriga
1957,HR 1957,85.1925,-10.4087,6.46,Orion
HD42132,HD 42132,92.1988,-6.8214,6.46,Monoceros
2848,HR 2848,101.7438,-87.0250,6.46,Octans
2547,Psi-8 Aur,103.4878,38.5050,6.46,Auriga
2638,HR 2638,104.6516,-56.3948,6.46,Carina
HD54967,HD 54967,106.8178,-59.7164,6.46,Carina
2711,HR 2711,108.2045,27.2248,6.46,Gemini
2989,HR 2989,116.0318,2.4054,6.46,Canis Minor
HD63399,HD 63399,116.8108,-36.0736,6.46,Puppis
HD65638,HD 65638,119.4783,-40.7844,6.46,Puppis
HD68478,HD 68478,122.5857,-49.2373,6.46,Vela
3424,HR 3424,129.8523,8.0176,6.46,Cancer
3446,HR 3446,130.5409,-11.9660,6.46,Hydra
HD78005,HD 78005,136.0241,-47.4415,6.46,Vela
3606,HR 3606,136.2295,32.3768,6.46,Cancer
HD79481,HD 79481,138.5129,-14.6948,6.46,Hydra
3774,HR 3774,144.0283,74.3188,6.46,Draco
4027,24 LMi,154.1170,28.6825,6.46,Leo Minor
HD93738,HD 93738,161.9731,-64.2628,6.46,Carina
HD98176,HD 98176,169.3097,-41.9343,6.46,Centaurus
HD98671,HD 98671,169.9617,-72.9583,6.46,Musca
HD101205,HD 101205,174.5849,-63.3727,6.46,Centaurus
4557,HR 4557,178.6078,-37.7489,6.46,Centaurus
4708,17 Vir,185.6335,5.3054,6.46,Virgo
4774,HR 4774,188.0183,-32.5338,6.46,Hydra
4804,HR 4804,189.8109,-75.3706,6.46,Musca
5007,HR 5007,199.0595,19.0517,6.46,Coma Berenices
5131,HR 5131,203.6783,76.5467,6.46,Camelopardalis
5104,HR 5104,203.6816,-33.3109,6.46,Centaurus
5137,HR 5137,204.7595,18.2653,6.46,Boötes
5403,HR 5403,217.1813,-59.1975,6.46,Centaurus
5451,HR 5451,218.5659,57.0653,6.46,Draco
HD135430,HD 135430,229.2159,-47.8645,6.46,Lupus
HD136801,30 Lib,230.7574,-15.1340,6.46,Libra
5813,HR 5813,234.2226,29.9912,6.46,Corona Borealis
5836,HR 5836,235.9803,-60.2872,6.46,Norma
HD143658,HD 143658,241.0889,-53.7104,6.46,Norma
HD148531,HD 148531,247.1763,0.0549,6.46,Ophiuchus
6144,HR 6144,247.6251,-7.5145,6.46,Ophiuchus
6211,HR 6211,250.9113,-32.1059,6.46,Scorpius
HD152010,HD 152010,254.2544,-71.1116,6.46,Apus
6383,HR 6383,257.0712,50.8423,6.46,Draco
HD155985,HD 155985,259.2731,-44.7786,6.46,Scorpius
6449,HR 6449,260.2193,-10.6964,6.46,Serpens
HD158259,HD 158259,261.3504,52.7907,6.46,Draco
6678,HR 6678,269.2329,-40.3056,6.46,Scorpius
HD164896,HD 164896,271.5384,-51.7439,6.46,Ara
6856,HR 6856,275.2299,-37.4876,6.46,Corona Australis
7072,HR 7072,282.1892,-18.6012,6.46,Sagittarius
HD180377,HD 180377,288.8890,18.5164,6.46,Sagitta
HD187614,HD 187614,297.4826,27.0852,6.46,Vulpecula
7632,HR 7632,299.1882,50.9025,6.46,Cygnus
HD190879,HD 190879,302.2660,-47.0679,6.46,Telescopium
7777,HR 7777,304.7070,46.3222,6.46,Cygnus
7765,HR 7765,305.2162,-35.6737,6.46,Sagittarius
HD196676,HD 196676,309.7744,-4.9295,6.46,Aquarius
8107,HR 8107,317.6290,47.6922,6.46,Cygnus
8193,HR 8193,320.9516,37.3515,6.46,Cygnus
8303,HR 8303,326.3280,-49.4988,6.46,Indus
8391,HR 8391,330.1113,33.0059,6.46,Pegasus
HD211660,HD 211660,334.3680,49.1270,6.46,Lacerta
HD212136,HD 212136,335.1615,58.4099,6.46,Cepheus
8517,HR 8517,335.2502,26.9352,6.46,Pegasus
8549,HR 8549,336.6898,37.4437,6.46,Lacerta
8614,HR 8614,339.6861,-28.7482,6.46,Piscis Austrinus
8705,HR 8705,343.2177,50.4123,6.46,Lacerta
8745,HR 8745,344.7875,59.8147,6.46,Cepheus
8760,HR 8760,345.6421,-36.4209,6.46,Grus
HD220466,HD 220466,351.0166,-21.7744,6.46,Aquarius
9000,HR 9000,356.2016,55.7997,6.46,Cassiopeia
HD225292,HD 225292,1.2549,27.6748,6.47,Pegasus
HD434,HD 434,2.2507,28.2475,6.47,Pegasus
72,HR 72,4.6744,-8.0530,6.47,Cetus
137,16 Cas,8.6037,66.7504,6.47,Cassiopeia
206,HR 206,11.4238,-16.4242,6.47,Cetus
277,HR 277,14.5787,21.4045,6.47,Pisces
HD6037,HD 6037,15.4110,-16.2656,6.47,Cetus
681,Mira,34.8366,-2.9776,6.47,Cetus
700,HR 700,35.7775,-37.5761,6.47,Fornax
827,HR 827,41.7964,-22.4857,6.47,Eridanus
HD18292,HD 18292,43.2277,-65.4553,6.47,Horologium
HD19243,HD 19243,47.2258,62.3846,6.47,Cassiopeia
HD21032,HD 21032,50.9013,0.9101,6.47,Taurus
HD21242,HD 21242,51.6474,28.7151,6.47,Aries
HD23822,26 Tau,57.2372,23.8571,6.47,Taurus
HD24098,HD 24098,57.5673,-1.5226,6.47,Eridanus
1258,HR 1258,60.8531,-20.1438,6.47,Eridanus
1301,HR 1301,63.4988,37.9671,6.47,Perseus
1425,HR 1425,67.5095,10.2622,6.47,Taurus
HD33095,HD 33095,76.7906,-19.3919,6.47,Lepus
HD35137,HD 35137,80.4805,-17.6036,6.47,Lepus
HD38263,HD 38263,86.2554,12.8883,6.47,Taurus
HD38229,HD 38229,86.7502,51.5209,6.47,Auriga
2043,HR 2043,87.9983,-29.4494,6.47,Columba
HD44061,HD 44061,95.7765,56.9763,6.47,Lynx
2336,HR 2336,95.9455,-58.5439,6.47,Pictor
HD49219,HD 49219,101.0533,-54.6955,6.47,Carina
2489,32 Gem,101.4758,12.6936,6.47,Gemini
2579,HR 2579,103.1964,-43.9756,6.47,Puppis
2687,HR 2687,106.3182,-50.3600,6.47,Puppis
2712,HR 2712,106.5596,-68.8376,6.47,Volans
2669,HR 2669,106.8537,28.1767,6.47,Gemini
2817,HR 2817,111.1152,15.5172,6.47,Gemini
2809,HR 2809,111.8577,66.3316,6.47,Camelopardalis
HD67542,HD 67542,122.3966,29.0931,6.47,Cancer
3228,HR 3228,123.5464,17.6760,6.47,Cancer
3274,HR 3274,124.4823,-59.1668,6.47,Carina
3401,HR 3401,129.7920,59.9391,6.47,Ursa Major
HD76478,HD 76478,133.9770,-15.4395,6.47,Hydra
3620,HR 3620,137.0173,32.5404,6.47,Cancer
3735,HR 3735,140.9370,-37.7569,6.47,Vela
3883,HR 3883,146.4193,-57.1860,6.47,Carina
HD86320,HD 86320,147.7533,-80.0611,6.47,Chamaeleon
4014,22 LMi,153.7764,31.4681,6.47,Leo Minor
4071,HR 4071,155.3694,-23.7108,6.47,Hydra
HD93695,HD 93695,161.9347,-59.8753,6.47,Carina
4331,HR 4331,167.0657,-29.9725,6.47,Hydra
4562,HR 4562,178.8086,36.7564,6.47,Ursa Major
4642,HR 4642,183.0042,28.5363,6.47,Coma Berenices
HD107415,HD 107415,185.2030,15.5410,6.47,Coma Berenices
HD107794,HD 107794,185.8140,-4.9745,6.47,Virgo
4861,28 Com,192.0597,13.5530,6.47,Coma Berenices
5177,HR 5177,206.3049,55.8793,6.47,Ursa Major
5302,HR 5302,212.1921,59.3376,6.47,Ursa Major
HD124973,HD 124973,214.2031,-8.8845,6.47,Virgo
5353,HR 5353,214.5030,-7.5424,6.47,Virgo
5372,HR 5372,214.7330,54.8638,6.47,Boötes
5655,HR 5655,228.3225,-24.0083,6.47,Libra
5657,23 Lib,228.3696,-25.3093,6.47,Libra
HD135944,HD 135944,228.9612,50.9385,6.47,Boötes
HD135615,HD 135615,228.9732,6.4648,6.47,Serpens
HD145050,HD 145050,242.1521,8.6132,6.47,Serpens
HD150381,HD 150381,250.2350,-8.3096,6.47,Ophiuchus
HD150420,HD 150420,250.6212,-37.0794,6.47,Scorpius
HD150897,HD 150897,251.5266,-46.5320,6.47,Ara
HD153389,HD 153389,256.1404,-68.2787,6.47,Triangulum Australe
6521,HR 6521,262.5944,11.9240,6.47,Ophiuchus
6545,52 Oph,263.8271,-22.0438,6.47,Ophiuchus
6641,HR 6641,266.7835,47.6122,6.47,Hercules
6796,HR 6796,273.5681,-63.6897,6.47,Pavo
HD171586,HD 171586,278.9020,4.9360,6.47,Serpens
7005,HR 7005,280.3779,-48.0947,6.47,Telescopium
HD174407,HD 174407,283.0497,-41.7092,6.47,Corona Australis
7111,HR 7111,284.2279,-62.8019,6.47,Pavo
7184,HR 7184,284.3686,58.2250,6.47,Draco
7198,HR 7198,285.2726,19.3096,6.47,Sagitta
7288,HR 7288,288.4334,5.5156,6.47,Aquila
HD185394,HD 185394,293.6931,63.4342,6.47,Draco
7465,HR 7465,293.9831,50.2386,6.47,Cygnus
7477,HR 7477,294.4863,49.2844,6.47,Cygnus
7516,HR 7516,296.4676,-2.8835,6.47,Aquila
HD187150,HD 187150,297.2091,-12.3194,6.47,Sagittarius
HD187734,HD 187734,297.8618,4.0886,6.47,Aquila
7571,HR 7571,298.2766,-14.6032,6.47,Sagittarius
7585,HR 7585,298.7713,-33.0463,6.47,Sagittarius
7681,HR 7681,301.5509,-4.0782,6.47,Aquila
HD190580,HD 190580,302.0398,-52.5778,6.47,Telescopium
HD192086,HD 192086,303.2684,-0.3308,6.47,Aquila
HD191732,HD 191732,303.3849,-47.7132,6.47,Telescopium
7734,HR 7734,303.5203,36.6049,6.47,Cygnus
7757,HR 7757,304.1173,37.0564,6.47,Cygnus
HD195690,HD 195690,307.9011,34.3304,6.47,Cygnus
HD195617,HD 195617,308.0851,2.1328,6.47,Aquila
HD197900,HD 197900,312.0767,-44.1968,6.47,Microscopium
HD200030,HD 200030,314.8526,42.3245,6.47,Cygnus
HD201242,HD 201242,317.3430,-36.7059,6.47,Microscopium
8102,HR 8102,317.9222,-14.4724,6.47,Aquarius
HD203607,HD 203607,320.9829,-25.2025,6.47,Capricornus
8201,HR 8201,323.3378,-80.0394,6.47,Octans
HD205422,HD 205422,323.6913,18.3289,6.47,Pegasus
HD205938,HD 205938,323.8580,68.2193,6.47,Cepheus
HD206689,HD 206689,325.9157,7.5287,6.47,Pegasus
HD215473,HD 215473,341.2207,39.2010,6.47,Lacerta
8686,HR 8686,342.9374,-59.8814,6.47,Tucana
HD218497,HD 218497,347.4364,-67.8763,6.47,Indus
8809,HR 8809,347.5505,-66.8576,6.47,Indus
HD219196,HD 219196,348.4973,19.6339,6.47,Pegasus
8908,HR 8908,351.7810,-66.5809,6.47,Tucana
HD221833,15 Psc,353.8691,1.3131,6.47,Pisces
9015,HR 9015,357.2057,2.2144,6.47,Pisces
9028,HR 9028,357.5925,51.6217,6.47,Cassiopeia
9063,HR 9063,359.3897,60.0236,6.47,Cassiopeia
HD2035,43 Psc,6.1590,14.3155,6.48,Pisces
HD5927,HD 5927,15.3627,49.5442,6.48,Cassiopeia
287,HR 287,15.5769,51.0349,6.48,Cassiopeia
HD11884,HD 11884,29.4968,47.0955,6.48,Andromeda
630,HR 630,32.3950,-24.3458,6.48,Fornax
654,HR 654,34.2155,57.0552,6.48,Perseus
765,30 Ari,39.2522,24.6472,6.48,Aries
780,HR 780,39.6034,-37.9905,6.48,Fornax
HD17001,HD 17001,40.8705,-2.5315,6.48,Cetus
826,HR 826,41.6879,-21.6395,6.48,Eridanus
HD18878,HD 18878,45.9864,47.8485,6.48,Perseus
HD22333,HD 22333,53.7183,-25.5828,6.48,Fornax
1642,HR 1642,76.3837,19.8067,6.48,Taurus
HD33632,HD 33632,78.3228,37.3373,6.48,Auriga
1742,HR 1742,78.9117,-52.1822,6.48,Pictor
HD34450,HD 34450,81.2476,73.7072,6.48,Camelopardalis
HD38524,HD 38524,86.8944,25.5686,6.48,Taurus
2114,HR 2114,89.3099,-53.4257,6.48,Pictor
2178,HR 2178,91.7578,-45.0915,6.48,Puppis
2204,HR 2204,92.3476,-49.5628,6.48,Puppis
HD41782,39 Cam,92.8068,60.4535,6.48,Camelopardalis
2353,HR 2353,96.7816,-37.8955,6.48,Columba
2347,HR 2347,97.0699,1.9127,6.48,Monoceros
HD47579,HD 47579,99.5955,-23.5803,6.48,Canis Major
2452,HR 2452,100.4073,35.9319,6.48,Auriga
HD51021,HD 51021,104.3271,37.3947,6.48,Auriga
2679,HR 2679,106.6499,-12.3939,6.48,Canis Major
HD56171,HD 56171,109.4277,38.8763,6.48,Auriga
3119,HR 3119,120.6492,57.2736,6.48,Lynx
HD67539,HD 67539,122.8252,54.5402,6.48,Lynx
HD68763,HD 68763,123.0252,-43.4004,6.48,Vela
HD68667,HD 68667,123.3407,-1.1659,6.48,Hydra
3372,34 Cnc,128.1661,10.0660,6.48,Cancer
3388,HR 3388,128.3328,-38.3707,6.48,Vela
HD75098,HD 75098,131.8395,-17.0529,6.48,Hydra
3507,HR 3507,132.4373,-21.0484,6.48,Pyxis
HD78614,HD 78614,137.1855,-16.2773,6.48,Hydra
3647,HR 3647,137.4375,-49.4244,6.48,Vela
3635,HR 3635,137.4434,11.5644,6.48,Cancer
3657,HR 3657,138.4053,21.2832,6.48,Cancer
3823,HR 3823,143.7993,-35.8237,6.48,Antlia
HD85461,HD 85461,147.9217,-11.3405,6.48,Sextans
3936,HR 3936,149.6085,27.7590,6.48,Leo
HD88862,HD 88862,153.3429,-56.5867,6.48,Vela
HD89328,HD 89328,154.3341,-46.8349,6.48,Vela
HD89221,HD 89221,154.6368,43.0484,6.48,Ursa Major
4121,HR 4121,159.0084,80.4946,6.48,Draco
HD95122,HD 95122,164.3342,-69.0381,6.48,Carina
HD95716,HD 95716,165.5577,-41.1141,6.48,Vela
4322,64 Leo,166.9154,23.3238,6.48,Leo
HD101805,HD 101805,175.5619,-75.2273,6.48,Musca
4525,HR 4525,176.8160,-30.2865,6.48,Hydra
4542,HR 4542,177.6549,-27.2779,6.48,Hydra
HD104839,HD 104839,181.0696,-51.4725,6.48,Centaurus
HD105822,HD 105822,182.7551,-68.2610,6.48,Musca
HD107814,HD 107814,185.8286,-11.8121,6.48,Corvus
4877,HR 4877,192.8455,-10.3382,6.48,Virgo
HD112381,HD 112381,194.2426,-54.5873,6.48,Centaurus
5046,HR 5046,200.9673,-49.8228,6.48,Centaurus
5090,HR 5090,202.8882,-28.1127,6.48,Hydra
5114,HR 5114,203.8893,10.2050,6.48,Virgo
5126,HR 5126,204.1662,49.4866,6.48,Ursa Major
5117,HR 5117,204.2107,-34.4678,6.48,Centaurus
HD121197,HD 121197,208.2852,40.3380,6.48,Canes Venatici
5306,HR 5306,214.2298,-77.6642,6.48,Apus
5399,HR 5399,216.4490,-26.8522,6.48,Hydra
HD133469,HD 133469,226.3913,-30.5509,6.48,Lupus
HD133399,HD 133399,226.5101,-48.8834,6.48,Lupus
5850,HR 5850,235.7939,13.6677,6.48,Serpens
6052,HR 6052,243.1894,26.6706,6.48,Corona Borealis
HD149908,HD 149908,249.3907,5.2775,6.48,Hercules
HD151044,HD 151044,250.6157,49.9364,6.48,Hercules
6302,HR 6302,254.6732,-14.8697,6.48,Ophiuchus
HD153919,HD 153919,255.9866,-37.8441,6.48,Scorpius
6488,HR 6488,261.0094,38.5828,6.48,Hercules
HD157969,HD 157969,261.7912,-15.8534,6.48,Serpens
6539,HR 6539,263.9295,-37.4399,6.48,Scorpius
HD159558,HD 159558,265.1856,-67.8542,6.48,Apus
6634,HR 6634,268.3259,-65.4886,6.48,Pavo
6679,HR 6679,268.9790,-18.8022,6.48,Sagittarius
6718,HR 6718,269.7179,45.4762,6.48,Hercules
6976,HR 6976,278.6979,10.8920,6.48,Ophiuchus
HD174328,HD 174328,282.6299,-13.5723,6.48,Scutum
HD175093,HD 175093,283.8482,-37.3866,6.48,Corona Australis
7220,HR 7220,286.1006,-5.6848,6.48,Aquila
7330,HR 7330,290.3739,-34.9835,6.48,Sagittarius
HD183577,HD 183577,293.0585,-44.5464,6.48,Sagittarius
7932,HR 7932,310.8508,35.5878,6.48,Cygnus
HD200964,HD 200964,316.6660,3.8031,6.48,Equuleus
8132,HR 8132,319.1645,-1.6078,6.48,Aquarius
8345,HR 8345,327.4171,41.1488,6.48,Cygnus
HD213025,HD 213025,337.0464,27.0188,6.48,Pegasus
8721,HR 8721,344.1001,-31.5656,6.48,Piscis Austrinus
8861,HR 8861,349.4833,45.4889,6.48,Andromeda
HD224782,HD 224782,0.1430,-53.0977,6.49,Phoenix
58,HR 58,3.9789,-75.9116,6.49,Hydrus
172,HR 172,10.1191,-16.5167,6.49,Cetus
239,HR 239,12.5157,-43.3949,6.49,Phoenix
HD7107,HD 7107,17.8707,10.2919,6.49,Pisces
HD9811,HD 9811,24.4467,64.7394,6.49,Cassiopeia
HD13387,HD 13387,32.4519,-40.8665,6.49,Phoenix
HD13546,HD 13546,33.0657,2.7456,6.49,Cetus
1058,Chi-3 For,52.0480,-35.8534,6.49,Fornax
1033,HR 1033,52.0982,60.2557,6.49,Camelopardalis
1089,HR 1089,53.7045,6.4177,6.49,Taurus
HD22379,HD 22379,53.9885,-5.1250,6.49,Eridanus
1125,HR 1125,55.3075,-11.8024,6.49,Eridanus
1167,HR 1167,56.2103,-48.0613,6.49,Horologium
HD25225,HD 25225,61.7947,74.0004,6.49,Camelopardalis
HD26292,HD 26292,62.4292,3.3227,6.49,Taurus
HD29260,HD 29260,69.3116,18.5430,6.49,Taurus
1501,HR 1501,70.9510,32.8655,6.49,Auriga
1639,HR 1639,76.5038,35.9364,6.49,Auriga
1678,14 Cam,78.3803,62.6911,6.49,Camelopardalis
HD35184,HD 35184,78.8536,-73.5885,6.49,Mensa
1734,18 Aur,79.8489,33.9854,6.49,Auriga
1733,HR 1733,80.0097,44.4254,6.49,Auriga
1761,HR 1761,80.3304,4.0119,6.49,Orion
1785,HR 1785,80.8000,-26.7054,6.49,Lepus
HD35202,HD 35202,81.1867,36.1999,6.49,Auriga
HD36150,HD 36150,82.4234,-0.8025,6.49,Orion
1942,HR 1942,84.8785,-9.7066,6.49,Orion
HD38058,HD 38058,86.8844,63.5988,6.49,Camelopardalis
HD40650,HD 40650,90.6881,47.8095,6.49,Auriga
HD44379,HD 44379,95.1465,-23.6380,6.49,Canis Major
HD49364,HD 49364,102.4345,37.5127,6.49,Auriga
2627,HR 2627,105.1639,-9.2030,6.49,Monoceros
2617,HR 2617,106.4651,70.7319,6.49,Camelopardalis
HD59640,HD 59640,111.1547,-71.4707,6.49,Volans
HD63734,HD 63734,117.4198,-19.5055,6.49,Puppis
HD63798,HD 63798,117.7129,4.4595,6.49,Canis Minor
HD63588,HD 63588,117.8139,37.0821,6.49,Lynx
HD69168,HD 69168,123.4402,-46.5787,6.49,Vela
HD71805,HD 71805,126.7407,-52.7049,6.49,Vela
HD72752,HD 72752,128.1688,-47.0421,6.49,Vela
HD75989,HD 75989,132.9816,-40.9866,6.49,Vela
3533,HR 3533,133.1089,-32.5093,6.49,Pyxis
HD76908,HD 76908,134.8620,13.0744,6.49,Cancer
3650,Pi-1 Cnc,138.0732,14.9960,6.49,Cancer
HD82408,HD 82408,143.2969,45.5138,6.49,Ursa Major
3869,HR 3869,146.1250,18.8635,6.49,Leo
HD84680,HD 84680,146.8425,23.6477,6.49,Leo
HD90250,29 LMi,156.4372,35.4254,6.49,Leo Minor
4152,HR 4152,158.9119,-18.5690,6.49,Hydra
4414,83 Leo,171.6888,3.0131,6.49,Leo
HD100456,HD 100456,173.4014,2.4990,6.49,Leo
HD100858,HD 100858,174.4263,77.5957,6.49,Draco
4481,HR 4481,174.7047,64.3470,6.49,Ursa Major
HD104078,HD 104078,179.7890,-10.4759,6.49,Virgo
4584,HR 4584,179.9891,34.0347,6.49,Ursa Major
HD105113,HD 105113,181.5217,-32.9612,6.49,Hydra
4978,HR 4978,197.9133,-26.5517,6.49,Hydra
HD115404,HD 115404,199.2126,17.0172,6.49,Coma Berenices
HD117033,HD 117033,202.0078,-26.4022,6.49,Hydra
5077,HR 5077,202.1093,40.7296,6.49,Canes Venatici
5129,HR 5129,204.5329,14.3019,6.49,Boötes
HD118970,HD 118970,204.8121,51.8042,6.49,Ursa Major
5256,HR 5256,209.3837,61.4929,6.49,Ursa Major
5252,HR 5252,210.0726,-61.4810,6.49,Centaurus
5393,HR 5393,216.1702,-11.6697,6.49,Libra
HD126363,HD 126363,216.3233,-13.3532,6.49,Libra
5438,HR 5438,218.7114,-20.4394,6.49,Libra
HD128154,HD 128154,219.3018,-53.0608,6.49,Lupus
5537,HR 5537,222.3849,51.3745,6.49,Boötes
HD133557,HD 133557,226.9840,-61.1287,6.49,Circinus
HD134758,HD 134758,228.0501,-19.1065,6.49,Libra
HD136607,HD 136607,230.8541,-46.1404,6.49,Lupus
5491,HR 5491,232.0860,-88.1330,6.49,Octans
5753,HR 5753,232.9593,-32.8811,6.49,Lupus
5783,HR 5783,233.4696,17.1374,6.49,Serpens
5856,HR 5856,236.5536,-28.0615,6.49,Libra
6137,HR 6137,247.2040,-8.1288,6.49,Ophiuchus
HD152220,HD 152220,253.6315,-49.7108,6.49,Ara
6514,HR 6514,261.5202,58.6519,6.49,Draco
HD165338,HD 165338,277.0265,-84.3873,6.49,Octans
6950,HR 6950,277.6735,20.8150,6.49,Hercules
6969,HR 6969,278.8389,-20.8404,6.49,Sagittarius
6989,HR 6989,279.5187,-14.0048,6.49,Scutum
6999,HR 6999,279.5992,-3.1936,6.49,Serpens
7033,HR 7033,280.5337,34.7463,6.49,Lyra
HD174005,HD 174005,282.1646,-6.0043,6.49,Scutum
7156,HR 7156,284.7957,-39.5347,6.49,Corona Australis
HD175007,HD 175007,284.8720,-70.4687,6.49,Pavo
7500,HR 7500,295.0550,60.5071,6.49,Draco
7554,HR 7554,297.5728,7.9024,6.49,Aquila
7594,57 Aql,298.6586,-8.2370,6.49,Aquila
7599,HR 7599,298.8312,-6.7348,6.49,Aquila
HD189671,HD 189671,300.0640,26.1879,6.49,Vulpecula
HD191892,HD 191892,302.3432,56.0268,6.49,Cygnus
7786,HR 7786,304.9835,46.8373,6.49,Cygnus
HD192887,HD 192887,305.3682,-66.7497,6.49,Pavo
7815,HR 7815,306.1348,53.5519,6.49,Cygnus
7862,HR 7862,308.5416,20.9852,6.49,Vulpecula
7935,HR 7935,311.5775,-36.1202,6.49,Microscopium
HD206429,HD 206429,325.9962,-57.3252,6.49,Indus
HD207826,HD 207826,327.2838,66.7920,6.49,Cepheus
8659,HR 8659,341.6178,-49.6858,6.49,Grus
HD215562,HD 215562,341.8987,-65.5603,6.49,Tucana
8847,HR 8847,349.2077,-41.1944,6.49,Grus
HD219823,HD 219823,349.7637,-28.3878,6.49,Sculptor
8973,HR 8973,355.0118,37.6526,6.49,Andromeda
HD223549,HD 223549,357.6485,-47.3769,6.49,Phoenix
HD224890,HD 224890,0.4140,73.6118,6.50,Cepheus
HD800,HD 800,3.1423,44.7072,6.50,Andromeda
61,HR 61,4.1764,-20.2101,6.50,Cetus
393,43 Cet,20.6451,-0.4497,6.50,Cetus
HD8713,HD 8713,21.4682,-3.9274,6.50,Cetus
HD13218,HD 13218,32.0237,-41.8804,6.50,Phoenix
HD13519,HD 13519,33.3896,53.0586,6.50,Perseus
684,HR 684,34.9199,-4.3456,6.50,Cetus
733,HR 733,37.5572,-25.1864,6.50,Fornax
HD19439,HD 19439,47.7532,64.8963,6.50,Cassiopeia
HD21360,HD 21360,51.1509,-51.0627,6.50,Horologium
HD21684,HD 21684,52.8762,40.7599,6.50,Perseus
1103,HR 1103,54.7503,20.9158,6.50,Taurus
HD23308,HD 23308,55.5411,-45.9579,6.50,Horologium
HD28568,HD 28568,67.6950,16.1487,6.50,Taurus
1578,HR 1578,73.9931,5.3990,6.50,Orion
1616,HR 1616,82.9500,85.9385,6.50,Cepheus
1850,HR 1850,83.3642,32.8012,6.50,Auriga
HD38200,HD 38200,86.3733,31.3248,6.50,Auriga
HD40568,HD 40568,90.7680,57.0183,6.50,Camelopardalis
HD45418,9 Mon,96.7536,-4.3557,6.50,Monoceros
2505,HR 2505,100.2399,-71.7752,6.50,Volans
2670,HR 2670,106.4568,-10.6601,6.50,Monoceros
HD54986,HD 54986,107.9452,16.9763,6.50,Gemini
2956,HR 2956,114.8624,-26.8631,6.50,Puppis
HD62286,HD 62286,115.8383,4.9458,6.50,Canis Minor
2977,49 Cam,116.6143,62.8305,6.50,Camelopardalis
HD63630,HD 63630,118.0161,45.9330,6.50,Lynx
HD65392,HD 65392,119.9641,36.0821,6.50,Lynx
HD67408,HD 67408,121.8167,-17.3687,6.50,Puppis
3258,HR 3258,125.1213,53.5741,6.50,Lynx
3344,HR 3344,127.1502,-23.0710,6.50,Pyxis
HD72115,HD 72115,127.9221,18.9877,6.50,Cancer
3747,HR 3747,142.4491,55.7452,6.50,Ursa Major
3792,HR 3792,143.3262,28.3679,6.50,Leo
HD83564,HD 83564,145.3198,55.8665,6.50,Ursa Major
3855,HR 3855,145.7791,54.3637,6.50,Ursa Major
3920,HR 3920,148.2504,-55.3732,6.50,Vela
3953,HR 3953,150.1440,-56.9461,6.50,Vela
3978,HR 3978,151.5301,-52.1879,6.50,Vela
4068,HR 4068,155.2832,-17.9850,6.50,Hydra
HD92399,HD 92399,159.6891,-59.2624,6.50,Carina
HD99145,HD 99145,170.9856,-57.8804,6.50,Centaurus
HD106500,HD 106500,183.7767,-29.2373,6.50,Hydra
HD111572,HD 111572,192.4085,48.7400,6.50,Canes Venatici
4936,HR 4936,195.6685,59.7163,6.50,Ursa Major
HD114975,HD 114975,198.3998,36.8876,6.50,Canes Venatici
5070,HR 5070,201.5006,63.2613,6.50,Ursa Major
HD125076,HD 125076,214.0100,45.5663,6.50,Boötes
HD126009,HD 126009,215.5584,29.3699,6.50,Boötes
HD130021,HD 130021,222.4044,-68.9362,6.50,Circinus
5574,HR 5574,224.2650,21.5554,6.50,Boötes
HD135061,HD 135061,228.1965,10.7023,6.50,Serpens
HD136027,HD 136027,229.5943,0.9394,6.50,Serpens
HD136646,HD 136646,230.6884,-29.3419,6.50,Libra
HD144481,HD 144481,242.4966,-62.9672,6.50,Triangulum Australe
HD146740,HD 146740,244.4307,1.4967,6.50,Serpens
HD153234,HD 153234,255.0594,-44.9885,6.50,Scorpius
HD155951,HD 155951,259.7156,-62.8746,6.50,Ara
6441,HR 6441,260.1430,-19.3337,6.50,Ophiuchus
6827,HR 6827,272.7798,60.4095,6.50,Draco
6924,HR 6924,276.6705,26.4492,6.50,Hercules
HD169913,HD 169913,276.7869,-8.0404,6.50,Scutum
HD174152,HD 174152,282.7444,-41.0627,6.50,Corona Australis
7191,HR 7191,284.3222,62.3968,6.50,Draco
7425,HR 7425,288.7830,83.4627,6.50,Draco
7326,HR 7326,289.7017,19.6105,6.50,Sagitta
7366,HR 7366,291.2564,-4.8845,6.50,Aquila
7472,HR 7472,294.5741,20.7834,6.50,Vulpecula
7549,HR 7549,298.1630,-54.9764,6.50,Telescopium
HD190066,HD 190066,300.5921,22.1515,6.50,Vulpecula
7867,HR 7867,308.4523,41.7727,6.50,Cygnus
7967,HR 7967,311.1378,69.7518,6.50,Cepheus
7931,HR 7931,311.3047,-27.2473,6.50,Capricornus
HD198624,HD 198624,312.4070,50.1271,6.50,Cygnus
HD200465,HD 200465,315.5873,39.5090,6.50,Cygnus
8064,HR 8064,315.7026,45.8489,6.50,Cygnus
8054,HR 8054,315.7484,-0.9247,6.50,Aquarius
HD205603,HD 205603,324.0210,15.0820,6.50,Pegasus
HD208184,HD 208184,329.0143,-52.4638,6.50,Indus
HD208897,HD 208897,329.7487,19.0203,6.50,Pegasus
8422,HR 8422,331.4602,45.1125,6.50,Lacerta
HD210890,HD 210890,333.2917,18.2798,6.50,Pegasus
HD211076,HD 211076,333.5767,17.1893,6.50,Pegasus
8931,HR 8931,352.8813,-4.0874,6.50,Aquarius
